,pIC50,standard_units,molecule_dictionary.chembl_id,canonical_smiles
0,6.339419087572701,nM,CHEMBL101253,Clc1ccc(Nc2nnc(Cc3ccncc3)c3ccccc23)cc1
1,5.484536811626732,nM,CHEMBL1016,CCOc1nc2cccc(C(=O)O)c2n1Cc1ccc(-c2ccccc2-c2nnn[nH]2)cc1
2,5.136677139879545,nM,CHEMBL101683,O=C(Nc1ccc(Cl)cc1)c1ccccc1NCc1ccncc1
3,6.494850021680094,nM,CHEMBL102726,c1ccc(CNc2ncnc3ccccc23)cc1
4,5.3872161432802645,nM,CHEMBL103552,O=C(O)c1cc(N(Cc2ccccc2O)Cc2cc(O)ccc2O)ccc1O
5,5.481486060122113,nM,CHEMBL103860,O=C(O)c1cc(CCc2cc(O)ccc2O)ccc1O
6,4.158509134667,nM,CHEMBL104,Clc1ccccc1C(c1ccccc1)(c1ccccc1)n1ccnc1
7,6.657577319177793,nM,CHEMBL104153,COc1ccc(Nc2ncc3cc(-c4c(Cl)cccc4Cl)c(=O)n(C)c3n2)cc1
8,6.6777807052660805,nM,CHEMBL104244,CN1CCN(CCCCNc2ncc3cc(-c4c(Cl)cccc4Cl)c(=O)n(C)c3n2)CC1
9,5.431798275933005,nM,CHEMBL104466,COc1cc2ncc(N[C@H]3CC[C@H](O)CC3)nc2cc1OC
10,6.040958607678906,nM,CHEMBL104779,Cn1c(=O)c(-c2c(Cl)cccc2Cl)cc2cnc(Nc3ccncc3)nc21
11,8.481486060122112,nM,CHEMBL105053,C[C@@H](Nc1[nH]cnc2nc(-c3ccccc3)cc1-2)c1ccccc1
12,6.522878745280337,nM,CHEMBL105436,COc1cccc(-c2cn(-c3ccc(CCN(C)CCO)cc3)c3ncnc(N)c23)c1
13,5.346787486224656,nM,CHEMBL106232,CN1CCN(CCCCCNc2ncc3cc(-c4c(Cl)cccc4Cl)c(=O)n(C)c3n2)CC1
14,5.1249387366083,nM,CHEMBL107472,CNc1ncc2cc(-c3c(Cl)cccc3Cl)c(=O)n(C)c2n1
15,4.054039296422432,nM,CHEMBL1077068,CC1=C(C(=O)Nc2cccc([N+](=O)[O-])c2)C(c2ccc(O)cc2O)NC(Nc2ccc(S(=O)(=O)Nc3ncccn3)cc2)=N1
16,4.097997108649271,nM,CHEMBL1077069,CC1=C(C(=O)Nc2cccc([N+](=O)[O-])c2)C(c2ccc(O)cc2O)NC(Nc2ccc(S(=O)(=O)Nc3nc(C)cc(C)n3)cc2)=N1
17,4.093664958194911,nM,CHEMBL1077085,CC1=C(C(=O)Nc2cccc([N+](=O)[O-])c2)C(c2ccc(O)cc2O)NC(NN2C(=O)/C(=C\c3cccs3)SC2=S)=N1
18,4.319664486585437,nM,CHEMBL1077095,CC1=C(C(=O)Nc2cccc([N+](=O)[O-])c2)C(c2ccc(O)cc2O)NC(NN)=N1
19,4.003050751504619,nM,CHEMBL1077107,CC1=C(C(=O)Nc2cccc([N+](=O)[O-])c2)C(c2ccc(O)cc2O)NC(NN2C(=O)/C(=C\c3ccco3)SC2=S)=N1
20,4.11227020271197,nM,CHEMBL1080271,CCN(CC)CCNC(=O)c1cc2cnnc(Nc3ccc(OCc4cccc(F)c4)c(Cl)c3)c2[nH]1
21,4.8198741248359465,nM,CHEMBL1080272,O=C(NCCN1CCCC1)c1cc2cnnc(Nc3ccc(OCc4cccc(F)c4)c(Cl)c3)c2[nH]1
22,5.301029995663981,nM,CHEMBL1080506,Cc1c(C(=O)NCCN2CCOCC2)[nH]c2cnnc(Nc3ccc(OCc4cccc(F)c4)c(Cl)c3)c12
23,6.06198090252379,nM,CHEMBL1080812,Cc1c(C(=O)NCCN2CCOCC2)[nH]c2cnnc(Nc3ccc(OCc4ccccn4)c(Cl)c3)c12
24,5.568636235841013,nM,CHEMBL1080815,Clc1cccc(Nc2ncnc3ccc(Cl)cc23)c1
25,5.917214629683551,nM,CHEMBL1080990,CCOC(=O)c1[nH]c(C)c2cnnc(Nc3ccc(OCc4cccc(F)c4)c(Cl)c3)c12
26,4.301029995663981,nM,CHEMBL1081198,O=C(Nc1cccc(-c2cn3ccnc3c(NCc3ccncc3)n2)c1)Nc1cccc(C(F)(F)F)c1
27,6.585026652029182,nM,CHEMBL1081312,Nc1ncnc2c1c(-c1cnc3[nH]ccc3c1)nn2C1CCCC1
28,6.008773924307505,nM,CHEMBL1081849,Cc1c(C(=O)NCCCN2CCN(C)CC2)[nH]c2cnnc(Nc3ccc(OCc4cccc(F)c4)c(Cl)c3)c12
29,6.590066876668706,nM,CHEMBL1082012,Cc1c(C(=O)NCCN2CCN(C)CC2)[nH]c2cnnc(Nc3ccc(OCc4cccc(F)c4)c(Cl)c3)c12
30,4.029188389127483,nM,CHEMBL1087054,CC1=C(C(=O)Nc2ccc(C)cc2)C(c2ccc(O)cc2O)NC(SCc2ccccc2)=N1
31,4.254925208417943,nM,CHEMBL1087055,CC1=C(C(=O)Nc2cccc([N+](=O)[O-])c2)C(c2ccc(O)cc2O)NC(SCc2ccccc2)=N1
32,5.935542010773082,nM,CHEMBL1087368,CCN(CC)CCNC(=O)c1[nH]c2cnnc(Nc3ccc(OCc4cccc(F)c4)c(Cl)c3)c2c1C
33,5.481486060122113,nM,CHEMBL1088240,COc1cc(Nc2c(C#N)cnc3cc(/C=C/CCN4CCN(C)CC4)c(OC)cc23)c(Cl)cc1Cl
34,4.628932137728264,nM,CHEMBL1088348,CC1=C(C(=O)Nc2ccc(C)cc2)C(c2ccc(O)cc2O)NC(NCc2ccccc2)=N1
35,8.207608310501746,nM,CHEMBL1088931,O=C(Nc1cccc(-c2nc3sccn3c2-c2ccnc(Nc3cccc(N4CCOCC4)c3)n2)c1)c1c(F)cccc1F
36,8.769551078621726,nM,CHEMBL1089524,CN(C)CCCC(=O)Nc1ccc2nccc(Nc3cccc(Br)c3)c2c1
37,8.102372908709558,nM,CHEMBL1090350,O=C(Nc1cccc(-c2nc3sccn3c2-c2ccnc(Nc3ccc(N4CCOCC4)cc3)n2)c1)c1ccccc1
38,8.721246399047171,nM,CHEMBL1090351,O=C(Nc1cccc(-c2nc3sccn3c2-c2ccnc(Nc3ccc(N4CCOCC4)cc3)n2)c1)c1c(F)cccc1F
39,6.060480747381382,nM,CHEMBL1090352,O=C(CC1CCCCC1)Nc1cccc(-c2nc3sccn3c2-c2ccnc(Nc3ccc(N4CCOCC4)cc3)n2)c1
40,6.180456064458132,nM,CHEMBL1090353,O=C(CC1CCCC1)Nc1cccc(-c2nc3sccn3c2-c2ccnc(Nc3ccc(N4CCOCC4)cc3)n2)c1
41,7.0,nM,CHEMBL1090354,O=C(Nc1ccccc1)Nc1cccc(-c2nc3sccn3c2-c2ccnc(Nc3ccc(N4CCOCC4)cc3)n2)c1
42,6.721246399047171,nM,CHEMBL1090355,O=C(Nc1cccc(-c2nc3sccn3c2-c2ccnc(Nc3ccc(N4CCOCC4)cc3)n2)c1)Oc1ccccc1
43,9.10790539730952,nM,CHEMBL1090357,CN(C)CCc1ccc(Nc2nccc(-c3c(-c4cccc(NC(=O)c5c(F)cccc5F)c4)nc4sccn34)n2)cc1
44,9.017728766960431,nM,CHEMBL1090358,CCN1CCN(c2ccc(Nc3nccc(-c4c(-c5cccc(NC(=O)c6c(F)cccc6F)c5)nc5sccn45)n3)cc2)CC1
45,8.638272163982407,nM,CHEMBL1090359,O=C(Nc1cccc(-c2nc3sccn3c2-c2ccnc(Nc3ccc4c(c3)CCNC4)n2)c1)c1c(F)cccc1F
46,7.244125144327507,nM,CHEMBL1090361,CN1CCc2cc(Nc3nccc(-c4c(-c5cccc(NC(=O)Cc6ccccc6)c5)nc5sccn45)n3)ccc2C1
47,7.795880017344075,nM,CHEMBL1090362,CCN1CCN(c2ccc(Nc3nccc(-c4c(-c5cccc(NC(=O)Cc6ccccc6)c5)nc5sccn45)n3)cc2)CC1
48,7.619788758288394,nM,CHEMBL1090363,CN(C)CCc1cccc(Nc2nccc(-c3c(-c4cccc(NC(=O)Cc5ccccc5)c4)nc4sccn34)n2)c1
49,8.193820026016112,nM,CHEMBL1090364,O=C(Cc1ccccc1)Nc1cccc(-c2nc3sccn3c2-c2ccnc(Nc3ccc4c(c3)CCNC4)n2)c1
50,6.619788758288394,nM,CHEMBL1091613,O=C(Nc1cccc(-c2nc3sccn3c2-c2ccncc2)c1)c1ccccc1Cl
51,6.3799993576999325,nM,CHEMBL109212,CCOc1cc2ncc(C#N)c(Nc3cccc(Br)c3)c2cc1OCC
52,7.795880017344075,nM,CHEMBL1092382,CCC(=O)Nc1ccc2nccc(Nc3cccc(Br)c3)c2c1
53,4.0500000185820575,nM,CHEMBL109259,COc1cc2c(C#N)cnc(Nc3cccc(Cl)c3)c2cc1OC
54,5.346787486224656,nM,CHEMBL109296,CCNc1ncc2cc(-c3c(Cl)cccc3Cl)c(=O)n(C)c2n1
55,4.821886747685368,nM,CHEMBL1093099,Nc1nc(N)c2c(n1)[nH]c1cccc(Sc3ccccc3)c12
56,4.982549270489464,nM,CHEMBL1093100,Cc1ccc(Sc2cccc3[nH]c4nc(N)nc(N)c4c23)cc1
57,7.259637310505756,nM,CHEMBL1093234,O=C(Nc1cccc(-c2nc3sccn3c2-c2ccnc(Nc3ccccc3)n2)c1)c1ccccc1
58,6.638272163982407,nM,CHEMBL1093235,O=[N+]([O-])c1cccc(-c2nc3sccn3c2-c2ccnc(Nc3ccccc3)n2)c1
59,5.470000200122708,nM,CHEMBL109332,COc1cc2ncc(C=O)c(Nc3cccc(Br)c3)c2cc1OC
60,5.82999952673565,nM,CHEMBL109355,COc1cc2ncc(C#N)c(Nc3ccc(C)c(Cl)c3)c2cc1OC
61,7.080921907623926,nM,CHEMBL1093815,O=C(Nc1cccc(-c2nc3sccn3c2-c2ccnc(Nc3ccccc3)n2)c1)c1ccccc1Cl
62,5.716698771296451,nM,CHEMBL1094194,CSc1ccc(CCCCCn2cc(CCN)c3cc(OCCc4ccc(O)cc4)ccc32)cc1.Cl
63,5.974694134735231,nM,CHEMBL1094195,Cl.NCCc1cn(Cc2ccc(-c3cccc(C(F)(F)F)c3)cc2)c2ccc(OCCc3ccc(O)cc3)cc12
64,5.903089986991944,nM,CHEMBL1094196,COc1ccc(-c2ccc(Cn3cc(CCN)c4cc(OCCc5ccc(O)cc5)ccc43)cc2)cc1.Cl
65,6.740000204918113,nM,CHEMBL109428,COc1cc2ncc(C#N)c(Nc3cccc(Cl)c3)c2cc1OC
66,4.2580609222708015,nM,CHEMBL1094475,C#Cc1cccc(Nc2nc(N)nc3[nH]c(Cc4ccc(Cl)cc4Cl)cc23)c1
67,5.863279432843593,nM,CHEMBL1094492,COc1ccc(CCCCCn2c3c(c4cc(OCCc5ccc(O)cc5)ccc42)CC(N)CC3)cc1.Cl
68,5.559999795538785,nM,CHEMBL109476,COc1cc2ncc(C#N)c(Nc3ccc(C)cc3)c2cc1OC
69,4.480172006224281,nM,CHEMBL1094784,FC(F)(F)c1cccc(Nc2ncnc3[nH]c(Cc4ccc(Cl)cc4Cl)cc23)c1
70,4.03763066432998,nM,CHEMBL1094808,Nc1nc(Nc2ccc(C(F)(F)F)c(F)c2)c2cc(Cc3ccc(Cl)cc3Cl)[nH]c2n1
71,5.560667306169737,nM,CHEMBL1094825,Cl.NC1CCc2c(c3cc(OCCc4ccc(O)cc4)ccc3n2CCCCCc2ccc(C(F)(F)F)cc2)C1
72,5.610833915635467,nM,CHEMBL1094835,COc1ccc(CCOc2ccc3c(c2)c(CCN)cn3CCCCCc2ccc(SC)cc2)cc1.Cl
73,5.8399999311187,nM,CHEMBL109503,COc1cc2ncc(C#N)c(Nc3cccc(C(F)(F)F)c3)c2cc1OC
74,5.6020599913279625,nM,CHEMBL1095130,Nc1nc(Nc2ccc(Cl)cc2F)c2cc(Cc3ccc(Cl)cc3Cl)[nH]c2n1
75,3.791558643561433,nM,CHEMBL1095131,Nc1nc(Nc2cccc(F)c2)c2cc(Cc3ccc(Cl)cc3Cl)[nH]c2n1
76,5.959999285526681,nM,CHEMBL109515,COCCOc1cc2ncc(C#N)c(Nc3cccc(Br)c3)c2cc1OCCOC
77,5.886056647693163,nM,CHEMBL1095154,Cl.NCCc1cn(Cc2ccc(-c3ccccc3)cc2)c2ccc(OCCc3ccc(O)cc3)cc12
78,4.565431095965802,nM,CHEMBL1095445,Nc1nc(Nc2cccc(C(F)(F)F)c2)c2cc(Cc3ccc(Cl)cc3Cl)[nH]c2n1
79,4.341035157335566,nM,CHEMBL1095463,CC(C)c1ccc(Nc2nc(N)nc3[nH]c(Cc4ccc(Cl)cc4Cl)cc23)cc1
80,5.040958607678906,nM,CHEMBL1095464,Cc1ccccc1Cc1cc2c(Nc3cccc(Br)c3)nc(N)nc2[nH]1
81,5.759709106585415,nM,CHEMBL1095465,COc1ccc(OC)c(Cc2cc3c(Nc4cccc(Br)c4)nc(N)nc3[nH]2)c1
82,5.380000399499542,nM,CHEMBL109575,COc1cc2ncc(C#N)c(Nc3ccccc3Br)c2cc1OC
83,6.668621084159213,nM,CHEMBL1095761,Nc1nc(Nc2cccc(Br)c2)c2cc(Cc3ccc(Cl)cc3Cl)[nH]c2n1
84,4.015922966097169,nM,CHEMBL1095776,CC(C)c1ccccc1Nc1nc(N)nc2[nH]c(Cc3ccc(Cl)cc3Cl)cc12
85,4.210000001311123,nM,CHEMBL109625,COc1cc2ncc(C#N)c(Nc3cccc(C(C)C)c3)c2cc1OC
86,6.721246399047171,nM,CHEMBL109631,Cn1c(=O)c(-c2c(Cl)cccc2Cl)cc2cnc(Nc3cccc(C(=O)O)c3)nc21
87,5.6020599913279625,nM,CHEMBL1097189,Cl.NC1CCc2c(c3cc(OCCc4ccc(O)cc4)ccc3n2CCCc2ccccc2)C1
88,4.820448208834812,nM,CHEMBL1097190,Cl.NC1CCc2[nH]c3ccc(OCCc4ccc(O)cc4)cc3c2C1
89,4.25103713874384,nM,CHEMBL1097368,c1ccc(CCc2cc3c(Nc4ccc5[nH]ccc5c4)ncnc3[nH]2)cc1
90,5.787812395596042,nM,CHEMBL1098119,Cl.NCCc1cn(CCCCCc2ccccc2)c2ccc(OCCc3ccc(O)cc3)cc12
91,6.008773924307505,nM,CHEMBL1098120,Cl.NC1CCc2c(c3cc(OCCc4ccc(O)cc4)ccc3n2CCCCCc2ccccc2)C1
92,5.356547323513812,nM,CHEMBL1098121,COc1ccc(CCCCCn2cc(CCN)c3cc(OCCc4ccc(O)cc4)ccc32)cc1.Cl
93,6.0699989989909255,nM,CHEMBL110035,COc1cc2ncc(C#N)c(Nc3cccc(N(C)C)c3)c2cc1OC
94,6.090000275786018,nM,CHEMBL110036,COc1cc2ncc(C#N)c(Nc3cccc(N)c3)c2cc1OC
95,6.209996479609511,nM,CHEMBL110055,COc1cc2ncc(C#N)c(Nc3ccc(Br)c(C)c3)c2cc1OC
96,5.169999984192582,nM,CHEMBL110062,N#Cc1cnc2cc3c(cc2c1Nc1cccc(Br)c1)OCO3
97,4.480000028175458,nM,CHEMBL110065,CCOc1cc2c(Nc3cccc(Br)c3)c(C#N)cnc2cc1OC
98,5.200000237109354,nM,CHEMBL110577,COc1cc2ncc(C#N)c(Nc3cccc(O)c3)c2cc1OC
99,5.039999923502187,nM,CHEMBL110945,COc1cc2ncc(C#N)c(Nc3ccc(O)c(Cl)c3)c2cc1OC
100,4.849999859991125,nM,CHEMBL111033,COc1cc2ncc(C#N)c(Nc3cccc(C#N)c3)c2cc1OC
101,7.522878745280337,nM,CHEMBL111197,COc1cccc(Nc2ncc3cc(-c4c(Cl)cccc4Cl)c(=O)n(C)c3n2)c1
102,5.169999984192582,nM,CHEMBL111222,COCOc1cc2ncc(C#N)c(Nc3cccc(Br)c3)c2cc1OCOC
103,5.749999855918707,nM,CHEMBL111307,COc1cc2ncc(C#N)c(Nc3ccc(C)c(Br)c3)c2cc1OC
104,6.318758762624412,nM,CHEMBL111339,Cc1ccc(Nc2ncc3cc(-c4c(Cl)cccc4Cl)c(=O)n(C)c3n2)cc1
105,5.886056647693163,nM,CHEMBL111365,COc1ccc(Nc2ncc3cc(-c4c(Cl)cccc4Cl)c(=O)n(C)c3n2)cn1
106,6.173925197299174,nM,CHEMBL111434,Cn1c(=O)c(-c2c(Cl)cccc2Cl)cc2cnc(Nc3cccc(Br)c3)nc21
107,4.6700000181810175,nM,CHEMBL111443,CCOc1cc2ncc(C#N)c(Nc3cccc(Br)c3)c2cc1OC
108,6.060001790087838,nM,CHEMBL111520,COc1cc2ncc(C#N)c(Nc3cccc([N+](=O)[O-])c3)c2cc1OC
109,6.459996055149974,nM,CHEMBL111586,N#Cc1cnc2cc(O)c(O)cc2c1Nc1cccc(Br)c1
110,4.860000083248981,nM,CHEMBL111664,COc1cc2ncc(C#N)c(Nc3ccc(Cl)cc3F)c2cc1OC
111,6.799998134593398,nM,CHEMBL111688,COc1cc2ncc(C#N)c(Nc3ccc(F)c(C(F)(F)F)c3)c2cc1OC
112,6.4399976732266335,nM,CHEMBL112096,COc1cc2ncc(C#N)c(Nc3ccccc3C(C)C)c2cc1OC
113,6.080001969035981,nM,CHEMBL112225,COc1cc2ncc(C#N)c(Nc3cccc(Br)c3C)c2cc1OC
114,5.060480747381382,nM,CHEMBL112925,Nc1ccc(-c2cc(=O)c3cc(N)ccc3o2)cc1
115,6.6020599913279625,nM,CHEMBL113023,COc1ccc(Nc2ncc3cc(-c4c(Cl)cccc4Cl)c(=O)n(C)c3n2)cc1C
116,7.096910013008056,nM,CHEMBL113070,Cn1c(=O)c(-c2c(Cl)cccc2Cl)cc2cnc(Nc3ccc(CCCC(=O)O)cc3)nc21
117,5.292429823902063,nM,CHEMBL113185,COc1cc(Nc2nccc(-c3ccc(NCCN)nc3)n2)cc(OC)c1OC
118,5.660000322371772,nM,CHEMBL113535,COc1cc2ncc(C#N)c(Nc3cccc(N=[N+]=[N-])c3)c2cc1OC
119,6.0,nM,CHEMBL113863,Cn1c(=O)c(-c2c(Cl)cccc2Cl)cc2cnc(NCCCCCC(=O)O)nc21
120,6.6020599913279625,nM,CHEMBL113900,CC(C)N(CC#CC(=O)Nc1ccc2ncc(C#N)c(Nc3cccc(Br)c3)c2c1)C(C)C
121,4.820000071285179,nM,CHEMBL114446,COc1cc2ncc(C(N)=O)c(Nc3cccc(Br)c3)c2cc1OC
122,6.119998611678232,nM,CHEMBL114496,COc1cc2ncc(C#N)c(Nc3cccc(SC)c3)c2cc1OC
123,6.890016705180107,nM,CHEMBL115187,CCCN(CC#CC(=O)Nc1ccc2ncc(C#N)c(Nc3cccc(Br)c3)c2c1)CCC
124,7.251811972993799,nM,CHEMBL115745,COc1cc2ncnc(NCc3ccccc3)c2cc1O
125,4.319999993033795,nM,CHEMBL1161234,COc1cc(/C=C(\C#N)C(N)=O)cc(SCCCC(=O)O)c1O
126,4.269999997064645,nM,CHEMBL1161236,COc1cc(C=C(C#N)C#N)cc(SCC(=O)O)c1O
127,6.449771646944907,nM,CHEMBL116308,O=[N+]([O-])c1cccc2ncnc(Nc3cccc(Br)c3)c12
128,5.0655015487564325,nM,CHEMBL116438,COc1cc(/C=C/C(=O)/C=C(O)/C=C/c2ccc(O)c(OC)c2)ccc1O
129,6.1249387366083,nM,CHEMBL116547,COc1cc(/C=C(\C#N)C(=O)c2ccc(O)c(O)c2)cc(CSCc2ccccc2)c1O
130,5.229147988357856,nM,CHEMBL116748,O=[N+]([O-])c1ccc2c(NCc3ccccc3)ncnc2c1
131,5.0,nM,CHEMBL116919,COc1ccc(CNc2ncnc3ccccc23)cc1
132,5.284832642151542,nM,CHEMBL1169856,Cc1ccc(C2=NN(C(N)=S)C(c3ccccc3F)C2)cc1C
133,5.088842391260024,nM,CHEMBL1169870,NC(=S)N1N=C(c2ccc(Br)c(Br)c2)CC1c1ccc(Cl)cc1
134,5.411168274405793,nM,CHEMBL1170278,Cc1ncc([N+](=O)[O-])n1CCOC(=O)/C=C/c1cccc2ccccc12
135,4.494850021680095,nM,CHEMBL1171273,COc1ccccc1/C=C/C(=O)OCCn1c([N+](=O)[O-])cnc1C
136,4.6679657229724825,nM,CHEMBL1171638,CC(=O)N1N=C(c2ccc(C)c(C)c2)CC1c1ccccc1Cl
137,7.070581074285707,nM,CHEMBL1171792,Cc1ccc(Br)c2c(C#N)cc(C(=O)C3CC3)n12
138,4.713992877920526,nM,CHEMBL1171822,CC(=O)N1N=C(c2ccc(Cl)c(Cl)c2)CC1c1ccc(C)cc1
139,4.6170828649124696,nM,CHEMBL1172418,CC(=O)N1N=C(c2ccc(Cl)c(Cl)c2)CC1c1ccccc1Cl
140,4.542269451754002,nM,CHEMBL1172419,CC(=O)N1N=C(c2ccc(Cl)c(Cl)c2)CC1c1ccccc1
141,5.202732459169283,nM,CHEMBL1172573,NC(=S)N1N=C(c2ccc(Cl)c(Cl)c2)CC1c1ccc(F)cc1
142,4.593971055036385,nM,CHEMBL1172602,COc1cc(OC)cc(C2CC(c3ccc(Cl)c(Cl)c3)=NN2C(C)=O)c1
143,4.80799040734633,nM,CHEMBL1172603,CC(=O)N1N=C(c2ccc(C)c(C)c2)CC1c1ccc(F)cc1
144,7.086186147616283,nM,CHEMBL1172773,C=CC(=O)Nc1ccc(-c2c(-c3ccccc3)oc3ncnc(N[C@H](CO)c4ccccc4)c23)cc1
145,6.528651293288206,nM,CHEMBL1172781,OC[C@@H](Nc1ncnc2oc(-c3ccccc3)c(-c3ccccc3)c12)c1ccccc1
146,5.385102783966866,nM,CHEMBL1172802,Cc1ncc([N+](=O)[O-])n1CCOC(=O)/C=C/c1ccc(F)cc1
147,5.441291429466834,nM,CHEMBL1172803,Cc1ncc([N+](=O)[O-])n1CCOC(=O)/C=C/c1ccc(Cl)cc1
148,5.049635145623878,nM,CHEMBL1172823,NC(=S)N1N=C(c2ccc(Br)c(Br)c2)CC1c1ccc(F)cc1
149,7.926935982160881,nM,CHEMBL1172843,C=CC(=O)Nc1cccc(-c2c(-c3ccccc3)oc3ncnc(N[C@H](CO)c4ccccc4)c23)c1
150,4.997402019280091,nM,CHEMBL1172855,NC(=S)N1N=C(c2ccc(Br)c(Br)c2)CC1c1ccc(Br)cc1
151,4.572838597074035,nM,CHEMBL1172877,Cc1ncc([N+](=O)[O-])n1CCOC(=O)/C=C/c1ccccc1F
152,4.681727919788374,nM,CHEMBL1172878,Cc1ncc([N+](=O)[O-])n1CCOC(=O)/C=C/c1ccccc1Cl
153,5.241088107602026,nM,CHEMBL1172915,COc1ccc(C2CC(c3ccc(Cl)c(Cl)c3)=NN2C(N)=S)cc1
154,5.131943638176959,nM,CHEMBL1172916,Cc1ccc(C2CC(c3ccc(Cl)c(Cl)c3)=NN2C(N)=S)cc1
155,5.164309428507576,nM,CHEMBL1172917,NC(=S)N1N=C(c2ccc(Cl)c(Cl)c2)CC1c1ccc(Br)cc1
156,4.614036429399303,nM,CHEMBL1172947,Cc1ncc([N+](=O)[O-])n1CCOC(=O)/C=C/c1ccccc1Br
157,4.837734385701979,nM,CHEMBL1172950,Cc1ncc([N+](=O)[O-])n1CCOC(=O)/C=C/c1cccc([N+](=O)[O-])c1
158,4.90587840415944,nM,CHEMBL1172951,Cc1ncc([N+](=O)[O-])n1CCOC(=O)/C=C/c1cccc(F)c1
159,5.0,nM,CHEMBL1172957,NS(=O)(=O)c1ccc(Nc2nc(N3CCOCC3)nc3[nH]cnc23)cc1
160,5.135488918941609,nM,CHEMBL1172980,NC(=S)N1N=C(c2ccc(Cl)c(Cl)c2)CC1c1ccc(Cl)cc1
161,4.857923538926715,nM,CHEMBL1173014,COc1cccc(/C=C/C(=O)OCCn2c([N+](=O)[O-])cnc2C)c1
162,4.704872914747809,nM,CHEMBL1173022,CC(=O)N1N=C(c2ccc(C)c(C)c2)CC1c1ccc(Cl)cc1
163,4.685922008220788,nM,CHEMBL1173023,CC(=O)N1N=C(c2ccc(C)c(C)c2)CC1c1ccc(Br)cc1
164,4.761702932124607,nM,CHEMBL1173105,COc1cc(OC)cc(C2CC(c3ccc(C)c(C)c3)=NN2C(C)=O)c1
165,4.973058372040971,nM,CHEMBL1173191,NC(=S)N1N=C(c2ccc(Br)c(Br)c2)CC1c1ccc([N+](=O)[O-])cc1
166,4.948076083953894,nM,CHEMBL1173192,NC(=S)N1N=C(c2ccc(Br)c(Br)c2)CC1c1ccc(O)cc1
167,5.092051478387727,nM,CHEMBL1173193,COc1ccc(C2CC(c3ccc(Br)c(Br)c3)=NN2C(N)=S)cc1
168,3.8238999972367695,nM,CHEMBL117324,COC[C@@H]1CCCN1CC#CC(=O)Nc1ccc2ncc(C#N)c(Nc3cccc(Br)c3)c2c1
169,4.7920964696139485,nM,CHEMBL1173248,CC(=O)N1N=C(c2ccc(Cl)c(Cl)c2)CC1c1ccc(Cl)cc1
170,4.736363931411892,nM,CHEMBL1173249,CC(=O)N1N=C(c2ccc(Cl)c(Cl)c2)CC1c1ccc(F)cc1
171,4.959793372425289,nM,CHEMBL1173250,NC(=S)N1N=C(c2ccc(Br)c(Br)c2)CC1c1ccccc1Br
172,4.911509529817604,nM,CHEMBL1173251,NC(=S)N1N=C(c2ccc(Br)c(Br)c2)CC1c1ccccc1Cl
173,5.007446482167865,nM,CHEMBL1173262,Cc1ccc(C2CC(c3ccc(Br)c(Br)c3)=NN2C(N)=S)cc1
174,4.757210190521324,nM,CHEMBL1173319,CC(=O)N1N=C(c2ccc(C)c(C)c2)CC1c1ccc(C)cc1
175,4.873868592738016,nM,CHEMBL1173324,NC(=S)N1N=C(c2ccc(Br)c(Br)c2)CC1c1ccccc1F
176,4.8170150329964185,nM,CHEMBL1173397,COc1ccc(C2CC(c3ccc(C)c(C)c3)=NN2C(C)=O)cc1
177,4.6981022828047925,nM,CHEMBL1173398,CC(=O)N1N=C(c2ccc(C)c(C)c2)CC1c1ccccc1
178,5.514278573518421,nM,CHEMBL1173454,Cc1ccc(C2=NN(C(N)=S)C(c3ccc([N+](=O)[O-])cc3)C2)cc1C
179,6.080921907623926,nM,CHEMBL1173455,Cc1ccc(C2=NN(C(N)=S)C(c3ccc(F)cc3)C2)cc1C
180,5.866461091629783,nM,CHEMBL1173456,Cc1ccc(C2=NN(C(N)=S)C(c3ccc(Cl)cc3)C2)cc1C
181,5.66354026615147,nM,CHEMBL1173457,Cc1ccc(C2=NN(C(N)=S)C(c3ccc(Br)cc3)C2)cc1C
182,5.191789027075778,nM,CHEMBL1173601,NC(=S)N1N=C(c2ccc(Cl)c(Cl)c2)CC1c1ccccc1Br
183,5.137868620686963,nM,CHEMBL1173602,NC(=S)N1N=C(c2ccc(Cl)c(Cl)c2)CC1c1ccccc1Cl
184,5.489454989793388,nM,CHEMBL1173651,Cc1ncc([N+](=O)[O-])n1CCOC(=O)/C=C/c1ccc(Br)cc1
185,5.106238237942057,nM,CHEMBL1173652,Cc1ncc([N+](=O)[O-])n1CCOC(=O)/C=C/c1ccccc1
186,5.090979145788845,nM,CHEMBL1173653,Cc1ccc(/C=C/C(=O)OCCn2c([N+](=O)[O-])cnc2C)cc1
187,9.178719071878517,nM,CHEMBL1173655,CN(C)C/C=C/C(=O)Nc1cc2c(Nc3ccc(F)c(Cl)c3)ncnc2cc1O[C@H]1CCOC1
188,5.18309616062434,nM,CHEMBL1173665,NC(=S)N1N=C(c2ccc(Cl)c(Cl)c2)CC1c1ccccc1F
189,5.109020403010312,nM,CHEMBL1173666,NC(=S)N1N=C(c2ccc(Cl)c(Cl)c2)CC1c1ccc([N+](=O)[O-])cc1
190,5.278189384787455,nM,CHEMBL1173667,NC(=S)N1N=C(c2ccc(Cl)c(Cl)c2)CC1c1ccc(O)cc1
191,4.764724123312948,nM,CHEMBL1173680,COc1ccc(C2CC(c3ccc(Cl)c(Cl)c3)=NN2C(C)=O)cc1
192,5.375717904164332,nM,CHEMBL1173688,Cc1ccc(C2=NN(C(N)=S)C(c3ccccc3Br)C2)cc1C
193,4.964570261815452,nM,CHEMBL1173713,COc1ccc(/C=C/C(=O)OCCn2c([N+](=O)[O-])cnc2C)cc1
194,5.166215625343521,nM,CHEMBL1173714,Cc1ncc([N+](=O)[O-])n1CCOC(=O)/C=C/c1ccc(C(C)C)cc1
195,6.207608310501746,nM,CHEMBL1173718,Cc1ncc([N+](=O)[O-])n1CCOC(=O)/C=C/c1ccc(-c2ccccc2)cc1
196,5.896196279044043,nM,CHEMBL1173783,Cc1ncc([N+](=O)[O-])n1CCOC(=O)/C=C/c1ccc(OCc2ccccc2)cc1
197,4.6020599913279625,nM,CHEMBL1173789,Cc1ncc([N+](=O)[O-])n1CCOC(=O)/C=C/c1ccccc1[N+](=O)[O-]
198,5.4122890349810895,nM,CHEMBL1173794,Cc1ccc(C2=NN(C(N)=S)C(c3ccccc3Cl)C2)cc1C
199,6.468521082957745,nM,CHEMBL1173813,Cc1ccc(C2CC(c3ccc(C)c(C)c3)=NN2C(N)=S)cc1
200,7.154901959985743,nM,CHEMBL1173814,COc1ccc(C2CC(c3ccc(C)c(C)c3)=NN2C(N)=S)cc1
201,6.886056647693163,nM,CHEMBL1173815,Cc1ccc(C2=NN(C(N)=S)C(c3ccc(O)cc3)C2)cc1C
202,4.7340036295049215,nM,CHEMBL1173816,CC(=O)N1N=C(c2ccc(Cl)c(Cl)c2)CC1c1ccc(Br)cc1
203,5.154901959985743,nM,CHEMBL117554,Clc1ccc(CNc2ncnc3ccccc23)cc1
204,6.074687908500351,nM,CHEMBL117697,COc1cccc(Nc2ncnc3ccccc23)c1
205,6.121478204498794,nM,CHEMBL117710,Brc1cccc(Oc2ncnc3ccccc23)c1
206,5.3872161432802645,nM,CHEMBL117804,c1ccc(CCNc2ncnc3ccccc23)cc1
207,8.221848749616356,nM,CHEMBL118130,Oc1ccc(-c2[nH]nc3ncnc(Nc4cccc(Cl)c4)c23)cc1
208,5.280000380871157,nM,CHEMBL118205,COc1cc(/C=C(\C#N)C(N)=O)cc(CSc2nc3ccccc3o2)c1O
209,5.100000128334196,nM,CHEMBL118321,COc1cc(C=C(C#N)C#N)cc(CSc2ccccc2C(=O)O)c1O
210,6.568636235841012,nM,CHEMBL118904,O=[N+]([O-])c1cccc(-c2[nH]nc3ncnc(Nc4cccc(Cl)c4)c23)c1
211,6.856985199745905,nM,CHEMBL119033,COc1cccc2ncnc(Nc3cccc(Br)c3)c12
212,5.470000200122708,nM,CHEMBL119156,COc1cc(/C=C(\C#N)C(N)=O)cc(CSc2ccccn2)c1O
213,5.096910013008056,nM,CHEMBL119708,O=[N+]([O-])c1cccc2ncnc(NCc3ccccc3)c12
214,7.070581074285707,nM,CHEMBL1198361,Brc1cccc(Nc2ncnc3cc4c(cc23)OCCCO4)c1
215,7.866461091629782,nM,CHEMBL1198370,Brc1cccc(Nc2ncnc3cc4c(cc23)OCCO4)c1
216,4.829738284605043,nM,CHEMBL119923,COc1cc(/C=C(\C#N)C(N)=O)cc(CSCc2ccc(Cl)cc2)c1O
217,7.721246399047171,nM,CHEMBL119977,Clc1cccc(Nc2[nH]cnc3nnc(-c4ccccc4)c2-3)c1
218,6.060480747381382,nM,CHEMBL119982,Clc1cccc(Nc2[nH]nc3ncnc(NCc4ccccc4)c23)c1
219,6.149997413907539,nM,CHEMBL119987,COc1cc(/C=C(\C#N)C(N)=O)cc(CSc2ccccc2C(=O)O)c1O
220,5.269459963522881,nM,CHEMBL1200558,CC[C@H](C)[C@H](N)C1=N[C@H](C(=O)N[C@@H](CC(C)C)C(=O)N[C@H](CCC(=O)O)C(=O)N[C@H](C(=O)N[C@H]2CCCCNC(=O)[C@H](CC(N)=O)NC(=O)[C@@H](CC(=O)O)NC(=O)[C@H](Cc3cnc[nH]3)NC(=O)[C@@H](Cc3ccccc3)NC(=O)[C@H]([C@@H](C)CC)NC(=O)[C@@H](CCCN)NC2=O)[C@@H](C)CC)CS1
221,5.659873293894568,nM,CHEMBL1200679,[Cl-].[Cl-].[Zn+2]
222,6.886056647693163,nM,CHEMBL120069,Cc1cccc(Nc2[nH]cnc3nnc(Nc4cccc(Cl)c4)c2-3)c1
223,7.942174026287242,nM,CHEMBL1201179,CS(=O)(=O)CCNCc1ccc(-c2ccc3ncnc(Nc4ccc(OCc5cccc(F)c5)c(Cl)c4)c3c2)o1.Cc1ccc(S(=O)(=O)O)cc1.Cc1ccc(S(=O)(=O)O)cc1.O
224,5.060480747381382,nM,CHEMBL120185,CN1CCN(c2ccc3c(n2)nc(-c2ccc(F)cc2)n3-c2ccnc(NC3CCCC3)n2)CC1
225,6.0,nM,CHEMBL1202061,CCOC(=O)C(=O)Oc1ccc(-c2c(C(=O)OCC)oc3cc(O)cc(O)c3c2=O)cc1.O=C(O)C(=O)O
226,6.522878745280337,nM,CHEMBL1202473,COc1cc2c(Nc3cc(O)c(C)cc3F)ncnc2cc1OCC1CCN(C)CC1.Cl
227,7.0,nM,CHEMBL1202478,COc1cc2c(Nc3ccc(Br)cc3F)ncnc2cc1OC/C=C/CN1CCCC1.Cl
228,6.886056647693163,nM,CHEMBL120319,Clc1cccc(Nc2[nH]nc3ncnc(Nc4cccc(Br)c4)c23)c1
229,7.292429823902063,nM,CHEMBL1203934,COc1cc2ncnc(Nc3ccc(F)cc3)c2cc1OC.Cl
230,8.048176964684089,nM,CHEMBL1203935,CCOc1cc2ncnc(Nc3cc(F)cc(C(F)(F)F)c3)c2cc1OCC.Cl
231,7.698970004336019,nM,CHEMBL1203936,COc1cc2ncnc(Nc3cc(F)cc(C(F)(F)F)c3)c2cc1OC.Cl
232,7.769551078621726,nM,CHEMBL1203937,CCOc1cc2ncnc(NCc3ccc(F)cc3)c2cc1OCC.Cl
233,7.3214816209598865,nM,CHEMBL1203938,COc1cc2ncnc(NCc3ccc(F)cc3)c2cc1OC.Cl
234,8.031050319018657,nM,CHEMBL1203939,CCOc1cc2ncnc(Nc3ccccc3F)c2cc1OCC.Cl
235,7.795880017344075,nM,CHEMBL1203940,CCOc1cc2ncnc(Nc3ccc(F)cc3)c2cc1OCC.Cl
236,9.18045606445813,nM,CHEMBL1204168,COc1cc2ncnc(Nc3cccc(Br)c3)c2cc1OC.Cl
237,9.387216143280265,nM,CHEMBL1204199,CCOc1cc2ncnc(Nc3cccc(Br)c3)c2cc1OCC.Cl
238,8.087777943467584,nM,CHEMBL1204261,CCOc1cc2ncnc(Nc3cccc(F)c3)c2cc1OCC.Cl
239,9.193820026016112,nM,CHEMBL1204262,CCOc1cc2ncnc(Nc3cccc(I)c3)c2cc1OCC.Cl
240,8.978810700930062,nM,CHEMBL1204305,COc1cc2ncnc(Nc3cccc(I)c3)c2cc1OC.Cl
241,7.492144128304169,nM,CHEMBL1204360,COc1cc2ncnc(Nc3ccccc3F)c2cc1OC.Cl
242,4.060480747381382,nM,CHEMBL120564,COc1cc(C=C(C#N)C#N)cc(C)c1O
243,3.346787486224657,nM,CHEMBL120667,Cc1c(C)n(C)c2ncnc(Nc3cccc(Cl)c3)c12
244,4.267606240177032,nM,CHEMBL120719,COc1cc(C=C(C#N)C#N)cc(CSCC(=O)O)c1O
245,8.096910013008056,nM,CHEMBL120979,COc1cccc(Nc2[nH]nc3ncnc(Nc4cccc(Cl)c4)c23)c1
246,7.075720713938119,nM,CHEMBL121260,Clc1cccc(Nc2[nH]nc3ncnc(Nc4ccccc4)c23)c1
247,6.248720896016658,nM,CHEMBL12131,Cc1cc(C(C#N)c2ccc(Cl)cc2)c(Cl)cc1NC(=O)c1cc(I)cc(I)c1O
248,5.958607314841776,nM,CHEMBL121405,OC1(c2nc(-c3ccc(F)cc3)c(-c3ccnc(NC4CCCCC4)c3)o2)CCNCC1
249,8.154901959985743,nM,CHEMBL121796,Clc1cccc(Nc2[nH]cnc3nnc(NCc4ccccc4)c2-3)c1
250,9.0,nM,CHEMBL121954,Oc1cccc(Nc2[nH]nc3ncnc(Nc4cccc(Cl)c4)c23)c1
251,6.657577319177793,nM,CHEMBL122068,Nc1nc(N)c2c(Nc3cccc(Cl)c3)[nH]nc2n1
252,5.492683959923586,nM,CHEMBL1221512,CC[C@H](C)[C@@H](CO[C@@H](Cc1ccccc1)C(=O)N[C@@H](CCS(C)(=O)=O)C(=O)OC(C)C)NC[C@@H](N)CS
253,6.161780778092375,nM,CHEMBL1221700,C=CC(=O)Nc1ccc2ncnc(Nc3ccc(C(C)(C)C)cc3)c2c1
254,8.096910013008056,nM,CHEMBL122182,Oc1ccc(Nc2[nH]nc3ncnc(Nc4cccc(Cl)c4)c23)cc1
255,6.096910013008056,nM,CHEMBL122243,Nc1ncnc2c1c(-c1ccccc1)nn2-c1ccccc1
256,8.154901959985743,nM,CHEMBL122245,COc1ccc(CNc2[nH]nc3ncnc(Nc4cccc(Cl)c4)c23)cc1
257,5.013228265733755,nM,CHEMBL122260,CNC(=O)c1cc(NCc2cc(O)ccc2O)ccc1O
258,6.045757490560675,nM,CHEMBL122397,CCCCCCNC(=O)c1cc(NCc2cc(O)ccc2O)ccc1O
259,7.522878745280337,nM,CHEMBL122411,COc1ccc(Nc2[nH]nc3ncnc(Nc4cccc(Cl)c4)c23)cc1
260,5.173925197299175,nM,CHEMBL122522,COc1cc(C=C(C#N)C#N)cc(CSc2ccccc2)c1O
261,4.565431095965802,nM,CHEMBL122721,CCCCCCCCCCCCCCNC(=O)c1cc(NCc2cc(O)ccc2O)ccc1O
262,4.987162775294828,nM,CHEMBL122785,O=S(=O)(O)c1cc(NCc2cc(O)ccc2O)ccc1O
263,8.63009877934873,nM,CHEMBL1229592,C=CC(=O)Nc1cccc(Oc2nc(Nc3ccc(N4CCN(C)CC4)cc3OC)ncc2Cl)c1
264,5.267606240177031,nM,CHEMBL123045,O=[N+]([O-])c1cc(NCc2cc(O)ccc2O)ccc1O
265,4.377785977033706,nM,CHEMBL123046,Oc1ccc(NCc2cc(O)ccc2O)cc1
266,6.020451625295905,nM,CHEMBL1230790,CC(C)n1nc(-c2cccc(O)c2)c2c(N)ncnc21
267,8.096910013008056,nM,CHEMBL123189,COc1cccc(CNc2[nH]nc3ncnc(Nc4cccc(Cl)c4)c23)c1
268,5.721246399047171,nM,CHEMBL1232944,C=CC(=O)Nc1ccc2c(Nc3cc[nH]n3)nc(-c3ccccc3)nc2c1
269,6.214670164989233,nM,CHEMBL1233882,CC(C)n1nc(-c2ccc3ncccc3c2)c2c(N)ncnc21
270,6.411168274405792,nM,CHEMBL1234815,Cn1nc(-c2ccc3ccccc3c2)c2c(N)ncnc21
271,5.039053804266169,nM,CHEMBL1240544,C[C@@H](CN)n1nc(-c2ccc(Cl)c(O)c2)c2c(N)ncnc21
272,4.886056647693164,nM,CHEMBL1240545,CC(C)n1nc(-c2ccc(CC#N)cc2)c2c(N)ncnc21
273,5.481486060122113,nM,CHEMBL1240553,COc1ccc(-c2nn(C3CCCC3)c3ncnc(N)c23)cc1OC
274,5.853871964321762,nM,CHEMBL1240554,CCOc1ccc(-c2nn(C3CCCC3)c3ncnc(N)c23)cc1OC
275,4.823908740944319,nM,CHEMBL1240565,Cn1nc(-c2cnc3[nH]ccc3c2)c2c(N)ncnc21
276,5.537602002101044,nM,CHEMBL1240566,Cn1nc(-c2ccc3cc[nH]c3c2)c2c(N)ncnc21
277,6.035269078946371,nM,CHEMBL1241241,CC(C)n1nc(-c2ccc(O)cc2)c2c(N)ncnc21
278,4.906578314837765,nM,CHEMBL1241270,Cc1ccc(-c2n[nH]c3ncnc(N)c23)cc1O
279,4.721246399047172,nM,CHEMBL1241271,Cc1ccc(-c2nn(C)c3ncnc(N)c23)cc1O
280,4.0,nM,CHEMBL1241299,Cn1nc(-c2ccc(Br)c(O)c2)c2c(N)ncnc21
281,4.0,nM,CHEMBL1241300,COc1ccc(-c2n[nH]c3ncnc(N)c23)cc1O
282,4.0,nM,CHEMBL1241301,COc1ccc(-c2nn(C)c3ncnc(N)c23)cc1O
283,4.0,nM,CHEMBL1241390,CC(C)n1nc(-c2cccnc2)c2c(N)ncnc21
284,4.0,nM,CHEMBL1241391,CC(C)n1nc(-c2cncnc2)c2c(N)ncnc21
285,5.224753740259764,nM,CHEMBL1241439,CC(C)n1nc(-c2cc(C=O)co2)c2c(N)ncnc21
286,6.769551078621726,nM,CHEMBL1241481,COc1cc(-c2nn(C(C)C)c3ncnc(N)c23)ccc1NC(=O)OC(C)(C)C
287,4.0,nM,CHEMBL1241482,Nc1ncnc2c1c(-c1ccc(F)c(O)c1)nn2Cc1ocnc1-c1ccccc1
288,5.413412695328246,nM,CHEMBL1241483,COc1cc(-c2nn(C(C)C)c3ncnc(N)c23)ccc1F
289,6.801342913045577,nM,CHEMBL1241484,CC(C)n1nc(-c2ccc(Cl)c(O)c2)c2c(N)ncnc21
290,5.414539270491499,nM,CHEMBL1241485,COc1cc(-c2nn(C(C)C)c3ncnc(N)c23)ccc1N
291,5.274088367704953,nM,CHEMBL1241486,COc1cc(-c2nn(C(C)C)c3ncnc(N)c23)ccc1NC(C)CO
292,7.481486060122113,nM,CHEMBL1241487,Nc1ccc(-c2nn(C3CCCC3)c3ncnc(N)c23)cc1O
293,6.01592296609717,nM,CHEMBL1241490,CC(C)n1nc(-c2ccc3occc3c2)c2c(N)ncnc21
294,6.2403321553103694,nM,CHEMBL1241491,Nc1ncnc2c1c(-c1ccc3occc3c1)nn2C1CCCC1
295,5.080921907623926,nM,CHEMBL1241492,CC(C)n1nc(-c2ccc3nonc3c2)c2c(N)ncnc21
296,6.259637310505757,nM,CHEMBL1241578,CC(C)n1nc(-c2ccc(Br)c(O)c2)c2c(N)ncnc21
297,5.318758762624412,nM,CHEMBL1241579,C[C@H](CN)n1nc(-c2ccc(Cl)c(O)c2)c2c(N)ncnc21
298,7.075720713938119,nM,CHEMBL1241581,COc1cc(-c2nn(C3CCCC3)c3ncnc(N)c23)ccc1N
299,4.0,nM,CHEMBL1241582,CC(C)n1nc(-c2cccc(CO)c2)c2c(N)ncnc21
300,4.769551078621726,nM,CHEMBL1241583,CC(C)n1nc(-c2cccc(CC#N)c2)c2c(N)ncnc21
301,6.028260409112223,nM,CHEMBL1241586,CC(C)n1nc(-c2ccc3[nH]c(=O)[nH]c3c2)c2c(N)ncnc21
302,5.301029995663981,nM,CHEMBL1241587,CC(C)n1nc(-c2ccc3c(c2)CCO3)c2c(N)ncnc21
303,4.823908740944319,nM,CHEMBL1241588,CC(C)n1nc(-c2ccc3c(c2)OCCO3)c2c(N)ncnc21
304,4.920818753952376,nM,CHEMBL1241675,Nc1ncnc2c1c(-c1ccn3ccnc3c1)nn2C1CCCC1
305,7.173925197299174,nM,CHEMBL1241676,Nc1ncnc2c1c(-c1ccc(Cl)c(O)c1)nn2C1CCCC1
306,4.906578314837765,nM,CHEMBL1241677,Nc1ncnc2c1c(-c1ccc(Cl)c(O)c1)nn2[C@@H]1CCNC1
307,5.801342913045577,nM,CHEMBL1241678,Nc1ncnc2c1c(-c1ccc(Cl)c(O)c1)nn2[C@H]1CCOC1
308,4.0,nM,CHEMBL1241679,CC(C)n1nc(-c2cccc(C#N)c2)c2c(N)ncnc21
309,4.0,nM,CHEMBL1241680,CC(C)n1nc(-c2ccc(F)c(C#N)c2)c2c(N)ncnc21
310,5.6777807052660805,nM,CHEMBL1241681,Nc1ncnc2c1c(-c1ccc3ncccc3c1)nn2C1CCCC1
311,4.0,nM,CHEMBL1241682,Cc1ccc2cc(-c3nn(C(C)C)c4ncnc(N)c34)ccc2n1
312,4.0,nM,CHEMBL1241683,CC(C)n1nc(-c2ccc3nc(Cl)ccc3c2)c2c(N)ncnc21
313,4.0,nM,CHEMBL1241684,CC(C)n1nc(-c2cc3cc(C=O)ccc3s2)c2c(N)ncnc21
314,5.853871964321762,nM,CHEMBL1241768,Nc1ncnc2c1c(-c1ccc(Cl)c(O)c1)nn2[C@@H]1CCOC1
315,5.027797161620936,nM,CHEMBL1241769,Nc1ncnc2c1c(-c1ccc(Cl)c(O)c1)nn2CC1CCCN1
316,5.696803942579511,nM,CHEMBL1241770,Nc1ncnc2c1c(-c1ccc(Cl)c(O)c1)nn2CC1CCNC1
317,5.050609993355088,nM,CHEMBL1241771,CC(C)n1nc(-c2ccc(C#N)c(F)c2)c2c(N)ncnc21
318,4.0,nM,CHEMBL1241772,CC(C)n1nc(-c2ccc(C#N)nc2)c2c(N)ncnc21
319,4.920818753952376,nM,CHEMBL1241773,CC(=O)c1ccc(-c2nn(C(C)C)c3ncnc(N)c23)cc1
320,4.154901959985744,nM,CHEMBL1241775,CC(C)n1nc(-c2cnc3nccnc3c2)c2c(N)ncnc21
321,5.130768280269024,nM,CHEMBL1241776,CC(C)n1nc(-c2ccc3nc[nH]c(=O)c3c2)c2c(N)ncnc21
322,5.565431095965802,nM,CHEMBL1241858,Nc1ncnc2c1c(-c1ccc(Cl)c(O)c1)nn2CC1CCCNC1
323,4.0,nM,CHEMBL1241859,Nc1ncnc2c1c(-c1ccc(Cl)c(O)c1)nn2CC1CCNCC1
324,5.045757490560675,nM,CHEMBL1241860,CC(C)n1nc(-c2ccc(C=O)c(F)c2)c2c(N)ncnc21
325,5.0,nM,CHEMBL1241861,CC(C)n1nc(-c2cc(F)c(C=O)c(F)c2)c2c(N)ncnc21
326,4.0,nM,CHEMBL1241862,CC(C)n1nc(-c2ccc(C(N)=O)c(Cl)c2)c2c(N)ncnc21
327,5.173925197299175,nM,CHEMBL1241863,CC(C)n1nc(-c2ccc3[nH]c(=O)ccc3c2)c2c(N)ncnc21
328,5.853871964321762,nM,CHEMBL1241864,Nc1ncnc2c1c(-c1ccc3[nH]c(=O)ccc3c1)nn2C1CCCC1
329,4.688246138944246,nM,CHEMBL1241943,Nc1ncnc2c1c(-c1ccc(Cl)c(O)c1)nn2CCC1CCCNC1
330,5.585026652029182,nM,CHEMBL1241944,CC(C)n1nc(-c2ccc(C#N)c(O)c2)c2c(N)ncnc21
331,5.982966660701219,nM,CHEMBL1241945,CC(C)n1nc(-c2ccc(O)c(F)c2)c2c(N)ncnc21
332,5.552841968657781,nM,CHEMBL1241946,CC(=O)c1cccc(-c2nn(C(C)C)c3ncnc(N)c23)c1
333,5.004364805402451,nM,CHEMBL1241947,Cc1cc(-c2nn(C(C)C)c3ncnc(N)c23)sc1C=O
334,4.0,nM,CHEMBL1241948,CC(C)n1nc(-c2cccc(NS(C)(=O)=O)c2)c2c(N)ncnc21
335,4.920818753952376,nM,CHEMBL1241949,CC(C)n1nc(-c2ccc3nc(N)ccc3c2)c2c(N)ncnc21
336,5.154901959985743,nM,CHEMBL1241950,CC(C)n1nc(-c2ccc3nc(NN)ccc3c2)c2c(N)ncnc21
337,6.020451625295905,nM,CHEMBL1242024,Cc1cc(O)ccc1-c1nn(C(C)C)c2ncnc(N)c12
338,6.178486471595227,nM,CHEMBL1242026,Cc1ccc(-c2nn(C(C)C)c3ncnc(N)c23)cc1O
339,4.991399828238083,nM,CHEMBL1242027,COc1cc(F)c(-c2nn(C(C)C)c3ncnc(N)c23)cc1F
340,5.161150909262745,nM,CHEMBL1242028,CC(C)n1nc(-c2cc(F)c(O)cc2F)c2c(N)ncnc21
341,5.853871964321762,nM,CHEMBL1242029,COc1cccc(-c2nn(C(C)C)c3ncnc(N)c23)c1
342,4.892790030352132,nM,CHEMBL1242030,CC(C)n1nc(-c2ccc(NS(C)(=O)=O)cc2)c2c(N)ncnc21
343,4.0,nM,CHEMBL1242031,CC(C)n1nc(-c2cccc(S(N)(=O)=O)c2)c2c(N)ncnc21
344,4.0,nM,CHEMBL1242032,CC(C)n1nc(-c2ccc(S(N)(=O)=O)cc2)c2c(N)ncnc21
345,4.0,nM,CHEMBL1242033,CC(C)n1nc(-c2ccc3nccc(NC(=O)OC(C)(C)C)c3c2)c2c(N)ncnc21
346,4.0,nM,CHEMBL1242034,CC(C)n1nc(-c2ccc3nccc(N)c3c2)c2c(N)ncnc21
347,5.777283528852417,nM,CHEMBL1242109,CCC(C)n1nc(-c2ccc(C)c(O)c2)c2c(N)ncnc21
348,5.429457060118103,nM,CHEMBL1242110,CC(C)n1nc(-c2cccc(O)c2F)c2c(N)ncnc21
349,5.752026733638194,nM,CHEMBL1242111,Nc1ncnc2c1c(-c1cccc(O)c1F)nn2C1CCCC1
350,6.041914151478915,nM,CHEMBL1242112,COc1cc(-c2nn(C(C)C)c3ncnc(N)c23)ccc1O
351,5.190440285364733,nM,CHEMBL1242113,CCn1nc(-c2ccc(OC)c(O)c2)c2c(N)ncnc21
352,5.659555885159882,nM,CHEMBL1242114,COc1ccc(-c2nn(C(C)C)c3ncnc(N)c23)cc1O
353,6.237321436272564,nM,CHEMBL1242115,CC(C)n1nc(-c2cccc(C(=O)NC3=NCCS3)c2)c2c(N)ncnc21
354,5.0,nM,CHEMBL1242117,Cn1nc(-c2ccc3occc(=O)c3c2)c2c(N)ncnc21
355,4.537602002101044,nM,CHEMBL1242118,CC(C)n1nc(-c2ccc3occc(=O)c3c2)c2c(N)ncnc21
356,4.0,nM,CHEMBL1242119,Nc1ncnc2c1c(-c1ccc3occc(=O)c3c1)nn2C1CCCC1
357,6.239577516576788,nM,CHEMBL1242198,CC(C)n1nc(-c2cc(O)cc(F)c2)c2c(N)ncnc21
358,6.124360062995832,nM,CHEMBL1242199,Nc1ncnc2c1c(-c1cc(O)cc(F)c1)nn2C1CCCC1
359,4.958607314841776,nM,CHEMBL1242200,COc1cc(Br)cc(-c2nn(C(C)C)c3ncnc(N)c23)c1
360,6.359518563029578,nM,CHEMBL1242201,COc1ccc(-c2nn(C3CCCC3)c3ncnc(N)c23)cc1O
361,6.568636235841012,nM,CHEMBL1242202,COc1ccc(-c2nn(C3CCC(C)C3)c3ncnc(N)c23)cc1O
362,4.769551078621726,nM,CHEMBL1242203,COc1ccc(-c2nn(C3CNC3)c3ncnc(N)c23)cc1O
363,4.6020599913279625,nM,CHEMBL1242207,CC(C)n1nc(-c2ccc3cnccc3c2)c2c(N)ncnc21
364,4.0,nM,CHEMBL1242208,CC(C)n1nc(-c2ccc3ccncc3c2)c2c(N)ncnc21
365,6.603800652904264,nM,CHEMBL1242285,CC(C)n1nc(-c2cc(O)cc(Br)c2)c2c(N)ncnc21
366,5.364516253185089,nM,CHEMBL1242286,COCOc1cc(-c2nn(C(C)C)c3ncnc(N)c23)ccc1Br
367,4.8996294548824375,nM,CHEMBL1242288,COc1ccc(-c2nn([C@@H]3CCNC3)c3ncnc(N)c23)cc1O
368,6.114638779968488,nM,CHEMBL1242289,CCOc1ccc(-c2nn(C3CCCC3)c3ncnc(N)c23)cc1O
369,5.51999305704285,nM,CHEMBL1242290,COc1ccc(-c2nn(C(C)C)c3ncnc(N)c23)cc1OC
370,6.42021640338319,nM,CHEMBL1242293,CC(C)n1nc(-c2cnc3[nH]ccc3c2)c2c(N)ncnc21
371,6.7544873321858505,nM,CHEMBL1242294,CC(C)n1nc(-c2ccc3[nH]ccc3c2)c2c(N)ncnc21
372,6.13430394008393,nM,CHEMBL1242295,Nc1ncnc2c1c(-c1ccc3[nH]ccc3c1)nn2C1CCCC1
373,6.627087997029893,nM,CHEMBL1242376,Nc1ncnc2c1c(-c1ccc(Br)c(O)c1)nn2C1CCCC1
374,5.853871964321762,nM,CHEMBL1242377,CC(C)n1nc(-c2ccc(F)c(O)c2)c2c(N)ncnc21
375,4.0,nM,CHEMBL1242378,C[C@H](CN)n1nc(-c2ccc(F)c(O)c2)c2c(N)ncnc21
376,5.197910742118268,nM,CHEMBL1242379,COc1ccc(-c2nn(C(C)(C)C)c3ncnc(N)c23)cc1OC
377,4.920818753952376,nM,CHEMBL1242380,COc1ccc(-c2nn(C[C@H](C)CO)c3ncnc(N)c23)cc1OC
378,4.744727494896694,nM,CHEMBL1242381,COc1ccc(-c2nn(C[C@@H](C)CO)c3ncnc(N)c23)cc1OC
379,6.019996628416254,nM,CHEMBL1242384,CC(C)n1nc(-c2ccc3c(ccn3C)c2)c2c(N)ncnc21
380,6.268411234813261,nM,CHEMBL1242385,Cn1ccc2cc(-c3nn(C4CCCC4)c4ncnc(N)c34)ccc21
381,5.958607314841776,nM,CHEMBL1242386,CC(C)n1nc(-c2ccc3[nH]ncc3c2)c2c(N)ncnc21
382,4.585026652029183,nM,CHEMBL1242468,C[C@@H](CN)n1nc(-c2ccc(F)c(O)c2)c2c(N)ncnc21
383,4.744727494896694,nM,CHEMBL1242469,N#CCCCn1nc(-c2ccc(F)c(O)c2)c2c(N)ncnc21
384,4.958607314841776,nM,CHEMBL1242470,N#CCCCCn1nc(-c2ccc(F)c(O)c2)c2c(N)ncnc21
385,4.0,nM,CHEMBL1242471,CCOc1ccc(-c2n[nH]c3ncnc(N)c23)cc1OC
386,5.225483034271451,nM,CHEMBL1242472,CCOc1ccc(-c2nn(C(C)C)c3ncnc(N)c23)cc1OC
387,6.243363891754152,nM,CHEMBL1242475,Nc1ncnc2c1c(-c1ccc3[nH]ncc3c1)nn2C1CCCC1
388,6.684029654543083,nM,CHEMBL1242476,CC(C)n1nc(-c2ccc3c(N)n[nH]c3c2)c2c(N)ncnc21
389,5.6020599913279625,nM,CHEMBL1242477,CC(C)n1nc(-c2ccc3cn[nH]c3c2)c2c(N)ncnc21
390,5.537602002101044,nM,CHEMBL1242567,Nc1ncnc2c1c(-c1ccc(F)c(O)c1)nn2C1CNC1
391,6.497572880015568,nM,CHEMBL1242568,Nc1ncnc2c1c(-c1ccc(F)c(O)c1)nn2C1CCCC1
392,5.294136287716081,nM,CHEMBL1242569,C=CCn1nc(-c2ccc(OCC)c(OC)c2)c2c(N)ncnc21
393,6.119186407719209,nM,CHEMBL1242572,Nc1ncnc2c1c(-c1ccc3cn[nH]c3c1)nn2C1CCCC1
394,5.920818753952375,nM,CHEMBL1242573,CC(C)n1nc(-c2cc(F)c3cn[nH]c3c2)c2c(N)ncnc21
395,6.657577319177793,nM,CHEMBL1242574,CC(C)n1nc(-c2ccc3cc[nH]c3c2)c2c(N)ncnc21
396,6.43651891460559,nM,CHEMBL1242656,CC1CCC(n2nc(-c3ccc(F)c(O)c3)c3c(N)ncnc32)C1
397,5.060480747381382,nM,CHEMBL1242657,Nc1ncnc2c1c(-c1ccc(F)c(O)c1)nn2[C@H]1CCNC1
398,4.806875401645539,nM,CHEMBL1242658,Nc1ncnc2c1c(-c1ccc(F)c(O)c1)nn2[C@@H]1CCNC1
399,5.935542010773082,nM,CHEMBL1242659,CCOc1ccc(-c2nn(C3CCCCC3)c3ncnc(N)c23)cc1OC
400,5.289036881004725,nM,CHEMBL1242660,COc1cc(-c2nn(C(C)C)c3ncnc(N)c23)cc(OC)c1OC
401,4.677780705266081,nM,CHEMBL1242661,CCOc1ccc2cc(-c3nn(C)c4ncnc(N)c34)ccc2c1
402,7.055517327849831,nM,CHEMBL1242662,CC(C)n1nc(-c2ccc3cc(O)ccc3c2)c2c(N)ncnc21
403,4.0,nM,CHEMBL1242663,CC(C)n1nc(-c2cc3ccccc3nc2Cl)c2c(N)ncnc21
404,7.070581074285707,nM,CHEMBL1242664,Nc1ncnc2c1c(-c1ccc3cc[nH]c3c1)nn2C1CCCC1
405,4.346787486224657,nM,CHEMBL1242665,CC(C)n1nc(-c2ccn3ccnc3c2)c2c(N)ncnc21
406,6.195179321278838,nM,CHEMBL1242666,CC(C)n1nc(-c2ccc3c(C=O)c[nH]c3c2)c2c(N)ncnc21
407,5.318758762624412,nM,CHEMBL1242748,Nc1ncnc2c1c(-c1ccc(F)c(O)c1)nn2[C@H]1CCOC1
408,5.585026652029182,nM,CHEMBL1242749,Nc1ncnc2c1c(-c1ccc(F)c(O)c1)nn2[C@@H]1CCOC1
409,6.110698297493689,nM,CHEMBL1242750,Nc1ncnc2c1c(-c1ccc(F)c(O)c1)nn2C1CCCCCC1
410,5.43651891460559,nM,CHEMBL1242751,COc1cccc(-c2nn(C(C)C)c3ncnc(N)c23)c1OC
411,4.266000713461613,nM,CHEMBL1242752,CCOc1cc(-c2nn(C(C)C)c3ncnc(N)c23)ccc1OC
412,5.096367483915763,nM,CHEMBL1242753,CCOc1cc(-c2nn(CCO)c3ncnc(N)c23)ccc1OC
413,6.0,nM,CHEMBL1242754,CC(C)n1nc(-c2cnc3ccccc3c2)c2c(N)ncnc21
414,6.267606240177031,nM,CHEMBL1242755,Nc1ncnc2c1c(-c1cnc3ccccc3c1)nn2C1CCCC1
415,4.468521082957745,nM,CHEMBL1242756,Cn1nc(-c2ccc3ncccc3c2)c2c(N)ncnc21
416,5.337242168318426,nM,CHEMBL1242757,CC(C)n1nc(-c2cccc3[nH]ccc23)c2c(N)ncnc21
417,5.853871964321762,nM,CHEMBL1242758,Nc1ncnc2c1c(-c1cccc3[nH]ccc13)nn2C1CCCC1
418,4.0,nM,CHEMBL1242844,Nc1ncnc2c1c(-c1ccc(F)c(O)c1)nn2CC1CCNCC1
419,4.0,nM,CHEMBL1242845,Cc1nn(-c2ccccc2)nc1Cn1nc(-c2ccc(F)c(O)c2)c2c(N)ncnc21
420,4.0,nM,CHEMBL1242846,COc1ncc(-c2nn(C(C)C)c3ncnc(N)c23)c(OC)n1
421,5.366531544420414,nM,CHEMBL1242847,COc1ccc(-c2nn(C(C)C)c3ncnc(N)c23)cc1
422,5.673664139071249,nM,CHEMBL1242848,CC(C)n1nc(-c2ccc(N)c(O)c2)c2c(N)ncnc21
423,6.747146969020108,nM,CHEMBL1242852,CC(C)n1nc(-c2ccc3c(ccn3C(=O)OC(C)(C)C)c2)c2c(N)ncnc21
424,6.407823242604133,nM,CHEMBL1242853,CC(C)(C)OC(=O)n1ccc2cc(-c3nn(C4CCCC4)c4ncnc(N)c34)ccc21
425,3.229147988357856,nM,CHEMBL1242973,COC(=O)[C@@]1(Cc2ccc(O)c(CC=C(C)C)c2)OC(=O)C(O)=C1c1ccc(O)cc1
426,9.244125144327509,nM,CHEMBL1243254,CCOc1cc2ncc(C#N)c(Nc3ccc(F)c(Cl)c3)c2cc1NC(=O)/C=C/CN(C)Cc1ccc(F)cc1
427,9.602059991327964,nM,CHEMBL1243255,CCOc1cc2ncc(C#N)c(Nc3ccc(F)c(Cl)c3)c2cc1NC(=O)/C=C/CNC
428,8.742321425130816,nM,CHEMBL1243283,CCOc1cc2ncc(C#N)c(Nc3ccc(F)c(Cl)c3)c2cc1NC(=O)/C=C/CNCc1cn(CCF)nn1
429,9.537602002101044,nM,CHEMBL1243284,CNC/C=C/C(=O)Nc1cc2c(Nc3ccc(F)c(Cl)c3)c(C#N)cnc2cc1OCCF
430,10.522878745280336,nM,CHEMBL1243316,C#CCNC/C=C/C(=O)Nc1cc2c(Nc3ccc(F)c(Cl)c3)c(C#N)cnc2cc1OCC
431,9.096910013008056,nM,CHEMBL1243345,CCOc1cc2ncc(C#N)c(Nc3ccc(F)c(Cl)c3)c2cc1NC(=O)/C=C/CN(C)CCF
432,8.39254497678533,nM,CHEMBL1243346,CCOc1cc2ncc(C#N)c(Nc3ccc(F)c(Cl)c3)c2cc1NC(=O)/C=C/c1cn(CCF)nn1
433,5.269999835325843,nM,CHEMBL124618,Nc1cc2ncnc(Nc3ccccc3N)c2cn1
434,8.522878745280337,nM,CHEMBL125086,CCOc1cc2ncnc(Nc3cccc(-c4ccco4)c3)c2cc1OCC
435,4.274905478918531,nM,CHEMBL1254199,CN(c1cccc(Br)c1)c1nc(N)nc2[nH]c(Cc3ccccc3)cc12
436,3.595850750790305,nM,CHEMBL1254286,CN(c1cccc(Br)c1)c1nc(N)nc2c1cc(Cc1ccccc1)n2C
437,4.505845405981558,nM,CHEMBL1254363,Cc1ccccc1Cc1cc2c(N(C)c3cccc(Br)c3)nc(N)nc2[nH]1
438,4.892790030352132,nM,CHEMBL1254364,Cc1ccccc1Cc1cc2c(Nc3cccc(Br)c3)nc(N)nc2n1C
439,5.920818753952375,nM,CHEMBL1254443,Cc1ccccc1Cc1cc2c(N(C)c3cccc(Br)c3)nc(N)nc2n1C
440,3.843148098929989,nM,CHEMBL1254444,COc1ccc(OC)c(Cc2cc3c(N(C)c4cccc(Br)c4)nc(N)nc3[nH]2)c1
441,6.301029995663981,nM,CHEMBL1254523,COc1ccc(OC)c(Cc2cc3c(N(C)c4cccc(Br)c4)nc(N)nc3n2C)c1
442,7.853871964321762,nM,CHEMBL125568,OCC(CO)Nc1cc2ncnc(Nc3cccc(Br)c3)c2cn1
443,5.540607512240769,nM,CHEMBL1256432,CN1CCN([C@H]2CC[C@H](n3nc(-c4ccc(Nc5nc6cccc(Cl)c6o5)c(F)c4)c4c(N)ncnc43)CC2)CC1
444,4.962573502059377,nM,CHEMBL1257795,N#Cc1ccc2c(c1)C(c1ccccc1F)=Nc1c[nH]nc1N2
445,6.004803708402821,nM,CHEMBL1257911,Nc1ccc2c(c1)C(c1ccccc1Cl)=Nc1c[nH]nc1N2
446,6.139063379299907,nM,CHEMBL1257912,CC(=O)Nc1ccc2c(c1)C(c1ccccc1Cl)=Nc1c[nH]nc1N2
447,5.638272163982407,nM,CHEMBL1257998,CN1CCN([C@H]2CC[C@H](n3nc(-c4ccc(Nc5nc6cccc(Cl)c6o5)cc4)c4c(N)ncnc43)CC2)CC1
448,7.400007822415902,nM,CHEMBL126137,CN(C)CCN(C)c1cc2ncnc(Nc3cccc(Br)c3)c2cn1
449,8.698970004336019,nM,CHEMBL126192,CCOc1cc2ncnc(Nc3cccc(-c4nccs4)c3)c2cc1OCC
450,9.040005161671584,nM,CHEMBL126372,OCC(O)CNc1cc2ncnc(Nc3cccc(Br)c3)c2cn1
451,8.270025714300445,nM,CHEMBL126384,Brc1cccc(Nc2ncnc3cc(NCCCCN4CCOCC4)ncc23)c1
452,5.318758762624412,nM,CHEMBL126456,CCOc1cc2ncnc(Nc3cccc(-c4csc(C)n4)c3)c2cc1OCC
453,5.031517051446064,nM,CHEMBL126483,CCOc1cc2nc(CC)nc(Nc3cccc(-c4csc(C)n4)c3)c2cc1OCC
454,8.721246399047171,nM,CHEMBL126623,Brc1cccc(Nc2ncnc3cc(NCCCN4CCOCC4)ncc23)c1
455,9.292429823902063,nM,CHEMBL126791,Brc1cccc(Nc2ncnc3cc(NCCCn4ccnc4)ncc23)c1
456,8.059981844992336,nM,CHEMBL126893,CN(C)CCCNc1cc2ncnc(Nc3cccc(Br)c3)c2cn1
457,7.79997073344623,nM,CHEMBL126903,CN(CC(=O)O)c1cc2ncnc(Nc3cccc(Br)c3)c2cn1
458,6.142667503568732,nM,CHEMBL126996,CCOc1cc2ncnc(Nc3cccc(-c4cocn4)c3)c2cc1OCC
459,9.61996975203217,nM,CHEMBL127041,OCCNc1cc2ncnc(Nc3cccc(Br)c3)c2cn1
460,8.920818753952375,nM,CHEMBL127058,OCCN(CCO)CCCNc1cc2ncnc(Nc3cccc(Br)c3)c2cn1
461,5.296880653763922,nM,CHEMBL1270795,CSc1cn2c(-c3cn[nH]c3)cnc2c(Nc2cc(C)ns2)n1
462,8.853871964321762,nM,CHEMBL127082,CNc1cc2ncnc(Nc3cccc(C)c3)c2cn1
463,7.050609993355088,nM,CHEMBL1271507,CN1CCN(C/C=C/C(=O)N2CCc3c(sc4ncnc(N[C@H](CO)c5ccccc5)c34)C2)CC1
464,7.920818753952375,nM,CHEMBL1271562,CC[C@@H](Nc1ncnc2sc3c(c12)CCN(C(=O)/C=C/CN(C)C)C3)c1ccccc1
465,6.826813731587726,nM,CHEMBL1271618,CN(C)C/C=C/C(=O)N1CCc2c(sc3ncnc(N[C@H](CO)Cc4ccccc4)c23)C1
466,5.311224344727156,nM,CHEMBL1271619,CN(C)C/C=C/C(=O)N1CCc2c(sc3ncnc(NCCO)c23)C1
467,6.142667503568732,nM,CHEMBL1271950,OC[C@@H](Nc1ncnc2sc3c(c12)CCCC3)c1ccccc1
468,5.962573502059376,nM,CHEMBL1272006,OC[C@@H](Nc1ncnc2sc3c(c12)CCC3)c1ccccc1
469,8.096910013008056,nM,CHEMBL1272061,C=CC(=O)N1CCc2c(sc3ncnc(N[C@H](CO)c4ccccc4)c23)C1
470,5.896196279044043,nM,CHEMBL1272113,CC#CC(=O)N1CCc2c(sc3ncnc(N[C@H](CO)c4ccccc4)c23)C1
471,7.040958607678907,nM,CHEMBL1272167,C=CS(=O)(=O)N1CCc2c(sc3ncnc(N[C@H](CO)c4ccccc4)c23)C1
472,5.514704561273911,nM,CHEMBL1272168,C=CC(=O)N1CCc2c(sc3ncnc(N[C@@H](CO)c4ccccc4)c23)C1
473,7.698970004336019,nM,CHEMBL1272222,C=CC(=O)N1CCc2c(sc3ncnc(N[C@H](C)c4ccccc4)c23)C1
474,7.337242168318426,nM,CHEMBL1272223,C=CC(=O)N1CCc2c(sc3ncnc(N[C@H](CC)c4ccccc4)c23)C1
475,7.744727494896694,nM,CHEMBL127223,CCOc1cc2ncnc(Nc3cccc(-c4cscn4)c3)c2cc1OCC
476,7.154901959985743,nM,CHEMBL1272276,CN(C)C/C=C/C(=O)N1CCc2c(sc3ncnc(N[C@H](CO)c4ccccc4)c23)C1
477,8.045757490560675,nM,CHEMBL1272324,CCN(CC)C/C=C/C(=O)N1CCc2c(sc3ncnc(N[C@H](CO)c4ccccc4)c23)C1
478,7.67778070526608,nM,CHEMBL1272325,O=C(/C=C/CN1CCOCC1)N1CCc2c(sc3ncnc(N[C@H](CO)c4ccccc4)c23)C1
479,6.4089353929735005,nM,CHEMBL127367,CCOc1cc2ncnc(Nc3cccc(-c4nc[nH]n4)c3)c2cc1OCC
480,8.494850021680094,nM,CHEMBL127611,CN(CC(O)C(O)C(O)C(O)CO)c1cc2ncnc(Nc3cccc(Br)c3)c2cn1
481,6.761953896871205,nM,CHEMBL1276179,CN1C[C@@H]2C[C@H]1CN2c1cc(F)c(-c2ccnc3c(-c4cccc5[nH]ncc45)c(-c4ccncc4)nn23)c(F)c1
482,5.2441251443275085,nM,CHEMBL1277620,COc1cc2ncnc(Nc3ccc(Br)cc3F)c2cc1OC
483,5.229147988357856,nM,CHEMBL1278149,COc1cc2ncnc(Oc3ccc(Br)c(F)c3)c2cc1OC
484,5.045757490560675,nM,CHEMBL128027,CCOc1cc2nc(C)nc(Nc3cccc(-c4csc(C)n4)c3)c2cc1OCC
485,7.349984047528162,nM,CHEMBL128432,CN(C)CCNc1cc2ncnc(Nc3cccc(Br)c3)c2cn1
486,8.853871964321762,nM,CHEMBL128467,O=S(=O)(O)CCNc1cc2ncnc(Nc3cccc(Br)c3)c2cn1
487,9.55284196865778,nM,CHEMBL128468,O=C(O)CCCNc1cc2ncnc(Nc3cccc(Br)c3)c2cn1
488,7.920818753952375,nM,CHEMBL128759,OCCN(CCO)c1cc2ncnc(Nc3cccc(Br)c3)c2cn1
489,8.494850021680094,nM,CHEMBL128987,Brc1cccc(Nc2ncnc3cc(NCCN4CCOCC4)ncc23)c1
490,8.031517051446064,nM,CHEMBL129509,Cc1cccc(Nc2ncnc3cc(NCCCN4CCOCC4)ncc23)c1
491,8.320027305722581,nM,CHEMBL129579,OCC(O)C(O)C(O)C(O)CNc1cc2ncnc(Nc3cccc(Br)c3)c2cn1
492,8.079981083971084,nM,CHEMBL129824,CN(C)CCCCCNc1cc2ncnc(Nc3cccc(Br)c3)c2cn1
493,8.130768280269024,nM,CHEMBL129825,CN(C)CCCCNc1cc2ncnc(Nc3cccc(Br)c3)c2cn1
494,6.481486060122113,nM,CHEMBL129946,CCN(C)[C@H]1C[C@@H]2O[C@](C)([C@H]1OC)n1c3ccccc3c3c4c(c5c6ccccc6n2c5c31)C(=O)NC4
495,5.619788758288394,nM,CHEMBL130049,COC(=O)N(C)[C@H]1C[C@@H]2O[C@](C)([C@H]1OC)n1c3ccccc3c3c4c(c5c6ccccc6n2c5c31)C(=O)NC4
496,5.585026652029182,nM,CHEMBL130163,CO[C@H]1[C@@H](N(C)C(C)=O)C[C@@H]2O[C@@]1(C)n1c3ccccc3c3c4c(c5c6ccccc6n2c5c31)C(=O)NC4
497,5.318758762624412,nM,CHEMBL130208,CO[C@H]1[C@@H](N(C)C(=O)c2cccc([N+](=O)[O-])c2)C[C@@H]2O[C@@]1(C)n1c3ccccc3c3c4c(c5c6ccccc6n2c5c31)C(=O)NC4
498,5.958607314841776,nM,CHEMBL131020,CO[C@H]1[C@@H](N(C)S(C)(=O)=O)C[C@@H]2O[C@@]1(C)n1c3ccccc3c3c4c(c5c6ccccc6n2c5c31)C(=O)NC4
499,6.040958607678906,nM,CHEMBL131193,CO[C@H]1[C@@H](N(C)Cc2ccccc2)C[C@@H]2O[C@@]1(C)n1c3ccccc3c3c4c(c5c6ccccc6n2c5c31)C(=O)NC4
500,5.958607314841776,nM,CHEMBL131426,CO[C@H]1[C@@H](N(C)CCC#N)C[C@@H]2O[C@@]1(C)n1c3ccccc3c3c4c(c5c6ccccc6n2c5c31)C(=O)NC4
501,5.327902142064284,nM,CHEMBL131590,CO[C@H]1[C@@H](N(C)C(=O)c2ccccc2Cl)C[C@@H]2O[C@@]1(C)n1c3ccccc3c3c4c(c5c6ccccc6n2c5c31)C(=O)NC4
502,4.612610173661271,nM,CHEMBL131653,COC(=O)c1cc(NCc2cc(O)ccc2O)ccc1O
503,5.154901959985743,nM,CHEMBL131715,CO[C@H]1[C@@H](N(C)C(=O)c2ccc(Cl)cc2)C[C@@H]2O[C@@]1(C)n1c3ccccc3c3c4c(c5c6ccccc6n2c5c31)C(=O)NC4
504,5.443697499232713,nM,CHEMBL132169,COc1ccc(C(=O)N(C)[C@H]2C[C@@H]3O[C@](C)([C@H]2OC)n2c4ccccc4c4c5c(c6c7ccccc7n3c6c42)C(=O)NC5)cc1
505,7.508638306165727,nM,CHEMBL132348,CO[C@H]1[C@@H](N(C)CC(=O)O)C[C@@H]2O[C@@]1(C)n1c3ccccc3c3c4c(c5c6ccccc6n2c5c31)C(=O)NC4
506,4.744727494896694,nM,CHEMBL132466,COc1cc2cc3ncc(C#N)c(Nc4ccc(F)c(Cl)c4)c3cc2cc1OC
507,6.826813731587726,nM,CHEMBL1328065,Oc1ccccc1-c1nc(NCc2cccnc2)c2ccccc2n1
508,7.619788758288394,nM,CHEMBL133023,Cc1cccc(Nc2ncnc3ccc(/N=N/N(C)C)cc23)c1
509,7.0,nM,CHEMBL133024,C/N=N/Nc1ccc2ncnc(Nc3cccc(Cl)c3)c2c1
510,7.22921037802671,nM,CHEMBL1336,CNC(=O)c1cc(Oc2ccc(NC(=O)Nc3ccc(Cl)c(C(F)(F)F)c3)cc2)ccn1
511,7.958607314841775,nM,CHEMBL134312,CN(C)/N=N/c1ccc2ncnc(Nc3cccc(Br)c3)c2c1
512,9.431798275933003,nM,CHEMBL134371,O=C(O)/C=C/C(=O)Nc1ccc2ncnc(Nc3cccc(Br)c3)c2c1
513,4.679853713888947,nM,CHEMBL1348499,COc1ccc(Nc2nc(Cl)nc(NCc3ccco3)n2)cc1
514,5.522878745280338,nM,CHEMBL13485,CCN(CC)CCNC(=O)c1c(C)[nH]c(/C=C2\C(=O)Nc3ccc(Cl)cc32)c1C
515,8.756961951313706,nM,CHEMBL135142,O=C(/C=C/C(F)(F)F)Nc1ccc2ncnc(Nc3cccc(Br)c3)c2c1
516,5.337242168318426,nM,CHEMBL135577,CCN(CC)CCNC(=O)c1c([Se][Se]c2[nH]c3ccccc3c2C(=O)NCCN(CC)CC)[nH]c2ccccc12
517,5.096910013008056,nM,CHEMBL135592,C/N=N/Nc1ccc2ncnc(N(C)c3ccccc3)c2c1
518,8.522878745280337,nM,CHEMBL1358485,CCN(CC)CC1CCN(c2ncc3ncnc(Nc4ccc(F)c(Cl)c4)c3n2)CC1
519,7.698970004336019,nM,CHEMBL135853,COc1cc2ncnc(Oc3cccc(Cl)c3)c2cc1OC
520,4.886056647693164,nM,CHEMBL135861,CNC(=O)c1c([Se][Se]c2[nH]c3ccccc3c2C(=O)NC)[nH]c2ccccc12
521,8.0,nM,CHEMBL135902,COc1cc2ncnc(Sc3cccc(Cl)c3)c2cc1OC
522,9.09151498112135,nM,CHEMBL136058,O=C(/C=C/C(=O)Nc1cc2c(Nc3cccc(Br)c3)ncnc2cn1)NCCCN1CCOCC1
523,8.838631997765026,nM,CHEMBL136102,CN(C)CCCNC(=O)/C=C/C(=O)N(C)c1cc2c(Nc3cccc(Br)c3)ncnc2cn1
524,8.920818753952375,nM,CHEMBL136178,CC(=O)/C=C/C(=O)Nc1ccc2ncnc(Nc3cccc(Br)c3)c2c1
525,5.0,nM,CHEMBL13629,CCN(CC)CCNC(=O)c1c(C)[nH]c(/C=C2\C(=O)Nc3ccc(Br)cc32)c1C
526,9.30102999566398,nM,CHEMBL136404,C/C=C/C(=O)Nc1cc2c(Nc3cccc(Br)c3)ncnc2cn1
527,7.853871964321762,nM,CHEMBL136491,CN(C)/N=N/c1ccc2ncnc(Nc3cccc(Cl)c3)c2c1
528,5.075720713938118,nM,CHEMBL136492,CN(c1ccccc1)c1ncnc2ccc(N)cc12
529,8.853871964321762,nM,CHEMBL136511,C=CS(=O)(=O)Nc1ccc2ncnc(Nc3cccc(Br)c3)c2c1
530,5.406713932979543,nM,CHEMBL1365395,Cc1ccc2c(C)nc(Nc3nc(O)cc(CSc4nnnn4-c4ccccc4)n3)nc2c1
531,7.148741651280925,nM,CHEMBL136674,COCC/N=N/Nc1ccc2ncnc(Nc3cccc(Br)c3)c2c1
532,6.316952961761151,nM,CHEMBL137027,CN(C)/N=N/c1ccc2ncnc(NCc3ccccc3)c2c1
533,6.698970004336019,nM,CHEMBL137189,C/N=N/Nc1ccc2ncnc(Nc3cccc(C)c3)c2c1
534,7.193820026016113,nM,CHEMBL137364,Brc1cccc(Nc2ncnc3ccc(N/N=N/CCN4CCOCC4)cc23)c1
535,7.42021640338319,nM,CHEMBL137534,CN(C)CC/N=N/Nc1ccc2ncnc(Nc3cccc(Br)c3)c2c1
536,7.4089353929735005,nM,CHEMBL137617,C/N=N/Nc1ccc2ncnc(Nc3cccc(Br)c3)c2c1
537,6.474955192963155,nM,CHEMBL137788,C/N=N/Nc1ccc2ncnc(NCc3ccccc3)c2c1
538,7.119186407719209,nM,CHEMBL1380839,CCN=C(S)NNc1nncc2ccccc12
539,8.795880017344075,nM,CHEMBL138363,C=C(C)C(=O)Nc1cc2c(Nc3cccc(Br)c3)ncnc2cn1
540,8.3767507096021,nM,CHEMBL138691,C=CC(=O)N(CCN(C)C)c1cc2c(Nc3cccc(Br)c3)ncnc2cn1
541,8.958607314841775,nM,CHEMBL139044,C=C/C=C/C(=O)Nc1cc2c(Nc3cccc(Br)c3)ncnc2cn1
542,9.119987161633228,nM,CHEMBL139095,C=CS(=O)(=O)Nc1cc2c(Nc3cccc(Br)c3)ncnc2cn1
543,8.481486060122112,nM,CHEMBL139307,C=CC(=O)N(CCCN1CCOCC1)c1ccc2ncnc(Nc3cccc(Br)c3)c2c1
544,5.062983892535186,nM,CHEMBL140,COc1cc(/C=C/C(=O)CC(=O)/C=C/c2ccc(O)c(OC)c2)ccc1O
545,3.300000003143146,nM,CHEMBL140213,CC(C)(C)Oc1cc(/C=C(\C#N)C(=N)S)cc(C(C)(C)C)c1O
546,8.619788758288394,nM,CHEMBL140561,CN(C)CCCOC(=O)/C=C/C(=O)Nc1ccc2ncnc(Nc3cccc(Br)c3)c2c1
547,4.800000052738446,nM,CHEMBL141175,COc1cc(/C=C(/C#N)C(N)=O)cc(CSCc2ccc(Cl)cc2)c1O
548,4.719999935717911,nM,CHEMBL141238,Cc1cc(C)c(NC(=O)/C(C#N)=C/c2ccc(O)c(O)c2)c(C)c1
549,5.770000934050708,nM,CHEMBL143212,COc1cc(/C=C(\C#N)C(N)=O)cc(CSc2cccc3ccccc23)c1O
550,5.520000247408365,nM,CHEMBL143805,N#C/C(=C\c1ccc(O)c(O)c1)C(=O)NCc1ccc(O)cc1
551,5.795880017344075,nM,CHEMBL144159,N#C/C(=C\c1ccc(O)c(O)c1)C(=O)NCc1cccc(CNC(=O)/C(C#N)=C/c2ccc(O)c(O)c2)c1
552,6.221848749616356,nM,CHEMBL144589,N#C/C(=C\c1ccc(O)c(O)c1)C(=O)NCCCCNC(=O)/C(C#N)=C/c1ccc(O)c(O)c1
553,6.154901959985743,nM,CHEMBL144760,N#C/C(=C\c1ccc(O)c(O)c1)C(=O)NCCCCCCNC(=O)/C(C#N)=C/c1ccc(O)c(O)c1
554,6.468521082957745,nM,CHEMBL144770,N#C/C(=C\c1cc(O)c(O)c(Br)c1)C(=O)NCCCNC(=O)/C(C#N)=C/c1cc(O)c(O)c(Br)c1
555,5.6777807052660805,nM,CHEMBL144778,N#C/C(=C\c1ccc(O)c(O)c1)C(=O)NC1CCCC[C@@H]1NC(=O)/C(C#N)=C/c1ccc(O)c(O)c1
556,6.070581074285707,nM,CHEMBL144791,N#C/C(=C\c1cc(O)c(O)c(Br)c1)S(=O)(=O)/C(C#N)=C/c1cc(O)c(O)c(Br)c1
557,4.978810700930063,nM,CHEMBL1448,O=C(Nc1ccc([N+](=O)[O-])cc1Cl)c1cc(Cl)ccc1O
558,6.154901959985743,nM,CHEMBL144842,N#C/C(=C\c1ccc(O)c(O)c1)C(=O)NCCCCCNC(=O)/C(C#N)=C/c1ccc(O)c(O)c1
559,6.301029995663981,nM,CHEMBL144908,N#C/C(=C\c1ccc(O)c(O)c1)C(=O)NCCNC(=O)/C(C#N)=C/c1ccc(O)c(O)c1
560,4.721246399047172,nM,CHEMBL145266,COc1cc(/C=C(\C#N)C(=O)NCCCCNC(=O)/C(C#N)=C/c2cc(OC)c(O)c([N+](=O)[O-])c2)cc([N+](=O)[O-])c1O
561,7.130768280269024,nM,CHEMBL14627,O=C(NCCCCOc1ccc2ncnc(Nc3ccc(OCc4ccccc4)cc3)c2c1)C(F)(F)F
562,6.080921907623926,nM,CHEMBL14874,CN(CCCOc1ccc2ncnc(Nc3ccc(OCc4ccccc4)cc3)c2c1)CCS(C)(=O)=O
563,7.010016541698601,nM,CHEMBL14932,Oc1ccc2ncnc(Nc3ccc(OCc4ccccc4)cc3)c2c1
564,6.130768280269024,nM,CHEMBL149512,Brc1cccc(Nc2ncnc3c2oc2ccccc23)c1
565,6.982966660701219,nM,CHEMBL14952,CS(=O)(=O)CCNCCCOc1ccc2ncnc(Nc3ccc(OCc4ccccc4)cc3)c2c1
566,4.071604147743287,nM,CHEMBL150177,Cc1[nH]c(/C=C2\C(=O)Nc3ccc(S(N)(=O)=O)cc32)c(C)c1CCC(=O)O
567,6.578396073130169,nM,CHEMBL150280,c1ccc(Nc2[nH]cnc3nc4ccccc4c2-3)cc1
568,5.455931955649724,nM,CHEMBL1504817,O=C1NN(c2ccc(F)c(Cl)c2)C(=O)/C1=C\c1cccc(OC(=O)c2cccs2)c1
569,8.568636235841012,nM,CHEMBL151593,CO.Nc1cccc2c1sc1c(Nc3cccc(Br)c3)ncnc12
570,7.169989064063882,nM,CHEMBL15202,COc1ccc2ncnc(Nc3ccc(OCc4ccccc4)cc3)c2c1
571,9.568636235841012,nM,CHEMBL152905,Nc1ccc2sc3c(Nc4cccc(Br)c4)ncnc3c2c1
572,6.1295960947209736,nM,CHEMBL152984,Cn1c2ccccc2c2c(Nc3cccc(Br)c3)ncnc21
573,7.537602002101044,nM,CHEMBL153170,Brc1cccc(Nc2ncnc3ccc4[nH]cnc4c23)c1
574,8.920818753952375,nM,CHEMBL153206,COc1ccc2[nH]c3ncnc(Nc4cccc(Br)c4)c3c2c1
575,6.135488918941609,nM,CHEMBL153409,Brc1cccc(Nc2ncnc3c2sc2ncccc23)c1
576,7.130768280269024,nM,CHEMBL15346,CS(=O)(=O)CCNCCCCOc1ccc2ncnc(Nc3ccc(OCc4ccccc4)cc3)c2c1
577,5.369572124974976,nM,CHEMBL153518,CCN(CC)CCn1c2ccc(OC)cc2c2c(Nc3cccc(Br)c3)ncnc21
578,8.906578314837764,nM,CHEMBL153525,Brc1cccc(Nc2ncnc3ccc4cc[nH]c4c23)c1
579,9.0,nM,CHEMBL153573,Nc1cc2sc3c(Nc4cccc(Br)c4)ncnc3c2cc1F
580,7.703334809738469,nM,CHEMBL153739,CN(C)c1ccc2sc3c(Nc4cccc(Br)c4)ncnc3c2c1
581,4.98296666070122,nM,CHEMBL153843,O=C(Nc1cccc(C(F)(F)F)c1)c1ccccc1NCc1ccncc1
582,4.6197887582883945,nM,CHEMBL154260,O=C(CCc1c(SSc2[nH]c3ccccc3c2CCC(=O)NCCc2ccccc2)[nH]c2ccccc12)NCCc1ccccc1
583,6.974694134735231,nM,CHEMBL1545480,Cc1cc(NC(=O)CCl)no1
584,5.0,nM,CHEMBL154580,C=CC(=O)c1ccc2ccccc2c1
585,4.0,nM,CHEMBL154911,O=C(CCC1C(S)=Nc2ccccc21)NCc1ccccc1
586,4.167491087293764,nM,CHEMBL154969,CONC(=O)CCc1c(SSc2[nH]c3ccccc3c2CCC(=O)NOC)[nH]c2ccccc12
587,6.565431095965801,nM,CHEMBL155100,Brc1cccc(Nc2ncnc3c2ccc2[nH]cnc23)c1
588,8.67778070526608,nM,CHEMBL155278,Cc1cccc(Nc2ncnc3c2sc2ccc(N)cc23)c1
589,4.0,nM,CHEMBL155389,O=C(CC1C(S)=Nc2ccccc21)NCc1ccccc1
590,4.657577319177794,nM,CHEMBL155607,NC(=O)CCC1C(S)=Nc2ccccc21
591,8.0,nM,CHEMBL155761,CS(=O)(=O)CCNc1nc(-c2ccc3ncnc(Nc4ccc(OCc5cccc(F)c5)c(Cl)c4)c3c2)cs1
592,4.0,nM,CHEMBL156555,O=C(CCCc1c(SSc2[nH]c3ccccc3c2CCCC(=O)NCc2ccccc2)[nH]c2ccccc12)NCc1ccccc1
593,4.795880017344076,nM,CHEMBL157021,NC(=O)CCc1c(SSc2[nH]c3ccccc3c2CCC(N)=O)[nH]c2ccccc12
594,7.455931955649724,nM,CHEMBL157084,CS(=O)(=O)CCNc1nc(-c2ccc3ncnc(Nc4ccc(F)c(Cl)c4)c3c2)cs1
595,6.823908740944319,nM,CHEMBL157128,COCC1CCCN1CC#CC(=O)Nc1ccc2ncc(C#N)c(Nc3cccc(Br)c3)c2c1
596,4.327902142064283,nM,CHEMBL157304,N#CCCc1c(SSc2[nH]c3ccccc3c2CCC#N)[nH]c2ccccc12
597,5.327902142064284,nM,CHEMBL157807,Cn1c(SSc2c(C(N)=O)c3ccccc3n2C)c(C(N)=O)c2ccccc21
598,4.050609993355088,nM,CHEMBL158119,O=[N+]([O-])CCc1c(SSc2[nH]c3ccccc3c2CC[N+](=O)[O-])[nH]c2ccccc12
599,4.366531544420414,nM,CHEMBL158797,Cn1c(SSc2c(C(=O)NCC(O)CO)c3ccccc3n2C)c(C(=O)NCC(O)CO)c2ccccc21
600,4.673664139071249,nM,CHEMBL160207,CN(C)C(=O)c1c(SSc2c(C(=O)N(C)C)c3ccccc3n2C)n(C)c2ccccc12
601,5.161150909262745,nM,CHEMBL160566,Cn1c(SSc2c(C#N)c3ccccc3n2C)c(C#N)c2ccccc21
602,8.096910013008056,nM,CHEMBL160846,CS(=O)(=O)CCNc1nc(-c2ccc3ncnc(Nc4ccc(OCc5ccccc5)c(Cl)c4)c3c2)cs1
603,5.113509274827518,nM,CHEMBL160935,Cn1c(SSc2c(C(=O)c3ccco3)c3ccccc3n2C)c(C(=O)c2ccco2)c2ccccc21
604,5.214670164989233,nM,CHEMBL161226,CNC(=O)c1c(SSc2[nH]c3ccccc3c2C(=O)NC)[nH]c2ccccc12
605,8.018106086327222,nM,CHEMBL1614725,CC(C)(O)CC(=O)NCCn1ccc2ncnc(Nc3ccc(Oc4cccc(C(F)(F)F)c4)c(Cl)c3)c21
606,8.886056647693163,nM,CHEMBL161895,Cc1cccc(Nc2ncnc3cnc(NCCc4c[nH]cn4)cc23)c1
607,7.091514981121351,nM,CHEMBL1619395,CCN1CCN(CC(=O)Nc2cc(C)on2)CC1
608,9.657577319177792,nM,CHEMBL161956,CN(CCO)c1cc2c(Nc3cccc(Br)c3)ncnc2cn1
609,8.958607314841775,nM,CHEMBL162034,CN(C)CCNc1cc2c(Nc3cccc(Br)c3)ncnc2cn1
610,8.09151498112135,nM,CHEMBL162053,CN(C)CCN(C)c1cc2c(Nc3cccc(Br)c3)ncnc2cn1
611,9.10790539730952,nM,CHEMBL162142,Brc1cccc(Nc2ncnc3cnc(NCCc4c[nH]cn4)cc23)c1
612,8.920818753952375,nM,CHEMBL162223,Brc1cccc(Nc2ncnc3cnc(NCCc4ccccn4)cc23)c1
613,8.193820026016112,nM,CHEMBL162719,CN1CCN(c2cc3c(Nc4cccc(Br)c4)ncnc3cn2)CC1
614,9.346787486224656,nM,CHEMBL162821,CNc1cc2c(Nc3cccc(C)c3)ncnc2cn1
615,8.769551078621726,nM,CHEMBL162981,Brc1cccc(Nc2ncnc3cnc(NCCCn4ccnc4)cc23)c1
616,8.602059991327963,nM,CHEMBL1630107,O=C(/C=C/c1ccc(-c2ccc3ncnc(Nc4ccc(OCc5cccc(F)c5)c(Cl)c4)c3c2)o1)NO
617,8.318758762624412,nM,CHEMBL1630108,O=C(/C=C/c1ccc(-c2ccc3ncnc(Nc4ccc(OCc5cccc(F)c5)c(Cl)c4)c3c2)s1)NO
618,7.744727494896694,nM,CHEMBL1630109,O=C(/C=C/c1cccc(-c2ccc3ncnc(Nc4ccc(OCc5cccc(F)c5)c(Cl)c4)c3c2)c1)NO
619,7.744727494896694,nM,CHEMBL1630110,O=C(/C=C/c1ccc(-c2ccc3ncnc(Nc4ccc(OCc5cccc(F)c5)c(Cl)c4)c3c2)cc1)NO
620,8.537602002101044,nM,CHEMBL1630111,Nc1ccccc1NC(=O)c1ccc(-c2ccc3ncnc(Nc4ccc(OCc5cccc(F)c5)c(Cl)c4)c3c2)o1
621,8.55284196865778,nM,CHEMBL1630112,Nc1ccccc1NC(=O)c1ccc(-c2ccc3ncnc(Nc4ccc(OCc5cccc(F)c5)c(Cl)c4)c3c2)s1
622,7.585026652029182,nM,CHEMBL1630113,Nc1ccccc1NC(=O)/C=C/c1ccc(-c2ccc3ncnc(Nc4ccc(OCc5cccc(F)c5)c(Cl)c4)c3c2)o1
623,7.309803919971486,nM,CHEMBL1630114,Nc1ccccc1NC(=O)/C=C/c1cccc(-c2ccc3ncnc(Nc4ccc(OCc5cccc(F)c5)c(Cl)c4)c3c2)c1
624,7.537602002101044,nM,CHEMBL1630115,Nc1ccccc1NC(=O)/C=C/c1ccc(-c2ccc3ncnc(Nc4ccc(OCc5cccc(F)c5)c(Cl)c4)c3c2)cc1
625,7.823908740944319,nM,CHEMBL1630116,Nc1ccccc1NC(=O)CCc1ccc(-c2ccc3ncnc(Nc4ccc(OCc5cccc(F)c5)c(Cl)c4)c3c2)cc1
626,8.4089353929735,nM,CHEMBL1630117,O=C(NO)c1ccc(-c2ccc3ncnc(Nc4ccc(OCc5cccc(F)c5)c(Cl)c4)c3c2)o1
627,8.657577319177793,nM,CHEMBL1630118,O=C(NO)c1ccc(-c2ccc3ncnc(Nc4ccc(OCc5cccc(F)c5)c(Cl)c4)c3c2)s1
628,4.690433704106227,nM,CHEMBL1630578,C[C@@H]1C[C@H]2[C@@H]3CCC4=CC(=O)C=C[C@]4(C)C3=CC[C@]2(C)[C@H]1C(=O)CN1CCN(c2cc(N3CCCC3)nc(N3CCCC3)n2)CC1
629,7.568636235841013,nM,CHEMBL163168,O=C(O)CCNc1cc2c(Nc3cccc(Br)c3)ncnc2cn1
630,8.55284196865778,nM,CHEMBL163188,Cc1cccc(Nc2ncnc3cnc(N(C)C)cc23)c1
631,9.455931955649724,nM,CHEMBL163369,OCCN(CCO)CCCNc1cc2c(Nc3cccc(Br)c3)ncnc2cn1
632,5.3872161432802645,nM,CHEMBL1641989,CN(C)CCCC(=O)Nc1ccc2c(C#N)cnc(Nc3cccc(Br)c3)c2c1
633,6.823908740944319,nM,CHEMBL1641990,CN(C)C/C=C/C(=O)Nc1ccc2c(C#N)cnc(Nc3cccc(Br)c3)c2c1
634,4.681936665037239,nM,CHEMBL1641991,CCC(=O)Nc1ccc2c(C#N)cnc(Nc3cccc(Br)c3)c2c1
635,5.886056647693163,nM,CHEMBL1641992,CN1CCN(CCC(=O)Nc2ccc3c(C#N)cnc(Nc4cccc(Br)c4)c3c2)CC1
636,5.161150909262745,nM,CHEMBL1641993,N#Cc1cnc(Nc2cccc(Br)c2)c2cc(NC(=O)CCN3CCOCC3)ccc12
637,4.892790030352132,nM,CHEMBL1641994,CCOC(=O)Nc1ccc2c(C#N)cnc(Nc3cccc(Br)c3)c2c1
638,5.657577319177794,nM,CHEMBL1641995,N#Cc1cnc(Nc2cccc(Br)c2)c2cc(NC(=O)[C@@H]3CCC(=O)N3)ccc12
639,4.254925208417943,nM,CHEMBL1641996,N#Cc1cnc(Nc2cccc(Br)c2)c2cc(NC(=O)c3ccco3)ccc12
640,4.3448615651886175,nM,CHEMBL1641997,N#Cc1cnc(Nc2cccc(Br)c2)c2cc(NC(=O)c3ccoc3)ccc12
641,4.5528419686577815,nM,CHEMBL1641998,N#Cc1cnc(Nc2cccc(Br)c2)c2cc(NC(=O)CCc3cc4ccccc4[nH]3)ccc12
642,8.259637310505756,nM,CHEMBL1643971,C=CC(=O)Nc1cccc(Oc2nc(Nc3ccc(N4CCOCC4)cc3OC)ncc2Cl)c1
643,6.173925197299174,nM,CHEMBL1645465,C#Cc1cccc(Nc2ncnn3ccc(COC[C@@H]4CNCCO4)c23)c1
644,8.0,nM,CHEMBL1645466,C#Cc1cccc(Nc2ncnn3ccc(CN4CCC(N)CC4)c23)c1
645,7.397940008672037,nM,CHEMBL1645467,NC1CCN(Cc2ccn3ncnc(Nc4ccccc4)c23)CC1
646,6.180456064458132,nM,CHEMBL1645469,Cc1ccccc1Nc1ncnn2ccc(CN3CCC(N)CC3)c12
647,7.698970004336019,nM,CHEMBL1645470,Cc1cccc(Nc2ncnn3ccc(CN4CCC(N)CC4)c23)c1
648,7.301029995663981,nM,CHEMBL1645471,Cc1ccc(Nc2ncnn3ccc(CN4CCC(N)CC4)c23)cc1
649,7.494850021680094,nM,CHEMBL1645472,NC1CCN(Cc2ccn3ncnc(Nc4cccc(F)c4)c23)CC1
650,8.045757490560675,nM,CHEMBL1645473,NC1CCN(Cc2ccn3ncnc(Nc4cccc(Cl)c4)c23)CC1
651,8.221848749616356,nM,CHEMBL1645474,NC1CCN(Cc2ccn3ncnc(Nc4cccc(Br)c4)c23)CC1
652,6.886056647693163,nM,CHEMBL1645475,NC1CCN(Cc2ccn3ncnc(Nc4cc(Cl)cc(Cl)c4)c23)CC1
653,8.0,nM,CHEMBL1645476,NC1CCN(Cc2ccn3ncnc(Nc4ccc(F)c(Cl)c4)c23)CC1
654,6.6777807052660805,nM,CHEMBL1645477,COc1ccc(Nc2ncnn3ccc(CN4CCC(N)CC4)c23)cc1Cl
655,8.508638306165727,nM,CHEMBL165495,Cc1cccc(Nc2ncnc3cnc(N)cc23)c1
656,9.2518119729938,nM,CHEMBL165547,CN(CC(O)CO)c1cc2c(Nc3cccc(Br)c3)ncnc2cn1
657,9.031517051446064,nM,CHEMBL165630,OCCN(CCO)CCNc1cc2c(Nc3cccc(Br)c3)ncnc2cn1
658,8.958607314841775,nM,CHEMBL165788,CNc1cc2c(Nc3cccc(C(F)(F)F)c3)ncnc2cn1
659,9.721246399047171,nM,CHEMBL165864,OCCNc1cc2c(Nc3cccc(Br)c3)ncnc2cn1
660,9.744727494896694,nM,CHEMBL166093,OCC(O)CNc1cc2c(Nc3cccc(Br)c3)ncnc2cn1
661,9.721246399047171,nM,CHEMBL166154,CNc1cc2c(Nc3cccc(Cl)c3)ncnc2cn1
662,8.769551078621726,nM,CHEMBL166255,CN(CCO)CCNc1cc2c(Nc3cccc(Br)c3)ncnc2cn1
663,8.4089353929735,nM,CHEMBL166307,CN1CCN(NCCCNc2cc3c(Nc4cccc(Br)c4)ncnc3cn2)CC1
664,8.920818753952375,nM,CHEMBL166358,CN(C)CCCNc1cc2c(Nc3cccc(Br)c3)ncnc2cn1
665,6.221848749616356,nM,CHEMBL166765,Nc1ncnc2c1c(-c1ccc(O)cc1)cn2C1CCC1
666,6.136677139879545,nM,CHEMBL166766,Nc1ncnc2c1c(-c1ccccc1)cn2C1CCC1
667,5.54975089168064,nM,CHEMBL168266,Nc1ncnc2c1c(-c1ccccc1)cn2C1CC(O)C1
668,6.102372908709558,nM,CHEMBL168285,Nc1ncnc2c1c(-c1ccccc1)cn2C1CCC(O)C1
669,6.337242168318426,nM,CHEMBL168382,COc1cccc(-c2cn(C3CCCC3)c3ncnc(N)c23)c1
670,5.958607314841776,nM,CHEMBL1683949,Cc1cc(Nc2ccc(OCc3cccc(F)c3)c(Cl)c2)ncn1
671,5.920818753952375,nM,CHEMBL1683950,Fc1cccc(COc2ccc(Nc3cc(-c4ccccc4)ncn3)cc2Cl)c1
672,4.327902142064283,nM,CHEMBL1683951,Fc1cccc(COc2ccc(Nc3cc(-c4cccnc4)ncn3)cc2Cl)c1
673,4.657577319177794,nM,CHEMBL1683952,Fc1cccc(COc2ccc(Nc3cc(-c4ccsc4)ncn3)cc2Cl)c1
674,5.0,nM,CHEMBL1683954,Fc1cccc(COc2ccc(Nc3cc(Oc4ccccc4)ncn3)cc2Cl)c1
675,7.769551078621726,nM,CHEMBL1683955,Cc1ncnc(Nc2ccc(OCc3cccc(F)c3)c(Cl)c2)c1C
676,6.193820026016113,nM,CHEMBL1683956,CCc1ncnc(Nc2ccc(OCc3cccc(F)c3)c(Cl)c2)c1C
677,4.69897000433602,nM,CHEMBL1683957,Cc1c(Nc2ccc(OCc3cccc(F)c3)c(Cl)c2)ncnc1-c1ccccc1
678,7.167491087293763,nM,CHEMBL1683958,Cc1ncnc(Nc2ccc(OCc3cccc(F)c3)c(Cl)c2)c1/C=N/OCCN1CCOCC1
679,7.187086643357144,nM,CHEMBL1683959,Cc1ncnc(Nc2ccc(OCc3cccc(F)c3)c(Cl)c2)c1/C=N/OCCCN1CCOCC1
680,6.229147988357856,nM,CHEMBL1683960,Cc1ncnc(Nc2ccc(OCc3cccc(F)c3)c(Cl)c2)c1-c1cccc(CN2CCOCC2)c1
681,7.468521082957745,nM,CHEMBL1683961,Cc1ncnc(Nc2ccc(OCc3cccc(F)c3)c(Cl)c2)c1C#CCCCN1CCOCC1
682,6.619788758288394,nM,CHEMBL1683962,Cc1ncnc(Nc2ccc(OCc3cccc(F)c3)c(Cl)c2)c1C#Cc1ccc(CN2CCOCC2)cc1
683,6.920818753952375,nM,CHEMBL1683964,Cc1ncnc(Nc2ccc(OCc3cccc(F)c3)c(Cl)c2)c1/C=C/c1ccc(CN2CCOCC2)cc1
684,8.522878745280337,nM,CHEMBL1683967,Cc1ncnc(Nc2ccc(OCc3cccc(F)c3)c(Cl)c2)c1/C=C(\F)C(=O)NCCN1CCCC1
685,7.721246399047171,nM,CHEMBL1683968,Cc1ncnc(Nc2ccc(OCc3cccc(F)c3)c(Cl)c2)c1/C=C(\F)C(=O)NCCS(C)(=O)=O
686,6.806875401645538,nM,CHEMBL1683969,CCN1CCN(C(=O)/C(F)=C/c2c(C)ncnc2Nc2ccc(OCc3cccc(F)c3)c(Cl)c2)CC1
687,7.886056647693163,nM,CHEMBL1683970,Cc1ncnc(Nc2ccc(OCc3cccc(F)c3)c(Cl)c2)c1C#CCCN1CCOCC1
688,5.384049948343598,nM,CHEMBL1683971,Cc1ncnc(Nc2ccc(OCc3cccc(F)c3)c(Cl)c2)c1C#CCN1CCOCC1
689,7.42021640338319,nM,CHEMBL1683972,Cc1ncnc(Nc2ccc(OCc3cccc(F)c3)c(Cl)c2)c1C#C/C=N/OCCN1CCOCC1
690,7.958607314841775,nM,CHEMBL1683973,Cc1ncnc(Nc2ccc(OCc3cccc(F)c3)c(Cl)c2)c1C#CCCCN1CCCC1
691,8.045757490560675,nM,CHEMBL1683974,CCN1CCN(CCCC#Cc2c(C)ncnc2Nc2ccc(OCc3cccc(F)c3)c(Cl)c2)CC1
692,6.568636235841012,nM,CHEMBL1683975,Cc1ncnc(Nc2ccc(OCc3cccc(F)c3)c(Cl)c2)c1C#CCCNCc1ccccc1
693,6.993962045002683,nM,CHEMBL1684800,COc1ccc(Cn2ncc(NC(=O)c3cc(NC(=O)Nc4ccc(Cl)c(C(F)(F)F)c4)ccc3C)c2N)cc1
694,6.309803919971486,nM,CHEMBL168550,COc1cccc(-c2cn(C3CC(CNCCO)C3)c3ncnc(N)c23)c1
695,5.013228265733755,nM,CHEMBL168555,COc1ccc(CC(CO)n2cc(-c3cccc(OC)c3)c3c(N)ncnc32)cc1
696,5.6777807052660805,nM,CHEMBL168656,COc1cccc(-c2cn(C3CCN(C(=O)OC(C)(C)C)C3)c3ncnc(N)c23)c1
697,6.530177984021837,nM,CHEMBL168661,COc1cccc(-c2cn(C3CCN(CCN(C)CCO)CC3)c3ncnc(N)c23)c1
698,4.872895201635193,nM,CHEMBL168829,Nc1ncnc2c1c(-c1ccccc1)cn2C1CCNC1
699,7.522878745280337,nM,CHEMBL1688539,Fc1ccc(Nc2ncnc3ccccc23)cc1Cl
700,5.309803919971486,nM,CHEMBL1688860,CN(C)Cc1cc(C(=O)N[C@@H]2CCc3ccc(Oc4ccnc5c4CCC(=O)N5)cc3C2)cc(C(F)(F)F)c1
701,6.721246399047171,nM,CHEMBL1688861,CC(C)(N)c1cc(C(=O)N[C@@H]2CCc3ccc(Oc4ccnc5c4CCC(=O)N5)cc3C2)cc(C(F)(F)F)c1
702,5.657577319177794,nM,CHEMBL168921,CC(C)(C)OC(=O)N1CCC(n2cc(-c3cccc(O)c3)c3c(N)ncnc32)C1
703,6.455931955649724,nM,CHEMBL169064,COc1cccc(-c2cn(C3CCN(CC(N)=O)CC3)c3ncnc(N)c23)c1
704,5.832682665251824,nM,CHEMBL169065,COC(=O)CN1CCC(n2cc(-c3cccc(OC)c3)c3c(N)ncnc32)CC1
705,6.045757490560675,nM,CHEMBL169200,COc1cccc(-c2cn(C3CCN(CCO)CC3)c3ncnc(N)c23)c1
706,7.096910013008056,nM,CHEMBL169390,Nc1ncnc2c1c(-c1cccc(O)c1)cn2C1CCCC1
707,5.4685210829577455,nM,CHEMBL169467,COc1ccc(CC(CO)n2cc(-c3cccc(O)c3)c3c(N)ncnc32)cc1
708,5.950781977329819,nM,CHEMBL169519,COc1cccc(-c2cn(C3CCNC3)c3ncnc(N)c23)c1
709,6.6020599913279625,nM,CHEMBL169570,Nc1ncnc2c1c(-c1ccc(O)cc1)cn2C1CCCC1
710,6.301029995663981,nM,CHEMBL169757,Nc1ncnc2c1c(-c1ccccc1)cn2-c1ccccc1
711,5.5951662833800615,nM,CHEMBL169780,Nc1ncnc2c1c(-c1cccc(O)c1)cn2C1CCN(CCO)CC1
712,6.301029995663981,nM,CHEMBL169920,CN(C)C(=O)CN1CCC(n2cc(-c3cccc(O)c3)c3c(N)ncnc32)CC1
713,4.87942606879415,nM,CHEMBL170438,Nc1ncnc2c1c(-c1ccccc1)cn2C(CO)Cc1ccc(O)cc1
714,6.2441251443275085,nM,CHEMBL170724,COc1ccc(-c2cn(C3CCCC3)c3ncnc(N)c23)cc1
715,4.841637507904751,nM,CHEMBL171256,COc1ccc(CC(CO)n2cc(-c3ccccc3)c3c(N)ncnc32)cc1
716,6.356547323513813,nM,CHEMBL171311,Nc1ncnc2c1c(-c1ccccc1)cn2C(CO)Cc1ccccc1
717,9.0,nM,CHEMBL1714813,COc1cc2ncnc(N[C@H](C)c3ccccc3)c2cc1OC
718,5.815308569182402,nM,CHEMBL171545,Nc1ncnc2c1c(-c1cccc(O)c1)cn2C1CCNC1
719,5.447818661160664,nM,CHEMBL17157,CC(C)(C)c1ccc(C(O)CCCN2CCC(C(O)(c3ccccc3)c3ccccc3)CC2)cc1
720,6.508638306165727,nM,CHEMBL172514,COCCNCCN1CCC(n2cc(-c3cccc(OC)c3)c3c(N)ncnc32)CC1
721,4.497572880015568,nM,CHEMBL172517,CCOc1cc(O)c2c(=O)cc(-c3ccccc3)oc2c1
722,8.387216143280265,nM,CHEMBL172652,Brc1cccc(Nc2ncnc3cc4[nH]nnc4cc23)c1
723,6.301029995663981,nM,CHEMBL172973,COc1cccc(-c2cn(-c3ccccc3)c3ncnc(N)c23)c1
724,5.853871964321762,nM,CHEMBL173453,Nc1ncnc2c1c(-c1ccccc1)cn2-c1ccc(CNCCO)cc1
725,6.221848749616356,nM,CHEMBL173478,Nc1ncnc2c1c(-c1ccccc1)cn2-c1cccc(CO)c1
726,8.769551078621726,nM,CHEMBL173498,Brc1cccc(Nc2ncnc3cc4nccnc4cc23)c1
727,7.022276394711152,nM,CHEMBL1744086,COc1cc2ncnc(Nc3ccc(F)c(Cl)c3)c2cc1OC[C@@H](O)CN1CCOCC1
728,10.602059991327964,nM,CHEMBL174426,Cn1cnc2cc3c(Nc4cccc(Br)c4)ncnc3cc21
729,7.045757490560675,nM,CHEMBL1744349,COc1cc2c(Nc3ccc(Cl)cc3F)ncnc2cc1OC/C=C/CN1CCCC1.Cl
730,5.576754126063193,nM,CHEMBL174634,Cc1ccccc1-c1cn(-c2ccccc2)c2ncnc(N)c12
731,7.657577319177793,nM,CHEMBL175101,CN(C)CCn1cnc2cc3c(Nc4cccc(Br)c4)ncnc3cc21
732,6.096910013008056,nM,CHEMBL175409,COc1cccc(-c2cn(-c3ccc(CC(=O)NCCO)cc3)c3ncnc(N)c23)c1
733,6.069050968832477,nM,CHEMBL1760035,COc1cc(Nc2nccc(Nc3cnc4ccccc4c3)n2)cc(OC)c1OC
734,5.6401645176601125,nM,CHEMBL1760057,c1ccc2ncc(Nc3ccnc(Nc4ccc(OCCCN5CCCCC5)cc4)n3)cc2c1
735,5.161150909262745,nM,CHEMBL1761929,COC(=O)Nc1ccc(Nc2ncnc3cc(OC)c(OC)cc23)cc1
736,5.446116973356126,nM,CHEMBL1762110,CC(=O)NC[C@H]1CC[C@H](c2nc(-c3cc4ccccc4[nH]3)c3c(N)nccn32)CC1
737,6.154901959985743,nM,CHEMBL176309,Nc1ncnc2c1c(-c1cccc(Cl)c1)cn2-c1ccccc1
738,5.193820026016113,nM,CHEMBL176470,Nc1ncnc2c1c(-c1ccccc1)cn2-c1ccccc1CNCCO
739,11.0,nM,CHEMBL176582,Cn1cnc2cc3ncnc(Nc4cccc(Br)c4)c3cc21
740,5.4685210829577455,nM,CHEMBL176702,Nc1ncnc2c1c(-c1ccccc1)cn2-c1cccc(CNCCO)c1
741,6.455931955649724,nM,CHEMBL176705,COc1ccc(-c2cn(-c3ccccc3)c3ncnc(N)c23)cc1
742,6.096910013008056,nM,CHEMBL176815,COc1cccc(-c2cn(-c3cccc(CO)c3)c3ncnc(N)c23)c1
743,8.87942606879415,nM,CHEMBL176891,CN(C)CCn1cnc2cc3ncnc(Nc4cccc(Br)c4)c3cc21
744,7.356547323513813,nM,CHEMBL177053,Brc1cccc(Nc2ncnc3cc4ncsc4cc23)c1
745,7.505845405981558,nM,CHEMBL1782692,NS(=O)(=O)c1ccc(NC(=O)c2ccccc2NC(=O)c2ccco2)cc1
746,5.0,nM,CHEMBL178306,O=C(Nc1cccc(C(F)(F)F)c1)Nc1ncnc2nn3ccccc3c12
747,6.636388020107856,nM,CHEMBL1784637,CNC(=O)c1ncc(C#Cc2cc(C(=O)Nc3ccc(CN4CCN(CCO)CC4)c(C(F)(F)F)c3)ccc2C)n1C
748,5.0,nM,CHEMBL178488,O=C(Nc1ccc(Br)cc1)Nc1ncnc2nn3ccccc3c12
749,7.173925197299174,nM,CHEMBL1788321,COc1cc2ncnc(Nc3ccc(F)c(Cl)c3)c2cc1OC[C@H](O)CN1CCOCC1
750,5.0,nM,CHEMBL178953,N#Cc1cccc(NC(=O)Nc2ncnc3nn4ccccc4c23)c1
751,5.0,nM,CHEMBL179224,O=C(Nc1ccc(C(F)(F)F)cc1)Nc1ncnc2nn3ccccc3c12
752,7.721246399047171,nM,CHEMBL1794063,O=S(=O)(CCNCc1ccc(-c2ccc3ncnc(Nc4ccc(OCc5cccc(F)c5)c(Cl)c4)c3c2)o1)c1ccccc1
753,7.585026652029182,nM,CHEMBL179451,ClCCNc1ccc2ncnc(Nc3cccc(Cl)c3)c2c1
754,7.110026361596004,nM,CHEMBL1797418,Brc1cccc(Nc2ncnc3cc4c(ccn4CCCN4CCOCC4)cc23)c1
755,6.599997654072045,nM,CHEMBL1797541,N#Cc1cnc2ccc(NC(=O)C#CCN(C3CC3)C3CC3)cc2c1Nc1cccc(Br)c1
756,8.863130485810544,nM,CHEMBL180022,CCOc1cc2ncc(C#N)c(Nc3ccc(OCc4ccccn4)c(Cl)c3)c2cc1NC(=O)/C=C/CN(C)C
757,5.0,nM,CHEMBL181029,O=C(Nc1cccc([N+](=O)[O-])c1)Nc1ncnc2nn3ccccc3c12
758,5.7146677723561154,nM,CHEMBL1812374,Cc1ccc(-c2nc3cc(NC(=O)CCl)ccc3[nH]2)cc1
759,5.917214629683551,nM,CHEMBL1812431,O=C(/C=C/c1ccc(Cl)cc1)Nc1ccc2ncnc(Nc3cccc(Br)c3)c2c1
760,5.368556230986828,nM,CHEMBL1812434,O=C(/C=C/c1ccccc1Br)Nc1ccc2ncnc(Nc3cccc(Br)c3)c2c1
761,5.141462802430361,nM,CHEMBL1812435,COc1ccc(/C=C/C(=O)Nc2ccc3ncnc(Nc4cccc(Br)c4)c3c2)cc1
762,4.918292729902651,nM,CHEMBL1812491,Cn1cccc1-c1nc2cc(NC(=O)CCl)ccc2[nH]1
763,5.112945621949043,nM,CHEMBL1812555,COc1ccccc1/C=C/C(=O)Nc1ccc2ncnc(Nc3cccc(Br)c3)c2c1
764,5.220403508742176,nM,CHEMBL1812556,COc1cccc(/C=C/C(=O)Nc2ccc3ncnc(Nc4cccc(Br)c4)c3c2)c1
765,5.287350298372789,nM,CHEMBL1812559,O=C(/C=C/c1ccc([N+](=O)[O-])cc1)Nc1ccc2ncnc(Nc3cccc(Br)c3)c2c1
766,5.991399828238083,nM,CHEMBL1812560,O=C(/C=C/c1ccccc1[N+](=O)[O-])Nc1ccc2ncnc(Nc3cccc(Br)c3)c2c1
767,5.442492798094342,nM,CHEMBL1812561,O=C(/C=C/c1ccccc1)Nc1ccc2ncnc(Nc3cccc(Cl)c3)c2c1
768,5.45717457304082,nM,CHEMBL1812564,O=C(/C=C/c1ccc(Br)cc1)Nc1ccc2ncnc(Nc3cccc(Cl)c3)c2c1
769,5.178486471595228,nM,CHEMBL1812566,COc1cccc(/C=C/C(=O)Nc2ccc3ncnc(Nc4cccc(Cl)c4)c3c2)c1
770,5.55129368009492,nM,CHEMBL1812569,O=C(/C=C/c1cccc2ccccc12)Nc1ccc2ncnc(Nc3cccc(Cl)c3)c2c1
771,5.462180904926727,nM,CHEMBL1812570,O=C(/C=C/c1ccc([N+](=O)[O-])cc1)Nc1ccc2ncnc(Nc3cccc(Cl)c3)c2c1
772,6.026872146400302,nM,CHEMBL1812571,O=C(/C=C/c1ccccc1[N+](=O)[O-])Nc1ccc2ncnc(Nc3cccc(Cl)c3)c2c1
773,6.920818753952375,nM,CHEMBL1812572,O=C(/C=C/c1cccc([N+](=O)[O-])c1)Nc1ccc2ncnc(Nc3cccc(Br)c3)c2c1
774,6.721246399047171,nM,CHEMBL1812573,O=C(/C=C/c1cccc([N+](=O)[O-])c1)Nc1ccc2ncnc(Nc3cccc(Cl)c3)c2c1
775,6.699991797446187,nM,CHEMBL181275,Fc1ccc(Nc2ncnc3nn4ccccc4c23)cc1Cl
776,8.0,nM,CHEMBL181617,ClCCNc1ccc2ncnc(Nc3cccc(Br)c3)c2c1
777,7.301029995663981,nM,CHEMBL181742,Clc1cc(Nc2ncnc3nn4ccccc4c23)ccc1OCc1ccccc1
778,7.221848749616356,nM,CHEMBL1817964,C/C=C(\C)C(O[C@@H]1O[C@H](CO)[C@@H](O)[C@H](O)[C@H]1O)C(C)/C=C(C)/C=C/CC(C)/C=C/c1oc(OC)c(C)c(=O)c1C
779,6.327902142064283,nM,CHEMBL1817965,C/C=C(\C)[C@H](O)[C@H](C)/C=C(C)/C=C/CC(C)/C=C/c1oc(OC)c(C)c(=O)c1C
780,5.761953896871205,nM,CHEMBL1821862,Cc1ccc(C2=NN(c3nc(-c4ccccc4)cs3)C(c3ccc(F)cc3)C2)cc1C
781,5.627087997029894,nM,CHEMBL1821863,Cc1ccc(C2=NN(c3nc(-c4ccccc4)cs3)C(c3ccc(Cl)cc3)C2)cc1C
782,5.735182176990464,nM,CHEMBL1821864,Cc1ccc(C2=NN(c3nc(-c4ccccc4)cs3)C(c3ccc(Br)cc3)C2)cc1C
783,5.573488738635425,nM,CHEMBL1821865,Cc1ccc(C2CC(c3ccc(C)c(C)c3)=NN2c2nc(-c3ccccc3)cs2)cc1
784,5.511449283499556,nM,CHEMBL1821866,COc1ccc(C2CC(c3ccc(C)c(C)c3)=NN2c2nc(-c3ccccc3)cs2)cc1
785,5.716698771296451,nM,CHEMBL1821867,Cc1ccc(C2=NN(c3nc(-c4ccccc4)cs3)C(c3ccc(O)cc3)C2)cc1C
786,5.414539270491499,nM,CHEMBL1821868,Cc1ccc(C2=NN(c3nc(-c4ccccc4)cs3)C(c3ccc([N+](=O)[O-])cc3)C2)cc1C
787,7.221848749616356,nM,CHEMBL1821869,Cc1ccc(C2=NN(c3nc(-c4ccc(Cl)cc4)cs3)C(c3ccc(F)cc3)C2)cc1C
788,6.721246399047171,nM,CHEMBL1821870,Cc1ccc(C2=NN(c3nc(-c4ccc(Cl)cc4)cs3)C(c3ccc(Cl)cc3)C2)cc1C
789,6.431798275933005,nM,CHEMBL1821871,Cc1ccc(C2=NN(c3nc(-c4ccc(Cl)cc4)cs3)C(c3ccc(Br)cc3)C2)cc1C
790,5.982966660701219,nM,CHEMBL1821872,Cc1ccc(C2CC(c3ccc(C)c(C)c3)=NN2c2nc(-c3ccc(Cl)cc3)cs2)cc1
791,6.086186147616283,nM,CHEMBL1821873,COc1ccc(C2CC(c3ccc(C)c(C)c3)=NN2c2nc(-c3ccc(Cl)cc3)cs2)cc1
792,6.013228265733755,nM,CHEMBL1821874,Cc1ccc(C2=NN(c3nc(-c4ccc(Cl)cc4)cs3)C(c3ccc(O)cc3)C2)cc1C
793,6.200659450546418,nM,CHEMBL1821875,Cc1ccc(C2=NN(c3nc(-c4ccc(Cl)cc4)cs3)C(c3ccc([N+](=O)[O-])cc3)C2)cc1C
794,4.949233688766959,nM,CHEMBL1821876,Fc1ccc(C2CC(c3ccc(Br)cc3)=NN2c2nc(-c3ccccc3)cs2)cc1
795,5.028260409112223,nM,CHEMBL1821877,Clc1ccc(C2CC(c3ccc(Br)cc3)=NN2c2nc(-c3ccccc3)cs2)cc1
796,5.048176964684089,nM,CHEMBL1821878,Brc1ccc(C2=NN(c3nc(-c4ccccc4)cs3)C(c3ccc(Br)cc3)C2)cc1
797,4.70685851654907,nM,CHEMBL1821879,Cc1ccc(C2CC(c3ccc(Br)cc3)=NN2c2nc(-c3ccccc3)cs2)cc1
798,4.992679047077256,nM,CHEMBL1821880,COc1ccc(C2CC(c3ccc(Br)cc3)=NN2c2nc(-c3ccccc3)cs2)cc1
799,4.650528200785614,nM,CHEMBL1821881,Oc1ccc(C2CC(c3ccc(Br)cc3)=NN2c2nc(-c3ccccc3)cs2)cc1
800,4.803547458296611,nM,CHEMBL1821882,O=[N+]([O-])c1ccc(C2CC(c3ccc(Br)cc3)=NN2c2nc(-c3ccccc3)cs2)cc1
801,4.616903070050906,nM,CHEMBL1821883,Fc1ccc(C2CC(c3ccc(Br)cc3)=NN2c2nc(-c3ccc(Cl)cc3)cs2)cc1
802,4.7486051499598965,nM,CHEMBL1821884,Clc1ccc(-c2csc(N3N=C(c4ccc(Br)cc4)CC3c3ccc(Cl)cc3)n2)cc1
803,4.589391457431633,nM,CHEMBL1821885,Clc1ccc(-c2csc(N3N=C(c4ccc(Br)cc4)CC3c3ccc(Br)cc3)n2)cc1
804,4.5502131530142265,nM,CHEMBL1821886,Cc1ccc(C2CC(c3ccc(Br)cc3)=NN2c2nc(-c3ccc(Cl)cc3)cs2)cc1
805,4.702677285794698,nM,CHEMBL1821887,COc1ccc(C2CC(c3ccc(Br)cc3)=NN2c2nc(-c3ccc(Cl)cc3)cs2)cc1
806,4.667157733005649,nM,CHEMBL1821888,Oc1ccc(C2CC(c3ccc(Br)cc3)=NN2c2nc(-c3ccc(Cl)cc3)cs2)cc1
807,4.613144470815276,nM,CHEMBL1821889,O=[N+]([O-])c1ccc(C2CC(c3ccc(Br)cc3)=NN2c2nc(-c3ccc(Cl)cc3)cs2)cc1
808,5.243363891754152,nM,CHEMBL1821890,COc1ccc(C2=NN(c3nc(-c4ccccc4)cs3)C(c3ccc(F)cc3)C2)cc1
809,5.306273051076353,nM,CHEMBL1821891,COc1ccc(C2=NN(c3nc(-c4ccccc4)cs3)C(c3ccc(Cl)cc3)C2)cc1
810,5.254925208417943,nM,CHEMBL1821892,COc1ccc(C2=NN(c3nc(-c4ccccc4)cs3)C(c3ccc(Br)cc3)C2)cc1
811,5.126098402135539,nM,CHEMBL1821893,COc1ccc(C2=NN(c3nc(-c4ccccc4)cs3)C(c3ccc(C)cc3)C2)cc1
812,5.1598939055432425,nM,CHEMBL1821894,COc1ccc(C2=NN(c3nc(-c4ccccc4)cs3)C(c3ccc(OC)cc3)C2)cc1
813,5.271646217978772,nM,CHEMBL1821895,COc1ccc(C2=NN(c3nc(-c4ccccc4)cs3)C(c3ccc(O)cc3)C2)cc1
814,5.063989204284791,nM,CHEMBL1821896,COc1ccc(C2=NN(c3nc(-c4ccccc4)cs3)C(c3ccc([N+](=O)[O-])cc3)C2)cc1
815,5.294992040666664,nM,CHEMBL1821897,COc1ccc(C2=NN(c3nc(-c4ccc(Cl)cc4)cs3)C(c3ccc(F)cc3)C2)cc1
816,5.109020403010312,nM,CHEMBL1822061,COc1ccc(C2=NN(c3nc(-c4ccc(Cl)cc4)cs3)C(c3ccc(Cl)cc3)C2)cc1
817,5.199970640755867,nM,CHEMBL1822062,COc1ccc(C2=NN(c3nc(-c4ccc(Cl)cc4)cs3)C(c3ccc(Br)cc3)C2)cc1
818,5.329754146925876,nM,CHEMBL1822063,COc1ccc(C2=NN(c3nc(-c4ccc(Cl)cc4)cs3)C(c3ccc(C)cc3)C2)cc1
819,5.202732459169283,nM,CHEMBL1822064,COc1ccc(C2=NN(c3nc(-c4ccc(Cl)cc4)cs3)C(c3ccc(OC)cc3)C2)cc1
820,5.115771230367397,nM,CHEMBL1822065,COc1ccc(C2=NN(c3nc(-c4ccc(Cl)cc4)cs3)C(c3ccc(O)cc3)C2)cc1
821,5.074172425375258,nM,CHEMBL1822066,COc1ccc(C2=NN(c3nc(-c4ccc(Cl)cc4)cs3)C(c3ccc([N+](=O)[O-])cc3)C2)cc1
822,5.552841968657781,nM,CHEMBL182397,COc1cc2ncnc(Nc3cccc(NC(=O)c4ccccc4)c3F)c2cc1OC
823,5.531652669587843,nM,CHEMBL1828860,Cc1ncc([N+](=O)[O-])n1CC(=O)NS(=O)(=O)c1ccccc1
824,5.46470587995723,nM,CHEMBL1828861,Cc1ccc(S(=O)(=O)NC(=O)Cn2c([N+](=O)[O-])cnc2C)cc1
825,6.4089353929735005,nM,CHEMBL1828862,Cc1ncc([N+](=O)[O-])n1CC(=O)NS(=O)(=O)c1ccc(F)cc1
826,5.821023052706831,nM,CHEMBL1828863,Cc1ncc([N+](=O)[O-])n1CC(=O)NS(=O)(=O)c1ccc(Cl)cc1
827,5.66354026615147,nM,CHEMBL1828864,Cc1ncc([N+](=O)[O-])n1CC(=O)NS(=O)(=O)c1ccc(Br)cc1
828,5.171340103464681,nM,CHEMBL1828865,O=C(Cc1ccc(F)cc1)NS(=O)(=O)c1ccccc1
829,5.08196966321512,nM,CHEMBL1828866,Cc1ccc(S(=O)(=O)NC(=O)Cc2ccc(F)cc2)cc1
830,5.286509456906058,nM,CHEMBL1828867,O=C(Cc1ccc(F)cc1)NS(=O)(=O)c1ccc(F)cc1
831,5.226945306635738,nM,CHEMBL1828868,O=C(Cc1ccc(F)cc1)NS(=O)(=O)c1ccc(Cl)cc1
832,5.193141970481182,nM,CHEMBL1828869,O=C(Cc1ccc(F)cc1)NS(=O)(=O)c1ccc(Br)cc1
833,4.924088238517222,nM,CHEMBL1828870,O=C(Cc1ccc(Cl)cc1)NS(=O)(=O)c1ccccc1
834,4.862329462763245,nM,CHEMBL1828871,Cc1ccc(S(=O)(=O)NC(=O)Cc2ccc(Cl)cc2)cc1
835,5.018181392829336,nM,CHEMBL1828872,O=C(Cc1ccc(Cl)cc1)NS(=O)(=O)c1ccc(F)cc1
836,4.985479461242076,nM,CHEMBL1828873,O=C(Cc1ccc(Cl)cc1)NS(=O)(=O)c1ccc(Cl)cc1
837,4.947306058075033,nM,CHEMBL1828874,O=C(Cc1ccc(Cl)cc1)NS(=O)(=O)c1ccc(Br)cc1
838,4.749336080536757,nM,CHEMBL1828875,O=C(Cc1ccc(Br)cc1)NS(=O)(=O)c1ccccc1
839,4.736363931411892,nM,CHEMBL1828876,Cc1ccc(S(=O)(=O)NC(=O)Cc2ccc(Br)cc2)cc1
840,4.837734385701979,nM,CHEMBL1828877,O=C(Cc1ccc(Br)cc1)NS(=O)(=O)c1ccc(F)cc1
841,4.798056936598351,nM,CHEMBL1828878,O=C(Cc1ccc(Br)cc1)NS(=O)(=O)c1ccc(Cl)cc1
842,4.76295920862081,nM,CHEMBL1828879,O=C(Cc1ccc(Br)cc1)NS(=O)(=O)c1ccc(Br)cc1
843,4.581698708680255,nM,CHEMBL1828880,COc1ccc(CC(=O)NS(=O)(=O)c2ccccc2)cc1
844,4.414313721547504,nM,CHEMBL1828881,COc1ccc(CC(=O)NS(=O)(=O)c2ccc(C)cc2)cc1
845,4.660747365967301,nM,CHEMBL1828882,COc1ccc(CC(=O)NS(=O)(=O)c2ccc(F)cc2)cc1
846,4.4834646261042,nM,CHEMBL1828883,COc1ccc(CC(=O)NS(=O)(=O)c2ccc(Cl)cc2)cc1
847,4.6170828649124696,nM,CHEMBL1828884,COc1ccc(CC(=O)NS(=O)(=O)c2ccc(Br)cc2)cc1
848,4.607654844638796,nM,CHEMBL1829271,O=C(Cc1cccc(Br)c1)NS(=O)(=O)c1ccccc1
849,4.58219627736012,nM,CHEMBL1829272,Cc1ccc(S(=O)(=O)NC(=O)Cc2cccc(Br)c2)cc1
850,4.727694155597914,nM,CHEMBL1829273,O=C(Cc1cccc(Br)c1)NS(=O)(=O)c1ccc(F)cc1
851,4.67202837637699,nM,CHEMBL1829274,O=C(Cc1cccc(Br)c1)NS(=O)(=O)c1ccc(Cl)cc1
852,4.613857891069181,nM,CHEMBL1829275,O=C(Cc1cccc(Br)c1)NS(=O)(=O)c1ccc(Br)cc1
853,4.635261444944602,nM,CHEMBL1830129,O=C(/C=C/c1ccccc1)Nc1ccccc1
854,4.705754283861882,nM,CHEMBL1830130,Cc1cccc(NC(=O)/C=C/c2ccccc2)c1
855,4.835944708106549,nM,CHEMBL1830131,O=C(/C=C/c1ccccc1)Nc1cccc(Cl)c1
856,4.650528200785614,nM,CHEMBL1830257,NC(=S)N/N=C(/C=C/c1ccccc1F)c1ccccc1
857,4.633203616713271,nM,CHEMBL1830258,NC(=S)N/N=C(/C=C/c1ccccc1Cl)c1ccccc1
858,4.585026652029183,nM,CHEMBL1830259,NC(=S)N/N=C(/C=C/c1ccccc1Br)c1ccccc1
859,4.481486060122113,nM,CHEMBL1830260,COc1ccccc1/C=C/C(=N/NC(N)=S)c1ccccc1
860,5.681936665037238,nM,CHEMBL1830261,NC(=S)N/N=C(/C=C/c1cccc(F)c1)c1ccccc1
861,4.960585880823864,nM,CHEMBL1830262,COc1cccc(/C=C/C(=N/NC(N)=S)c2ccccc2)c1
862,5.42712839779952,nM,CHEMBL1830263,NC(=S)N/N=C(/C=C/c1cccc([N+](=O)[O-])c1)c1ccccc1
863,4.718512112059919,nM,CHEMBL1830264,NC(=S)N/N=C(/C=C/c1ccc(F)cc1)c1ccccc1
864,4.688670047696207,nM,CHEMBL1830265,NC(=S)N/N=C(/C=C/c1ccc(Cl)cc1)c1ccccc1
865,4.575771929304021,nM,CHEMBL1830266,NC(=S)N/N=C(/C=C/c1ccc(Br)cc1)c1ccccc1
866,4.759700417997288,nM,CHEMBL1830267,Cc1ccc(/C=C/C(=N/NC(N)=S)c2ccccc2)cc1
867,4.828858848971618,nM,CHEMBL1830268,COc1ccc(/C=C/C(=N/NC(N)=S)c2ccccc2)cc1
868,5.804100347590767,nM,CHEMBL1830269,NC(=S)N/N=C(/C=C/c1ccc([N+](=O)[O-])cc1)c1ccccc1
869,5.291579099865288,nM,CHEMBL1830270,NC(=S)N/N=C(/C=C/c1ccc(-c2ccccc2)cc1)c1ccccc1
870,6.154901959985743,nM,CHEMBL1830271,NC(=S)N/N=C(/C=C/c1ccc(OCc2ccccc2)cc1)c1ccccc1
871,5.623423042943489,nM,CHEMBL1830272,NC(=S)N/N=C(/C=C/c1ccccc1)c1ccccc1
872,4.912218582190458,nM,CHEMBL1830273,NC(=S)N/N=C(/C=C/c1ccccc1)c1ccc(Br)cc1
873,6.455931955649724,nM,CHEMBL1830274,Cc1ccc(C(/C=C/c2ccccc2)=N\NC(N)=S)cc1
874,5.062482107982654,nM,CHEMBL1830275,COc1ccc(C(/C=C/c2ccccc2)=N\NC(N)=S)cc1
875,6.229147988357856,nM,CHEMBL1830276,NC(=S)N/N=C(/C=C/c1ccccc1)c1ccc(Cl)cc1
876,5.009661145212399,nM,CHEMBL1830277,NC(=S)N/N=C(/C=C/c1ccccc1)c1ccc(Cl)c(Cl)c1
877,5.66354026615147,nM,CHEMBL1830278,NC(=S)N/N=C(/C=C/c1ccc(F)cc1)c1ccc(Br)cc1
878,5.106238237942057,nM,CHEMBL1830279,COc1ccc(C(/C=C/c2ccccc2Cl)=N\NC(N)=S)cc1
879,6.3872161432802645,nM,CHEMBL1830280,NC(=S)N/N=C(/C=C/c1cccc2ccccc12)c1ccccc1
880,5.488116639021127,nM,CHEMBL184311,Cc1ccc2c(Nc3ccc(F)c(Cl)c3)ncnn12
881,6.0,nM,CHEMBL184682,COc1cc2ncnc(Nc3ccc(Cl)c(NC(=O)c4cccc(N(C)C)c4)c3)c2cc1OC
882,6.187086643357144,nM,CHEMBL184750,Cc1cc2c(Nc3ccc(C)c(O)c3)ncnn2c1
883,4.958607314841776,nM,CHEMBL185327,COc1cc2ncnc(Nc3cc(NC(=O)c4ccccc4)ccc3Cl)c2cc1OC
884,6.958607314841775,nM,CHEMBL185637,Fc1ccc(Nc2ncnn3cccc23)cc1Cl
885,6.045757490560675,nM,CHEMBL185686,O=c1c2cccc(O)c2oc2cccc(O)c12
886,6.292429823902064,nM,CHEMBL185853,Cc1ccc(Nc2ncnn3cccc23)cc1O
887,6.698970004336019,nM,CHEMBL186001,Cc1ccc(Nc2ncnn3cc(C)c(C)c23)cc1O
888,6.823908740944319,nM,CHEMBL186080,Cc1cc2c(Nc3ccc(F)c(Cl)c3)ncnn2c1
889,6.309803919971486,nM,CHEMBL186580,COc1cc2ncnc(Nc3cc(NC(=O)c4ccccc4)c(F)cc3F)c2cc1OC
890,5.494850021680094,nM,CHEMBL186747,COc1cc2ncnc(Nc3ccc(C)c(NC(=O)c4ccccc4)c3)c2cc1OC
891,5.251811972993799,nM,CHEMBL186802,COc1cc2ncnc(Nc3cccc(NC(=O)c4ccccc4)c3)c2cc1OC
892,4.537602002101044,nM,CHEMBL187007,COc1cc2ncnc(Nc3cc(NC(=O)c4cccc(N(C)C)c4)ccc3Cl)c2cc1OC
893,7.842458961574241,nM,CHEMBL1873475,C=CC(=O)N1CCC[C@@H](n2nc(-c3ccc(Oc4ccccc4)cc3)c3c(N)ncnc32)C1
894,4.531652669587843,nM,CHEMBL187431,Cc1ccc(Nc2ncnn3c(C)ccc23)cc1O
895,4.620132710919122,nM,CHEMBL18797,CSc1ccc(/C=C2/C(C)=C(CC(=O)O)c3cc(F)ccc32)cc1
896,7.0,nM,CHEMBL188304,Cc1ccn2ncnc(Nc3ccc(F)c(Cl)c3)c12
897,6.468521082957745,nM,CHEMBL188522,Cc1ccc(Nc2ncnn3ccc(C)c23)cc1O
898,9.683265772210206,nM,CHEMBL188762,CCC(=O)Nc1ccc2ncnc(Nc3cccc(Br)c3)c2c1
899,9.0268721464003,nM,CHEMBL189779,CN(C)C/C=C/C(=O)Nc1ccc2ncnc(Nc3cccc(I)c3)c2c1
900,9.958607314841776,nM,CHEMBL190094,CN(C)C/C=C/C(=O)Nc1ccc2ncnc(Nc3cc(Cl)c(Cl)cc3F)c2c1
901,6.823908740944319,nM,CHEMBL190567,COCC(=O)Nc1ccc2ncnc(Nc3cccc(I)c3)c2c1
902,6.598599459218456,nM,CHEMBL190651,COCC(=O)Nc1ccc2ncnc(Nc3cc(Cl)c(Cl)cc3F)c2c1
903,4.0301183562535,nM,CHEMBL1910268,N#Cc1cc2c(N)ncnc2nc1NCCO
904,4.5301779840218375,nM,CHEMBL1910273,Nc1scc2c1c(Nc1ccc(S(N)(=O)=O)cc1)nc1ncnc(N)c12
905,4.319664486585437,nM,CHEMBL1910275,Cc1c(C#N)c(NCCO)nc2nc(NCCO)nc(N)c12
906,8.481486060122112,nM,CHEMBL1914461,Br.Oc1ccc(-c2cc3c(NCc4ccccc4)ncnc3[nH]2)cc1
907,8.431798275933005,nM,CHEMBL1914653,Br.C[C@@H](Nc1ncnc2[nH]c(-c3ccc(O)cc3)cc12)c1ccccc1
908,8.42021640338319,nM,CHEMBL1914654,Br.C[C@@H](Nc1ncnc2[nH]c(-c3ccc(O)cc3)cc12)c1ccc(F)cc1
909,7.207608310501747,nM,CHEMBL1914655,Br.C[C@@H](Nc1ncnc2[nH]c(-c3ccc(O)cc3)cc12)c1ccc(Br)cc1
910,6.346787486224656,nM,CHEMBL1914656,Br.Cc1ccc([C@@H](C)Nc2ncnc3[nH]c(-c4ccc(O)cc4)cc23)cc1
911,5.336487529584845,nM,CHEMBL1914657,Br.CC(Nc1ncnc2[nH]c(-c3ccc(O)cc3)cc12)c1ccc(C(F)(F)F)cc1
912,8.096910013008056,nM,CHEMBL1914658,Br.C[C@@H](Nc1ncnc2[nH]c(-c3ccc(O)cc3)cc12)c1ccccc1F
913,7.769551078621726,nM,CHEMBL1914659,Br.Cc1ccccc1C(C)Nc1ncnc2[nH]c(-c3ccc(O)cc3)cc12
914,8.045757490560675,nM,CHEMBL1914660,Br.C[C@@H](Nc1ncnc2[nH]c(-c3ccc(O)cc3)cc12)c1cccc(F)c1
915,7.022276394711152,nM,CHEMBL1914661,Br.Cc1cccc(C(C)Nc2ncnc3[nH]c(-c4ccc(O)cc4)cc23)c1
916,7.585026652029182,nM,CHEMBL1914662,Br.Oc1ccc(-c2cc3c(NCc4ccc(F)cc4)ncnc3[nH]2)cc1
917,7.346787486224656,nM,CHEMBL1914663,Br.Oc1ccc(-c2cc3c(NCc4ccccc4F)ncnc3[nH]2)cc1
918,7.2839966563652,nM,CHEMBL1914664,Br.Oc1ccc(-c2cc3c(NCc4cccc(F)c4)ncnc3[nH]2)cc1
919,8.397940008672037,nM,CHEMBL1914665,Br.CC[C@@H](Nc1ncnc2[nH]c(-c3ccc(O)cc3)cc12)c1ccccc1
920,5.996539467890494,nM,CHEMBL1914666,Br.CC(Nc1ncnc2[nH]c(-c3ccc(O)cc3)cc12)c1cccc2ccccc12
921,8.327902142064282,nM,CHEMBL1914667,COc1ccc(-c2cc3c(N[C@H](C)c4ccccc4)ncnc3[nH]2)cc1
922,8.18045606445813,nM,CHEMBL1914668,C[C@@H](Nc1ncnc2[nH]c(-c3ccc(F)cc3)cc12)c1ccccc1
923,7.200659450546419,nM,CHEMBL1914669,C[C@@H](Nc1ncnc2[nH]c(-c3ccc(Br)cc3)cc12)c1ccccc1
924,7.920818753952375,nM,CHEMBL1914670,C[C@@H](Nc1ncnc2[nH]c(-c3ccc(C#N)cc3)cc12)c1ccccc1
925,7.481486060122113,nM,CHEMBL1914671,C[C@@H](Nc1ncnc2[nH]c(-c3ccccc3)cc12)c1ccc(F)cc1
926,7.568636235841013,nM,CHEMBL1914672,C[C@@H](Nc1ncnc2[nH]c(-c3ccc(F)cc3)cc12)c1ccc(F)cc1
927,7.537602002101044,nM,CHEMBL1914673,C[C@@H](Nc1ncnc2[nH]c(-c3ccc(Br)cc3)cc12)c1ccc(F)cc1
928,7.853871964321762,nM,CHEMBL1914674,C[C@@H](Nc1ncnc2[nH]c(-c3ccc(C#N)cc3)cc12)c1ccc(F)cc1
929,8.853871964321762,nM,CHEMBL1916891,Cc1ccccc1Nc1nc2cc(F)c(N(C)C(=O)/C=C/CN(C)C)cc2n2cncc12
930,8.474955192963154,nM,CHEMBL1916897,Cc1ccc(F)cc1Nc1nc2cc(Cl)c(N(C)C(=O)/C=C/CN(C)C)cc2n2cncc12
931,4.595850750790306,nM,CHEMBL1916949,O=C(NS(=O)(=O)c1ccc(Cl)cc1)c1cccnc1
932,4.605023280445436,nM,CHEMBL1916951,Cc1ccc(S(=O)(=O)NC(=O)c2cccnc2)cc1
933,6.0,nM,CHEMBL1917092,COC(=O)c1ccc2c(c1)S(=O)(=O)N=S2c1ccc(Br)cc1
934,7.468521082957745,nM,CHEMBL1923007,OCCn1ccc2ncnc(Nc3ccc(Oc4cccc(C(F)(F)F)c4)c(Cl)c3)c21
935,6.7594507517174005,nM,CHEMBL192737,COCC(=O)Nc1ccc2ncnc(Nc3cccc(Br)c3)c2c1
936,8.25649023527157,nM,CHEMBL1928291,O=C(c1cc2ccccc2[nH]1)c1cc2c(Nc3ccc(F)c(Cl)c3)ncnc2s1
937,7.728158393463501,nM,CHEMBL1928293,C#Cc1cccc(Nc2ncnc3sc(C(=O)c4cc5ccccc5[nH]4)cc23)c1
938,7.732828271596986,nM,CHEMBL1928301,O=C(c1cc2ccccc2[nH]1)c1cc2c(Nc3ccc(OCc4cccc(F)c4)cc3Cl)ncnc2s1
939,7.779891911959945,nM,CHEMBL1928309,O=C(c1cc2ccccc2[nH]1)c1cc2c(Nc3cccc(Cl)c3)ncnc2s1
940,7.359518563029578,nM,CHEMBL1928310,O=C(c1cc2ccccc2[nH]1)c1cc2c(Nc3ccc(F)cc3)ncnc2s1
941,7.619788758288394,nM,CHEMBL1928311,O=C(c1cc2cc(O)ccc2[nH]1)c1cc2c(Nc3ccc(F)c(Cl)c3)ncnc2s1
942,8.226945306635738,nM,CHEMBL1928312,COc1ccc2[nH]c(C(=O)c3cc4c(Nc5ccc(F)c(Cl)c5)ncnc4s3)cc2c1
943,5.49214412830417,nM,CHEMBL1928707,Oc1ccccc1CNc1ccc2ncnc(Nc3cccc(Br)c3)c2c1
944,6.060480747381382,nM,CHEMBL1928708,Oc1ccc(CNc2ccc3ncnc(Nc4cccc(Br)c4)c3c2)cc1
945,4.950007143079858,nM,CHEMBL1928709,COc1ccccc1CNc1ccc2ncnc(Nc3cccc(Br)c3)c2c1
946,5.785156151952302,nM,CHEMBL1928711,Clc1ccc(CNc2ccc3ncnc(Nc4cccc(Br)c4)c3c2)cc1
947,5.504455662453552,nM,CHEMBL1928712,Brc1ccc(CNc2ccc3ncnc(Nc4cccc(Br)c4)c3c2)cc1
948,5.450996737974212,nM,CHEMBL1928716,Oc1ccccc1CNc1ccc2ncnc(Nc3cccc(Cl)c3)c2c1
949,5.7281583934635005,nM,CHEMBL1928886,Oc1ccc(CNc2ccc3ncnc(Nc4cccc(Cl)c4)c3c2)cc1
950,4.857610533881164,nM,CHEMBL1928887,COc1ccccc1CNc1ccc2ncnc(Nc3cccc(Cl)c3)c2c1
951,5.355561410532162,nM,CHEMBL1928889,Clc1ccc(CNc2ccc3ncnc(Nc4cccc(Cl)c4)c3c2)cc1
952,5.246416941107094,nM,CHEMBL1928890,Clc1cccc(Nc2ncnc3ccc(NCc4ccc(Br)cc4)cc23)c1
953,5.919373513078195,nM,CHEMBL1928944,O=[N+]([O-])c1cccc(Oc2cc(Nc3ccc(OCc4cccc(F)c4)c(Cl)c3)ncn2)c1
954,6.325138859262189,nM,CHEMBL1928945,Nc1cccc(Oc2cc(Nc3ccc(OCc4cccc(F)c4)c(Cl)c3)ncn2)c1
955,6.966576244513051,nM,CHEMBL1928946,CC(=O)Nc1cccc(Oc2cc(Nc3ccc(OCc4cccc(F)c4)c(Cl)c3)ncn2)c1
956,7.431798275933005,nM,CHEMBL1928947,C=CC(=O)Nc1cccc(Oc2cc(Nc3ccc(OCc4cccc(F)c4)c(Cl)c3)ncn2)c1
957,6.889410289700751,nM,CHEMBL1928948,CCOC(=O)/C=C/C(=O)Nc1cccc(Oc2cc(Nc3ccc(OCc4cccc(F)c4)c(Cl)c3)ncn2)c1
958,6.431798275933005,nM,CHEMBL1928949,CCOC(=O)CNc1cccc(Oc2cc(Nc3ccc(OCc4cccc(F)c4)c(Cl)c3)ncn2)c1
959,7.318758762624412,nM,CHEMBL1928950,N#CCC(=O)Nc1cccc(Oc2cc(Nc3ccc(OCc4cccc(F)c4)c(Cl)c3)ncn2)c1
960,7.214670164989233,nM,CHEMBL1928952,Nc1cc(Nc2cccc(Oc3cc(Nc4ccc(OCc5cccc(F)c5)c(Cl)c4)ncn3)c2)ncn1
961,5.777023550106609,nM,CHEMBL1928954,O=C(/C=C/c1ccccc1)Nc1cccc(Oc2cc(Nc3ccc(OCc4cccc(F)c4)c(Cl)c3)ncn2)c1
962,7.187086643357144,nM,CHEMBL1928955,O=C(COc1ccccc1)Nc1cccc(Oc2cc(Nc3ccc(OCc4cccc(F)c4)c(Cl)c3)ncn2)c1
963,6.202732459169283,nM,CHEMBL1928956,O=C(Cc1cc(F)c(F)cc1F)Nc1cccc(Oc2cc(Nc3ccc(OCc4cccc(F)c4)c(Cl)c3)ncn2)c1
964,6.08565684288056,nM,CHEMBL1928957,O=C(/C=C/c1ccc(F)cc1)Nc1cccc(Oc2cc(Nc3ccc(OCc4cccc(F)c4)c(Cl)c3)ncn2)c1
965,6.281498311132726,nM,CHEMBL1928958,COc1ccc(/C=C/C(=O)Nc2cccc(Oc3cc(Nc4ccc(OCc5cccc(F)c5)c(Cl)c4)ncn3)c2)cc1OC
966,6.142064735280571,nM,CHEMBL1928959,O=C(COc1cc(F)c(F)c(F)c1)Nc1cccc(Oc2cc(Nc3ccc(OCc4cccc(F)c4)c(Cl)c3)ncn2)c1
967,3.9503943874050274,nM,CHEMBL1929554,Nc1nc(Nc2ccc(Cl)cc2F)c2cc(Cc3cccc4ccccc34)[nH]c2n1
968,4.898940645091885,nM,CHEMBL1929555,Nc1nc(Nc2ccc(Cl)cc2)c2cc(Cc3cccc4ccccc34)[nH]c2n1
969,3.948076083953894,nM,CHEMBL1929556,COc1ccc(OC)c(Cc2cc3c(Nc4ccc(Cl)cc4F)nc(N)nc3[nH]2)c1
970,8.0,nM,CHEMBL193159,O=C(CCl)Nc1ccc2ncnc(Nc3cccc(Br)c3)c2c1
971,9.920818753952377,nM,CHEMBL193160,O=C(CCl)Nc1ccc2ncnc(Nc3cccc(I)c3)c2c1
972,7.259637310505756,nM,CHEMBL1933083,Cc1ncnc(Nc2ccc(OCc3cccc(F)c3)c(Cl)c2)c1C#Cc1cccc(CN(C)C)c1
973,6.769551078621726,nM,CHEMBL193368,CCc1c(C(=O)OCCCn2ccnc2)cn2ncnc(Nc3ccc4c(cnn4Cc4ccccc4)c3)c12
974,6.187086643357144,nM,CHEMBL1934621,Cc1ncnc(Nc2ccc(OCc3cccc(F)c3)c(Cl)c2)c1C#Cc1ccccc1
975,7.657577319177793,nM,CHEMBL1934622,Cc1ncnc(Nc2ccc(OCc3cccc(F)c3)c(Cl)c2)c1C#Cc1ccc(CNCCS(C)(=O)=O)cc1
976,8.522878745280337,nM,CHEMBL1934623,Cc1ncnc(Nc2ccc(OCc3cccc(F)c3)c(Cl)c2)c1C#Cc1ccc(CNC(C)C)cc1
977,8.045757490560675,nM,CHEMBL1934624,Cc1ncnc(Nc2ccc(OCc3cccc(F)c3)c(Cl)c2)c1C#Cc1ccc(CN2CCCC2)cc1
978,8.154901959985743,nM,CHEMBL1934625,Cc1ncnc(Nc2ccc(OCc3cccc(F)c3)c(Cl)c2)c1C#Cc1ccc(CN(C)C)cc1
979,6.721246399047171,nM,CHEMBL1934626,Cc1ncnc(Nc2ccc(OCc3cccc(F)c3)c(Cl)c2)c1C#Cc1ccc(CN2CCCC2)c(F)c1
980,7.102372908709559,nM,CHEMBL1934627,Cc1ncnc(Nc2ccc(OCc3cccc(F)c3)c(Cl)c2)c1C#Cc1ccc(CN2CCCC2)o1
981,7.522878745280337,nM,CHEMBL1934628,Cc1ncnc(Nc2ccc(OCc3cccc(F)c3)c(Cl)c2)c1C#Cc1ccc(CN2CCCC2)s1
982,7.130768280269024,nM,CHEMBL1934629,Cc1ncnc(Nc2ccc(OCc3cccc(F)c3)c(Cl)c2)c1C#Cc1ncc(CN2CCCC2)s1
983,7.0655015487564325,nM,CHEMBL1934630,Cc1ncnc(Nc2ccc(OCc3cccc(F)c3)c(Cl)c2)c1C#CCOc1ccc(CNC(C)C)cc1
984,7.026872146400302,nM,CHEMBL1934631,Cc1ncnc(Nc2ccc(OCc3cccc(F)c3)c(Cl)c2)c1/C=C/c1ccc(CNCCS(C)(=O)=O)cc1
985,7.619788758288394,nM,CHEMBL1934632,Cc1ncnc(Nc2ccc(OCc3cccc(F)c3)c(Cl)c2)c1/C=C/c1ccc(CNC(C)C)cc1
986,7.008773924307505,nM,CHEMBL1934633,Cc1ncnc(Nc2ccc(OCc3cccc(F)c3)c(Cl)c2)c1/C=C/c1ccc(CNC2CC2)cc1
987,6.853871964321762,nM,CHEMBL193544,CN1CCC(Oc2cccc3ncnc(Nc4ccc(OCc5ccccn5)c(Cl)c4)c23)CC1
988,5.619788758288394,nM,CHEMBL193578,Clc1cc(Nc2ncnc3cccc(OC4CCOCC4)c23)ccc1OCc1ccccn1
989,7.397940008672037,nM,CHEMBL193681,CCc1c(C(=O)NCCCn2ccnc2)cn2ncnc(Nc3ccc4c(cnn4Cc4ccccc4)c3)c12
990,5.958607314841776,nM,CHEMBL194160,CCc1c(CC(N)=O)cn2ncnc(Nc3ccc4c(cnn4Cc4ccccc4)c3)c12
991,5.6777807052660805,nM,CHEMBL194337,CN1CCC(Oc2cccc3ncnc(Nc4ccc(OCc5ccccn5)cc4)c23)CC1
992,6.214670164989233,nM,CHEMBL194349,CCOC(=O)c1cn2ncnc(Nc3ccc(Oc4ccccc4)cc3)c2c1CC
993,6.356547323513813,nM,CHEMBL194389,COc1cccc2ncnc(Nc3ccc(OCc4ccccn4)c(Cl)c3)c12
994,4.088309841246139,nM,CHEMBL1944641,Cc1ccc(-n2c(SCC(=O)Nc3ccccc3Cl)nc3sc(C)c(C)c3c2=O)cc1
995,5.050609993355088,nM,CHEMBL1944920,Cn1cc(NC(=O)/C=N/O)c(=O)n1-c1ccccc1
996,5.366531544420414,nM,CHEMBL1944921,COc1cccc2c1C(=O)c1c(O)ccc(O)c1C2=O
997,4.657577319177794,nM,CHEMBL1944922,Cn1c2ccccc2n2c(=S)[nH]nc12
998,4.628932137728264,nM,CHEMBL1944923,CC(=O)Nc1ccc(S(=O)(=O)Nc2nc3ccccc3nc2Nc2ccc(C(=O)O)cc2)cc1
999,4.607303046740335,nM,CHEMBL1944924,Cc1c(Cc2ccccc2)sc(NCC(=O)COc2ccc3ccccc3c2)c1C(N)=O
1000,4.388276691992659,nM,CHEMBL1944925,O=C(NNC(=O)c1ncc(Cc2ccsc2)s1)Nc1ccccc1
1001,4.245651664288982,nM,CHEMBL1944926,O=C(Nc1cccc(Br)c1)c1c(O)c2ccccc2[nH]c1=O
1002,4.18309616062434,nM,CHEMBL1944927,CCc1ccc(C(=O)NNc2ccc(Cl)cc2C)cc1
1003,4.186419011431809,nM,CHEMBL1944928,COc1ccc2c3oc(=O)cc(O)c3c(=O)n(C)c2c1
1004,4.180456064458132,nM,CHEMBL1944929,C=CCn1c(N)c(C(=O)N/N=C/c2cccs2)sc1=S
1005,4.067526235322847,nM,CHEMBL1944930,O=c1c2c(-c3ccccc3)c3c(nc2nc2[nH]nc(S)n12)-c1ccccc1CC3
1006,4.0343280287798935,nM,CHEMBL1944931,CCOC(=O)c1ccc(NC(=O)CSc2nnc(CNc3ccc(OC)cc3)n2-c2ccccc2)cc1
1007,4.694863681056361,nM,CHEMBL1945444,O=C(NS(=O)(=O)c1ccccc1)c1cncc(Br)c1
1008,4.916855856856948,nM,CHEMBL1945445,Cc1ccc(S(=O)(=O)NC(=O)c2cncc(Br)c2)cc1
1009,5.485452247339714,nM,CHEMBL1945446,O=C(NS(=O)(=O)c1ccc(F)cc1)c1cncc(Br)c1
1010,5.681936665037238,nM,CHEMBL1945447,O=C(NS(=O)(=O)c1ccc(Br)cc1)c1cncc(Br)c1
1011,7.045757490560675,nM,CHEMBL1945448,O=C(NS(=O)(=O)c1ccc(Cl)cc1)c1cncc(Br)c1
1012,4.567832730557412,nM,CHEMBL1945450,Cc1ccc(S(=O)(=O)NC(=O)c2cccnc2Cl)cc1
1013,4.542723813938675,nM,CHEMBL1945451,O=C(NS(=O)(=O)c1ccc(F)cc1)c1cccnc1Cl
1014,4.804653941651581,nM,CHEMBL1945452,O=C(NS(=O)(=O)c1ccc(Br)cc1)c1cccnc1Cl
1015,4.702677285794698,nM,CHEMBL1945453,O=C(NS(=O)(=O)c1ccc(Cl)cc1)c1cccnc1Cl
1016,4.536554968229573,nM,CHEMBL1945644,O=C(NS(=O)(=O)c1ccc(Br)cc1)c1ccc(Cl)nc1
1017,4.741123370627869,nM,CHEMBL1945645,O=C(NS(=O)(=O)c1ccc(Cl)cc1)c1ccc(Cl)nc1
1018,4.666351243485299,nM,CHEMBL1945646,Cc1ccc(C(=O)NS(=O)(=O)c2ccccc2)c(Cl)n1
1019,4.823330067331851,nM,CHEMBL1945647,Cc1ccc(S(=O)(=O)NC(=O)c2ccc(C)nc2Cl)cc1
1020,5.578396073130169,nM,CHEMBL1945648,Cc1ccc(C(=O)NS(=O)(=O)c2ccc(Br)cc2)c(Cl)n1
1021,5.92445303860747,nM,CHEMBL1945649,Cc1ccc(C(=O)NS(=O)(=O)c2ccc(Cl)cc2)c(Cl)n1
1022,5.187086643357145,nM,CHEMBL1946843,CN(C)c1nc(N/N=C/c2cc(Br)c(O)c(Br)c2O)nc(Nc2ccc(F)cc2)n1
1023,4.886056647693164,nM,CHEMBL1946844,O=C(CSc1nc(O)nc(-c2ccc(Cl)cc2)n1)Nc1ccc(Cl)cc1
1024,4.508638306165728,nM,CHEMBL1946845,CNc1nc(N/N=C\c2ccc(OC)cc2)nc(Nc2ccccc2)n1
1025,5.823908740944319,nM,CHEMBL1946846,COc1nc(NCCN2CCOCC2)nc(Nc2ccc(Cl)cc2)n1
1026,4.512861624522814,nM,CHEMBL1946847,CNc1nc(N/N=C/c2ccc(O)cc2)nc(Nc2ccccc2)n1
1027,7.508638306165727,nM,CHEMBL1946926,CC1(C)CC(C(=O)Nc2ccc3ncnc(Nc4cccc(Br)c4)c3c2)CC(C)(C)N1[O]
1028,5.113509274827518,nM,CHEMBL1947045,COc1cccc(Nc2ccnc(Nc3cccc(OC)c3)n2)c1
1029,4.043831569524637,nM,CHEMBL1947046,COc1ccccc1Nc1ccnc(Nc2ccccc2OC)n1
1030,6.374687549038326,nM,CHEMBL1947121,COc1cc2ncc(C(=O)NC3CC(C)(C)N([O])C(C)(C)C3)c(Nc3ccc(F)c(Cl)c3)c2cc1OC
1031,5.044745317179821,nM,CHEMBL1947122,COc1cc2ncc(C(=O)O)c(Nc3cccc(Cl)c3)c2cc1OC
1032,5.032264868216121,nM,CHEMBL1947123,COc1cc2ncc(C(=O)O)c(Nc3ccc(F)c(Cl)c3)c2cc1OC
1033,7.823908740944319,nM,CHEMBL1947124,CC1(C)CC(C(=O)Nc2ccc3ncnc(Nc4ccc(F)c(Cl)c4)c3c2)CC(C)(C)N1[O]
1034,7.187086643357144,nM,CHEMBL1947125,CC1(C)CC(C(=O)Nc2ccc3ncnc(Nc4cccc(Cl)c4)c3c2)CC(C)(C)N1[O]
1035,6.205511953340831,nM,CHEMBL1947126,COc1cc2ncc(C(=O)NC3CC(C)(C)N([O])C(C)(C)C3)c(Nc3cccc(Cl)c3)c2cc1OC
1036,6.465973893943866,nM,CHEMBL1947127,COc1cc2ncc(C(=O)NC3CC(C)(C)N([O])C(C)(C)C3)c(Nc3cccc(Br)c3)c2cc1OC
1037,6.920818753952375,nM,CHEMBL194958,CCc1c(C(N)=O)cn2ncnc(Nc3ccc4c(cnn4Cc4ccccc4)c3)c12
1038,6.42021640338319,nM,CHEMBL1950289,O[C@H]1CC[C@H](Nc2ncc3nc(Nc4c(F)cc(F)cc4F)n([C@H]4CCOC4)c3n2)CC1
1039,5.568636235841013,nM,CHEMBL195029,COc1cc(Nc2c(C#N)cnc3cc4cc(OCCN5CCOCC5)c(OC)cc4cc23)c(Cl)cc1Cl
1040,6.823908740944319,nM,CHEMBL1951415,Nc1nccc(-c2c(-c3ccc(F)cc3)ncn2C2CCCCC2)n1
1041,6.156144577376839,nM,CHEMBL195204,CN1CCC(Oc2cccc3ncnc(Nc4ccc(OCc5cscn5)c(Cl)c4)c23)CC1
1042,5.376750709602099,nM,CHEMBL195218,CONC(=O)c1cc(Nc2ncnn3cc(NC(=O)OCCCS(C)(=O)=O)c(C(C)C)c23)c(F)cc1F
1043,6.621602099051863,nM,CHEMBL1952210,COc1ccc(N2Cc3cnc(Nc4ccccc4)nc3N([C@@H]3CC[C@@H](O)C3)C2=O)cc1
1044,6.437707135543525,nM,CHEMBL1952211,COc1ccc(N2Cc3cnc(Nc4ccccc4)nc3N([C@H]3CC[C@H](O)C3)C2=O)cc1
1045,4.789975926195768,nM,CHEMBL195437,CCCCCCCCc1ccc(O)cc1
1046,4.758951849328356,nM,CHEMBL1956885,Nc1nc(Nc2cccc(Br)c2)c2cc(Cc3ccc(Cl)cc3)[nH]c2n1
1047,4.703993330686328,nM,CHEMBL1956886,Nc1nc(Nc2cccc(Br)c2)c2cc(Cc3ccc(Cl)c(Cl)c3)[nH]c2n1
1048,5.210419287835575,nM,CHEMBL1956887,Nc1nc(Nc2cccc(Br)c2)c2cc(Cc3ccc(-c4ccccc4)cc3)[nH]c2n1
1049,5.471083299722345,nM,CHEMBL1958019,O=C1CSC(N2N=C(c3ccccc3)CC2c2ccccc2)=N1
1050,5.313363730737708,nM,CHEMBL1958020,O=C1CSC(N2N=C(c3ccccc3)CC2c2ccc(F)cc2)=N1
1051,5.45717457304082,nM,CHEMBL1958021,O=C1CSC(N2N=C(c3ccccc3)CC2c2ccc(Cl)cc2)=N1
1052,5.8696662315049934,nM,CHEMBL1958022,O=C1CSC(N2N=C(c3ccccc3)CC2c2ccc(Br)cc2)=N1
1053,5.518557371497695,nM,CHEMBL1958023,Cc1ccc(C2CC(c3ccccc3)=NN2C2=NC(=O)CS2)cc1
1054,5.369572124974976,nM,CHEMBL1958024,COc1ccc(C2CC(c3ccccc3)=NN2C2=NC(=O)CS2)cc1
1055,5.089375595110798,nM,CHEMBL1958025,O=C1CSC(N2N=C(c3ccc(F)cc3)CC2c2ccccc2)=N1
1056,4.771599641296995,nM,CHEMBL1958026,O=C1CSC(N2N=C(c3ccc(F)cc3)CC2c2ccc(F)cc2)=N1
1057,4.961777361631282,nM,CHEMBL1958027,O=C1CSC(N2N=C(c3ccc(F)cc3)CC2c2ccc(Cl)cc2)=N1
1058,5.319664486585436,nM,CHEMBL1958028,O=C1CSC(N2N=C(c3ccc(F)cc3)CC2c2ccc(Br)cc2)=N1
1059,5.077793722560984,nM,CHEMBL1958029,Cc1ccc(C2CC(c3ccc(F)cc3)=NN2C2=NC(=O)CS2)cc1
1060,4.971022294791223,nM,CHEMBL1958030,COc1ccc(C2CC(c3ccc(F)cc3)=NN2C2=NC(=O)CS2)cc1
1061,5.272458742971444,nM,CHEMBL1958031,O=C1CSC(N2N=C(c3ccc(Cl)cc3)CC2c2ccccc2)=N1
1062,4.8474059220725305,nM,CHEMBL1958032,O=C1CSC(N2N=C(c3ccc(Cl)cc3)CC2c2ccc(F)cc2)=N1
1063,5.088309841246139,nM,CHEMBL1958033,O=C1CSC(N2N=C(c3ccc(Cl)cc3)CC2c2ccc(Cl)cc2)=N1
1064,5.642065152999546,nM,CHEMBL1958034,O=C1CSC(N2N=C(c3ccc(Cl)cc3)CC2c2ccc(Br)cc2)=N1
1065,5.175874166083451,nM,CHEMBL1958035,Cc1ccc(C2CC(c3ccc(Cl)cc3)=NN2C2=NC(=O)CS2)cc1
1066,5.066512712151295,nM,CHEMBL1958036,COc1ccc(C2CC(c3ccc(Cl)cc3)=NN2C2=NC(=O)CS2)cc1
1067,5.494850021680094,nM,CHEMBL1958037,O=C1CSC(N2N=C(c3ccc(Br)cc3)CC2c2ccccc2)=N1
1068,5.188424994129407,nM,CHEMBL1958038,O=C1CSC(N2N=C(c3ccc(Br)cc3)CC2c2ccc(F)cc2)=N1
1069,5.385102783966866,nM,CHEMBL1958039,O=C1CSC(N2N=C(c3ccc(Br)cc3)CC2c2ccc(Cl)cc2)=N1
1070,5.692503962086787,nM,CHEMBL1958209,O=C1CSC(N2N=C(c3ccc(Br)cc3)CC2c2ccc(Br)cc2)=N1
1071,5.253365801062422,nM,CHEMBL1958210,Cc1ccc(C2CC(c3ccc(Br)cc3)=NN2C2=NC(=O)CS2)cc1
1072,5.099086932262331,nM,CHEMBL1958211,COc1ccc(C2CC(c3ccc(Br)cc3)=NN2C2=NC(=O)CS2)cc1
1073,5.966576244513051,nM,CHEMBL1958212,Cc1ccc(C2=NN(C3=NC(=O)CS3)C(c3ccccc3)C2)cc1
1074,5.696803942579511,nM,CHEMBL1958213,Cc1ccc(C2=NN(C3=NC(=O)CS3)C(c3ccc(F)cc3)C2)cc1
1075,5.779891911959945,nM,CHEMBL1958214,Cc1ccc(C2=NN(C3=NC(=O)CS3)C(c3ccc(Cl)cc3)C2)cc1
1076,6.619788758288394,nM,CHEMBL1958215,Cc1ccc(C2=NN(C3=NC(=O)CS3)C(c3ccc(Br)cc3)C2)cc1
1077,5.935542010773082,nM,CHEMBL1958216,Cc1ccc(C2=NN(C3=NC(=O)CS3)C(c3ccc(C)cc3)C2)cc1
1078,5.372634143407268,nM,CHEMBL1958217,COc1ccc(C2CC(c3ccc(C)cc3)=NN2C2=NC(=O)CS2)cc1
1079,5.6252516539898965,nM,CHEMBL1958218,COc1ccc(C2=NN(C3=NC(=O)CS3)C(c3ccccc3)C2)cc1
1080,5.225483034271451,nM,CHEMBL1958219,COc1ccc(C2=NN(C3=NC(=O)CS3)C(c3ccc(F)cc3)C2)cc1
1081,5.271646217978772,nM,CHEMBL1958220,COc1ccc(C2=NN(C3=NC(=O)CS3)C(c3ccc(Cl)cc3)C2)cc1
1082,5.8996294548824375,nM,CHEMBL1958221,COc1ccc(C2=NN(C3=NC(=O)CS3)C(c3ccc(Br)cc3)C2)cc1
1083,5.262807357295263,nM,CHEMBL1958222,COc1ccc(C2=NN(C3=NC(=O)CS3)C(c3ccc(C)cc3)C2)cc1
1084,5.051098239029787,nM,CHEMBL1958223,COc1ccc(C2=NN(C3=NC(=O)CS3)C(c3ccc(OC)cc3)C2)cc1
1085,7.045757490560675,nM,CHEMBL196018,CCOC(=O)c1cn2ncnc(Nc3ccc(F)c(Cl)c3)c2c1CC
1086,7.698970004336019,nM,CHEMBL196438,CCc1c(C(=O)O)cn2ncnc(Nc3ccc4c(cnn4Cc4ccccc4)c3)c12
1087,6.022276394711152,nM,CHEMBL196548,CCOCc1cn2ncnc(Nc3ccc4c(cnn4Cc4ccccc4)c3)c2c1CC
1088,6.698970004336019,nM,CHEMBL196738,CCOC(=O)c1cn2ncnc(Nc3ccc4c(cnn4Cc4ccccc4)c3)c2c1C
1089,6.920818753952375,nM,CHEMBL196925,CCOC(=O)c1cn2ncnc(Nc3ccc4c(cnn4Cc4ccccc4)c3)c2c1CC
1090,8.301029995663981,nM,CHEMBL197640,CN1CCC(Oc2cccc3ncnc(Nc4ccc(OCc5cccc(F)c5)c(Cl)c4)c23)CC1
1091,7.154901959985743,nM,CHEMBL197689,CCc1c(C(=O)NC)cn2ncnc(Nc3ccc4c(cnn4Cc4ccccc4)c3)c12
1092,5.006123085058789,nM,CHEMBL1981977,O=C(/C=C/c1ccccc1)Nc1ccccc1Cl
1093,7.091139826982724,nM,CHEMBL1988225,O=C(CNc1ccc(Cl)cc1)Nn1c(-c2ccccc2)nc2ccccc2c1=O
1094,5.679853713888946,nM,CHEMBL1990583,Nc1ncnn2ccc(C(=O)Nc3ccc(NC(=O)Nc4cccc(F)c4)cc3)c12
1095,5.1325325121409495,nM,CHEMBL1998736,O=C(/C=C/c1ccccc1)Nc1ccccc1F
1096,5.552841968657781,nM,CHEMBL200976,COC(=O)c1c(OCCN2CCCCC2)c2ccccc2c2oc3c(c12)C(=O)c1ccccc1C3=O
1097,4.645365019512085,nM,CHEMBL201511,COc1cc(C2=C(c3c[nH]c4ccccc34)C(=O)NC2=O)cc(OC)c1OC
1098,4.8996294548824375,nM,CHEMBL201840,COC(=O)c1c(OC)c2ccccc2c2oc3c(c12)C(=O)c1ccccc1C3=O
1099,4.508638306165728,nM,CHEMBL201865,COC(=O)c1c(OCCN(C)C)c2ccccc2c2oc3c(c12)C(=O)c1ccccc1C3=O
1100,5.151810883008602,nM,CHEMBL2018748,CCCOC(=O)Nc1ccc(Nc2ncnc3cc(OC)c(OC)cc23)cc1
1101,6.096910013008056,nM,CHEMBL2018749,CCCCOC(=O)Nc1ccc(Nc2ncnc3cc(OC)c(OC)cc23)cc1
1102,5.318758762624412,nM,CHEMBL2018750,COc1cc2ncnc(Nc3ccc(NC(=O)OC(C)C)cc3)c2cc1OC
1103,5.211124884224583,nM,CHEMBL2018751,COC(=O)Nc1ccc(Nc2ncnc3cc(OC)c(OC)cc23)cc1Cl
1104,6.0,nM,CHEMBL2018752,CCOC(=O)Nc1ccc(Nc2ncnc3cc(OC)c(OC)cc23)cc1Cl
1105,6.0,nM,CHEMBL2018753,CCCOC(=O)Nc1ccc(Nc2ncnc3cc(OC)c(OC)cc23)cc1Cl
1106,5.193820026016113,nM,CHEMBL2018754,CCCCOC(=O)Nc1ccc(Nc2ncnc3cc(OC)c(OC)cc23)cc1Cl
1107,5.3979400086720375,nM,CHEMBL2018755,COC(=O)Nc1ccc(Nc2ncnc3cc(OC)c(OC)cc23)cc1C
1108,6.045757490560675,nM,CHEMBL2018756,CCOC(=O)Nc1ccc(Nc2ncnc3cc(OC)c(OC)cc23)cc1C
1109,6.045757490560675,nM,CHEMBL2018757,CCCOC(=O)Nc1ccc(Nc2ncnc3cc(OC)c(OC)cc23)cc1C
1110,5.119186407719209,nM,CHEMBL2018758,CCCCOC(=O)Nc1ccc(Nc2ncnc3cc(OC)c(OC)cc23)cc1C
1111,5.236572006437063,nM,CHEMBL2018759,COc1cc2ncnc(Nc3ccc(NC(=O)OC(C)C)c(C)c3)c2cc1OC
1112,6.045757490560675,nM,CHEMBL2018760,CCOC(=O)Nc1cc(Nc2ncnc3cc(OC)c(OC)cc23)ccc1Cl
1113,5.142667503568732,nM,CHEMBL2018761,COC(=O)Nc1cc(Nc2ncnc3cc(OC)c(OC)cc23)ccc1C
1114,5.301029995663981,nM,CHEMBL2018762,CCOC(=O)Nc1cc(Nc2ncnc3cc(OC)c(OC)cc23)ccc1C
1115,5.004364805402451,nM,CHEMBL2018765,CCN(CC)CCOc1cc2ncnc(Nc3ccc(F)c(Cl)c3)c2cc1OC
1116,5.024568191490737,nM,CHEMBL2018767,CCN(CC)CCOc1cc2ncnc(Nc3ccc(C)c(Br)c3)c2cc1OC
1117,5.040958607678906,nM,CHEMBL2018773,CCN(CC)CCOc1cc2c(Nc3ccc(Br)cc3F)ncnc2cc1OC
1118,5.038578905933552,nM,CHEMBL2018777,CCCCOc1cc2c(Nc3ccc(NC(=O)OCC)c(Cl)c3)ncnc2cc1OCCN(CC)CC
1119,9.30102999566398,nM,CHEMBL2021575,O=C(O)[C@@H]1O[C@H]1C(=O)Nc1ccc2ncnc(Nc3cccc(Br)c3)c2c1
1120,9.309803919971486,nM,CHEMBL2021576,O=C(O)[C@H]1O[C@@H]1C(=O)Nc1ccc2ncnc(Nc3cccc(Br)c3)c2c1
1121,5.292429823902063,nM,CHEMBL202162,CCN(CC)CCOc1c(C(=O)OC)c2c3c(oc2c2ccccc12)C(=O)c1ccccc1C3=O
1122,5.045757490560675,nM,CHEMBL202244,COC(=O)c1c(OCCN2CCCC2)c2ccccc2c2oc3c(c12)C(=O)c1ccccc1C3=O
1123,8.795880017344075,nM,CHEMBL202360,C#CC(=O)Nc1ccc2ncnc(Nc3cccc(Br)c3)c2c1
1124,7.397940008672037,nM,CHEMBL202398,CCCCN(CC#CC(=O)Nc1ccc2ncnc(Nc3ccc(F)c(Cl)c3)c2c1)CCCC
1125,8.853871964321762,nM,CHEMBL202411,O=C(C#CCO)Nc1ccc2ncnc(Nc3ccc(F)c(Cl)c3)c2c1
1126,7.769551078621726,nM,CHEMBL202421,CCCCN(CC#CC(=O)Nc1cc2c(Nc3ccc(F)c(Cl)c3)ncnc2cn1)CCCC
1127,7.823908740944319,nM,CHEMBL202424,CCCCC#CC(=O)Nc1cc2c(Nc3ccc(F)c(Cl)c3)ncnc2cn1
1128,7.823908740944319,nM,CHEMBL202425,CCN(CC)CC#CC(=O)Nc1cc2c(Nc3ccc(F)c(Cl)c3)ncnc2cn1
1129,8.508638306165727,nM,CHEMBL202556,O=C(C#CCN1CCOCC1)Nc1cc2c(Nc3ccc(F)c(Cl)c3)ncnc2cn1
1130,7.0655015487564325,nM,CHEMBL202621,O=C(C#CCN1CCOCC1)Nc1ccc2ncnc(Nc3ccc(F)c(Cl)c3)c2c1
1131,6.958607314841775,nM,CHEMBL202721,COc1cc2c(Nc3ccc(NC(=O)c4ccccc4)cc3)ncnc2cc1OCCCN1CCOCC1
1132,8.61798295742513,nM,CHEMBL2029425,C=CC(=O)Nc1cccc(N2C(=O)N(C)Cc3cnc(Nc4ccc(N5CCC(N(C)C)CC5)cc4OC)nc32)c1
1133,8.158015195409886,nM,CHEMBL2029426,C=CC(=O)Nc1cccc(N2C(=O)N(C)Cc3cnc(Nc4ccccc4)nc32)c1
1134,9.366531544420411,nM,CHEMBL2029428,C=CC(=O)Nc1cccc(N2C(=O)N(C)Cc3cnc(Nc4ccc(N5CCN(C)CC5)cc4)nc32)c1
1135,9.387216143280265,nM,CHEMBL2029429,C=CC(=O)Nc1cccc(N2C(=O)N(C)Cc3cnc(Nc4ccc(N5CCN(C)CC5)c(OC)c4)nc32)c1
1136,8.57186520597121,nM,CHEMBL2029430,C=CC(=O)Nc1cccc(N2C(=O)N(C)Cc3cnc(Nc4ccc(N5CCN(C)CC5)cc4OCC)nc32)c1
1137,8.055024091587953,nM,CHEMBL2029431,C=CC(=O)Nc1cccc(N2C(=O)N(C)Cc3cnc(Nc4ccc(N5CCN(C)CC5)cc4OC(C)C)nc32)c1
1138,8.91721462968355,nM,CHEMBL2029432,C=CC(=O)Nc1cccc(N2C(=O)N(C)Cc3cnc(Nc4ccc(N5CCN(C)CC5)cc4C)nc32)c1
1139,9.42021640338319,nM,CHEMBL2029434,C=CC(=O)Nc1cccc(N2C(=O)N(C(C)C)Cc3cnc(Nc4ccc(N5CCN(C)CC5)cc4OC)nc32)c1
1140,9.236572006437065,nM,CHEMBL2029435,C=CC(=O)Nc1cccc(N2C(=O)N(C3CC3)Cc3cnc(Nc4ccc(N5CCN(C)CC5)cc4OC)nc32)c1
1141,9.522878745280336,nM,CHEMBL2029436,C=CC(=O)Nc1cccc(N2C(=O)N(c3ccccc3)Cc3cnc(Nc4ccc(N5CCN(C)CC5)cc4OC)nc32)c1
1142,9.096910013008056,nM,CHEMBL2029437,C=CC(=O)Nc1cccc(N2C(=O)N(c3ccc4ccccc4c3)Cc3cnc(Nc4ccc(N5CCN(C)CC5)cc4OC)nc32)c1
1143,8.85078088734462,nM,CHEMBL2029439,C=CC(=O)Nc1cccc(N2C(=O)N(c3ccc(-c4ccccc4)cc3)Cc3cnc(Nc4ccc(N5CCN(C)CC5)cc4OC)nc32)c1
1144,8.777283528852417,nM,CHEMBL2029441,C=CC(=O)Nc1cccc(N2C(=O)N(c3ccc(OCc4ccccc4)cc3)Cc3cnc(Nc4ccc(N5CCN(C)CC5)cc4OC)nc32)c1
1145,6.320572103387882,nM,CHEMBL2029442,COc1cc(N2CCN(C)CC2)ccc1Nc1ncc2c(n1)N(c1cccc(N)c1)C(=O)N(C)C2
1146,5.013228265733755,nM,CHEMBL2029689,O=S(=O)(c1ccc(/N=C/c2cc(Br)ccc2O)cc1)N1CCCCC1
1147,4.313363730737708,nM,CHEMBL2029691,O=C(Cc1ccc(F)cc1)Nc1cc(SC[C@@H](O)CO)cc([N+](=O)[O-])c1
1148,5.167491087293764,nM,CHEMBL2029692,O=C(Cn1c(-c2ccccc2)cc(=O)n2ncnc12)NNC(=S)Nc1ccccc1
1149,5.075720713938118,nM,CHEMBL2029694,CCOc1ccc(-c2cc(C(F)(F)F)c(C#N)c(SCC(=O)NCC(=O)O)n2)cc1
1150,4.076238039171301,nM,CHEMBL2029695,Cn1c(NCc2cccc(C(F)(F)F)c2)cc(=O)n(C)c1=O
1151,4.140261433802854,nM,CHEMBL2029697,Cc1nn(C)cc1C(=O)Nc1ccn(Cc2c(F)cccc2Cl)n1
1152,4.575118363368933,nM,CHEMBL2029698,C=C(N/N=C/c1cn[nH]c1-c1ccccc1)[C@H](C)Cc1ccccc1
1153,5.0655015487564325,nM,CHEMBL2029699,Cc1ccc(N2NC(=O)/C(=C/c3ccc(OCc4ccccc4)cc3)C2=O)cc1Cl
1154,6.161150909262745,nM,CHEMBL202970,COc1cc2c(cc1OC)Oc1ncnc(Nc3ccc(F)c(Cl)c3)c1NC2
1155,8.995678626217357,nM,CHEMBL2031296,CC(=O)Nc1ccc2ncnc(Nc3cccc(Br)c3)c2c1
1156,8.809424402413269,nM,CHEMBL2031297,CN(C)CCC(=O)Nc1ccc2ncnc(Nc3cccc(Br)c3)c2c1
1157,9.568636235841012,nM,CHEMBL2031298,O=C(CCN1CCCCC1)Nc1ccc2ncnc(Nc3cccc(Br)c3)c2c1
1158,9.292429823902063,nM,CHEMBL2031299,O=C(CCN1CCOCC1)Nc1ccc2ncnc(Nc3cccc(Br)c3)c2c1
1159,9.638272163982409,nM,CHEMBL2031300,CN1CCN(CCC(=O)Nc2ccc3ncnc(Nc4cccc(Br)c4)c3c2)CC1
1160,7.7594507517174,nM,CHEMBL2031301,CN(C)CCC(=O)N(C)c1ccc2ncnc(Nc3cccc(Br)c3)c2c1
1161,9.744727494896694,nM,CHEMBL2031302,C=CC(=O)Nc1cc2c(Nc3ccc(F)c(Cl)c3)ncnc2cc1OCC
1162,9.568636235841012,nM,CHEMBL2031303,CCOc1cc2ncnc(Nc3ccc(F)c(Cl)c3)c2cc1NC(=O)CCN(C)C
1163,9.292429823902063,nM,CHEMBL2031304,CCOc1cc2ncnc(Nc3ccc(F)c(Cl)c3)c2cc1NC(=O)CCN1CCCCC1
1164,9.537602002101044,nM,CHEMBL2031305,CCOc1cc2ncnc(Nc3ccc(F)c(Cl)c3)c2cc1NC(=O)CCN1CCOCC1
1165,8.835647144215564,nM,CHEMBL2031306,C=CC(=O)Nc1cc2c(Nc3ccc(F)c(Cl)c3)c(C#N)cnc2cc1OCC
1166,9.167491087293763,nM,CHEMBL2031307,CCOc1cc2ncc(C#N)c(Nc3ccc(F)c(Cl)c3)c2cc1NC(=O)CCN(C)C
1167,8.655607726314889,nM,CHEMBL2031308,CCOc1cc2ncc(C#N)c(Nc3ccc(F)c(Cl)c3)c2cc1NC(=O)CCN1CCCCC1
1168,8.694648630553376,nM,CHEMBL2031309,CCOc1cc2ncc(C#N)c(Nc3ccc(F)c(Cl)c3)c2cc1NC(=O)CCN1CCOCC1
1169,7.294992040666664,nM,CHEMBL2031310,C=CC(=O)Nc1cc2c(Nc3ccc(OCc4ccccn4)c(Cl)c3)c(C#N)cnc2cc1OCC
1170,7.903089986991944,nM,CHEMBL2031311,CCOc1cc2ncc(C#N)c(Nc3ccc(OCc4ccccn4)c(Cl)c3)c2cc1NC(=O)CCN(C)C
1171,7.605548319173784,nM,CHEMBL2031312,CCOc1cc2ncc(C#N)c(Nc3ccc(OCc4ccccn4)c(Cl)c3)c2cc1NC(=O)CCN1CCCCC1
1172,7.425968732272281,nM,CHEMBL2031313,CCOc1cc2ncc(C#N)c(Nc3ccc(OCc4ccccn4)c(Cl)c3)c2cc1NC(=O)CCN1CCOCC1
1173,5.769551078621726,nM,CHEMBL203132,Nc1ccc2c(c1)CNc1c(Nc3cccc(Br)c3)ncnc1O2
1174,5.4685210829577455,nM,CHEMBL203219,Brc1cccc(Nc2ncnc3c2NCc2ccccc2O3)c1
1175,8.96657624451305,nM,CHEMBL2032376,C=CC(=O)Nc1cccc(N2C(=O)N(C)Cc3cnc(Nc4ccc(N5CCN(C)CC5)cc4OC)nc32)c1
1176,8.30539480106643,nM,CHEMBL2032377,C=CC(=O)Nc1cccc(N2C(=O)N(C)Cc3cnc(Nc4ccc(N(C)C)cc4OC)nc32)c1
1177,7.9821322810364945,nM,CHEMBL2032378,C=CC(=O)Nc1cccc(N2C(=O)N(C)Cc3cnc(Nc4ccc(N5CCCCC5)cc4OC)nc32)c1
1178,7.985899678480379,nM,CHEMBL2032379,C=CC(=O)Nc1cccc(N2C(=O)N(C)Cc3cnc(Nc4ccc(N5CCOCC5)cc4OC)nc32)c1
1179,8.832682665251824,nM,CHEMBL2032380,C=CC(=O)Nc1cccc(N2C(=O)N(C)Cc3cnc(Nc4ccc(N5CCCN(C)CC5)cc4OC)nc32)c1
1180,5.154901959985743,nM,CHEMBL203529,Fc1ccc2c(c1)CNc1c(Nc3ccccc3)ncnc1O2
1181,8.494850021680094,nM,CHEMBL2035810,C=CC(=O)NCc1coc(-c2c(N)ncnc2Nc2ccc(OCc3ccccn3)c(Cl)c2)n1
1182,9.30102999566398,nM,CHEMBL203599,CN1CCN(CCC#CC(=O)Nc2cc3c(Nc4ccc(F)c(Cl)c4)ncnc3cn2)CC1
1183,9.522878745280336,nM,CHEMBL203644,CC#CC(=O)Nc1cc2c(Nc3ccc(F)c(Cl)c3)ncnc2cn1
1184,8.769551078621726,nM,CHEMBL203645,CCCC#CC(=O)Nc1cc2c(Nc3ccc(F)c(Cl)c3)ncnc2cn1
1185,8.886056647693163,nM,CHEMBL203661,O=C(C#CCCN1CCOCC1)Nc1cc2c(Nc3ccc(F)c(Cl)c3)ncnc2cn1
1186,8.769551078621726,nM,CHEMBL204085,O=C(C#CCCN1CCOCC1)Nc1ccc2ncnc(Nc3ccc(F)c(Cl)c3)c2c1
1187,5.309803919971486,nM,CHEMBL204164,C=CC(=O)Nc1ccc2c(c1)CNc1c(Nc3ccc(F)c(Cl)c3)ncnc1O2
1188,5.200659450546419,nM,CHEMBL204223,COc1cc(OC)c2c(c1)Oc1ncnc(Nc3cccc(Br)c3)c1NC2
1189,6.7281583934635005,nM,CHEMBL204268,COc1cc(OC2CCOC2)c2c(Nc3ccc(F)c(Cl)c3)ncnc2c1
1190,5.698970004336019,nM,CHEMBL204335,COc1ccc2c(c1)CNc1c(NCc3ccccc3)ncnc1O2
1191,7.522878745280337,nM,CHEMBL204420,COc1cc2ncnc(Nc3cccc(Cl)c3F)c2cc1CN1CCN(C)CC1C(N)=O
1192,7.481486060122113,nM,CHEMBL204467,OCc1ccc(C#Cc2cncnc2Nc2ccc(OCc3cccc(F)c3)c(Cl)c2)o1
1193,7.397940008672037,nM,CHEMBL204570,OCc1cccc(C#Cc2cncnc2Nc2ccc(OCc3cccc(F)c3)c(Cl)c2)n1
1194,7.200659450546419,nM,CHEMBL204625,Nc1ccccc1C#Cc1cncnc1Nc1ccc(OCc2cccc(F)c2)c(Cl)c1
1195,8.823908740944319,nM,CHEMBL204638,O=C(C#CCCN1CCOCC1)Nc1cc2c(Nc3ccc(F)c(Br)c3)ncnc2cn1
1196,5.6307841425898575,nM,CHEMBL2047015,O=C(CCCCCC(=O)Nc1ccc(O)c(C(=O)Nc2ccccc2)c1)NO
1197,5.85078088734462,nM,CHEMBL2047016,O=C(CCCCCC(=O)Nc1ccc(O)c(C(=O)Nc2cccc(F)c2)c1)NO
1198,5.653647025549361,nM,CHEMBL2047017,O=C(CCCCCC(=O)Nc1ccc(O)c(C(=O)Nc2ccc(F)c(F)c2)c1)NO
1199,5.452225294612177,nM,CHEMBL2047018,O=C(CCCCCC(=O)Nc1ccc(O)c(C(=O)Nc2ccc(F)c(Cl)c2)c1)NO
1200,5.376750709602099,nM,CHEMBL2047019,O=C(CCCCCC(=O)Nc1ccc(O)c(C(=O)Nc2cccc(C(F)(F)F)c2)c1)NO
1201,5.480172006224282,nM,CHEMBL2047020,C#Cc1cccc(NC(=O)c2cc(NC(=O)CCCCCC(=O)NO)ccc2O)c1
1202,5.7447274948966935,nM,CHEMBL2047021,O=C(CCCCCC(=O)Nc1ccc(O)c(C(=O)Nc2ccc(Cl)c(Cl)c2)c1)NO
1203,5.85078088734462,nM,CHEMBL2047022,O=C(CCCCCC(=O)Nc1ccc(O)c(C(=O)Nc2ccc(Cl)c(C(F)(F)F)c2)c1)NO
1204,5.647817481888637,nM,CHEMBL2047024,C#Cc1cccc(NC(=O)c2cc(NC(=O)CCCCCCC(=O)NO)ccc2O)c1
1205,5.806875401645538,nM,CHEMBL2047025,COc1cc(O)c(C(=O)Nc2ccc(F)c(Cl)c2)cc1NC(=O)CCCCCC(=O)NO
1206,5.950781977329819,nM,CHEMBL2047026,C#Cc1cccc(NC(=O)c2cc(NC(=O)CCCCCC(=O)NO)c(OC)cc2O)c1
1207,5.209714835966759,nM,CHEMBL2047027,C#Cc1cccc(NC(=O)c2cccc(NC(=O)CCCCCC(=O)NO)c2)c1
1208,5.287350298372789,nM,CHEMBL2047028,C#Cc1cccc(NC(=O)c2cc(NC(=O)CCCCCC(=O)NO)ccc2OC)c1
1209,6.045757490560675,nM,CHEMBL2047029,C#Cc1cccc(NC(=O)c2cc(OCCCCCCC(=O)NO)ccc2O)c1
1210,5.721246399047171,nM,CHEMBL204715,COc1ccc2c(c1)Oc1ncnc(Nc3cccc(Br)c3)c1NC2
1211,3.558933593360737,nM,CHEMBL2047241,Nc1nc2c(c(Nc3ccc(F)cc3)n1)-c1ccccc1C2
1212,4.7077439286435245,nM,CHEMBL2047242,Nc1nc2c(c(Nc3cccc(Cl)c3)n1)-c1ccccc1C2
1213,4.370590400897282,nM,CHEMBL2047245,CC(C)c1ccc(Nc2nc(N)nc3c2-c2ccccc2C3)cc1
1214,4.585026652029183,nM,CHEMBL2047247,Nc1nc2c(c(Nc3ccc(Cl)cc3)n1)-c1ccccc1C2
1215,4.617982957425132,nM,CHEMBL2047248,Nc1nc2c(c(Nc3cccc(Br)c3)n1)-c1ccccc1C2
1216,4.931814138253839,nM,CHEMBL2047253,Nc1nc2c(c(Nc3ccc(Cl)cc3F)n1)-c1ccccc1C2
1217,7.481486060122113,nM,CHEMBL2048788,CC(C)(C)NC(=O)c1cccc(Oc2ccc(Nc3ncnc4ccn(CCO)c34)cc2Cl)c1
1218,8.10790539730952,nM,CHEMBL2048789,O=C1NCc2ccc(Oc3ccc(Nc4ncnc5ccn(CCO)c45)cc3Cl)cc21
1219,6.292429823902064,nM,CHEMBL2048790,O=C1NCc2cc(Oc3ccc(Nc4ncnc5ccn(CCO)c45)cc3Cl)ccc21
1220,6.017728766960432,nM,CHEMBL2048791,O=C1Cc2cc(Oc3ccc(Nc4ncnc5ccn(CCO)c45)cc3Cl)ccc2N1
1221,5.638272163982407,nM,CHEMBL2048792,O=C1Cc2ccc(Oc3ccc(Nc4ncnc5ccn(CCO)c45)cc3Cl)cc2N1
1222,6.050609993355088,nM,CHEMBL2048793,O=C1NCc2c(Oc3ccc(Nc4ncnc5ccn(CCO)c45)cc3Cl)cccc21
1223,8.55284196865778,nM,CHEMBL2048795,O=C1Cc2cccc(Oc3ccc(Nc4ncnc5ccn(CCO)c45)cc3Cl)c2N1
1224,8.522878745280337,nM,CHEMBL2048796,O=C1Cc2c(cccc2Oc2ccc(Nc3ncnc4ccn(CCO)c34)cc2Cl)N1
1225,8.508638306165727,nM,CHEMBL2048797,OCCn1ccc2ncnc(Nc3ccc(Oc4cccc5[nH]ccc45)c(Cl)c3)c21
1226,8.05551732784983,nM,CHEMBL2048798,OCCn1ccc2ncnc(Nc3ccc(Oc4cccc5sccc45)c(Cl)c3)c21
1227,8.721246399047171,nM,CHEMBL2048903,OCCn1ccc2ncnc(Nc3ccc(Oc4cccc5[nH]ncc45)c(Cl)c3)c21
1228,7.443697499232713,nM,CHEMBL2048904,Cn1ncc2c(Oc3ccc(Nc4ncnc5ccn(CCO)c45)cc3Cl)cccc21
1229,8.387216143280265,nM,CHEMBL2048905,OCCn1ccc2ncnc(Nc3ccc(Oc4cccc5sncc45)c(Cl)c3)c21
1230,8.537602002101044,nM,CHEMBL2048906,CC(=O)NCCn1ccc2ncnc(Nc3ccc(Oc4cccc5sncc45)c(Cl)c3)c21
1231,8.154901959985743,nM,CHEMBL2048907,CC(C)(O)C(=O)NCCn1ccc2ncnc(Nc3ccc(Oc4cccc5sncc45)c(Cl)c3)c21.CS(=O)(=O)O
1232,8.154901959985743,nM,CHEMBL2048908,CC(C)(CO)C(=O)NCCn1ccc2ncnc(Nc3ccc(Oc4cccc5sncc45)c(Cl)c3)c21
1233,8.259637310505756,nM,CHEMBL2048909,CC(C)(C(=O)NCCn1ccc2ncnc(Nc3ccc(Oc4cccc5sncc45)c(Cl)c3)c21)S(C)(=O)=O
1234,7.67778070526608,nM,CHEMBL2048910,CC(C)(C)C(=O)NCCn1ccc2ncnc(Nc3ccc(Oc4cccc5sncc45)c(Cl)c3)c21.CS(=O)(=O)O
1235,8.522878745280337,nM,CHEMBL2048911,Cl.O=C(NCCn1ccc2ncnc(Nc3ccc(Oc4cccc5sncc45)c(Cl)c3)c21)[C@@H]1CCCN1
1236,8.585026652029182,nM,CHEMBL2048912,CC(C)(N)C(=O)NCCn1ccc2ncnc(Nc3ccc(Oc4cccc5sncc45)c(Cl)c3)c21
1237,5.823908740944319,nM,CHEMBL204965,Fc1ccc2c(c1)CNc1c(Nc3cccc(Br)c3)ncnc1O2
1238,7.769551078621726,nM,CHEMBL205045,Fc1cccc(COc2ccc(Nc3ncncc3C#Cc3ccccn3)cc2Cl)c1
1239,9.045757490560677,nM,CHEMBL205059,O=C(C#CCCN1CCCCC1)Nc1cc2c(Nc3ccc(F)c(Cl)c3)ncnc2cn1
1240,6.0,nM,CHEMBL205148,O=C(O)c1ccc2c(c1)CNc1c(Nc3cccc(Br)c3)ncnc1O2
1241,7.376750709602099,nM,CHEMBL205235,Nc1cccc(C#Cc2cncnc2Nc2ccc(OCc3cccc(F)c3)c(Cl)c2)c1
1242,7.376750709602099,nM,CHEMBL205284,Fc1cccc(COc2ccc(Nc3ncncc3C#Cc3cc[nH]n3)cc2Cl)c1
1243,5.236572006437063,nM,CHEMBL205454,COc1ccc2c(c1)CNc1c(Nc3ccc(Cl)cc3)ncnc1O2
1244,6.0,nM,CHEMBL205676,Fc1ccc(Nc2ncnc3c2NCc2cc(Cl)ccc2O3)cc1Cl
1245,7.040958607678907,nM,CHEMBL205765,CC(=O)Nc1cccc(C#Cc2cncnc2Nc2ccc(OCc3cccc(F)c3)c(Cl)c2)n1
1246,7.180456064458132,nM,CHEMBL205776,CN1CCN(CCCOc2cc(OC3CCOCC3)c3c(Nc4ccc(F)c(Cl)c4)ncnc3c2)CC1
1247,5.858863909879261,nM,CHEMBL205783,COc1cc(OC2CCOCC2)c2c(Nc3ccc(F)c(Cl)c3)ncnc2c1
1248,7.920818753952375,nM,CHEMBL205798,CC(=O)Nc1cccc(C#Cc2cncnc2Nc2ccc(OCc3cccc(F)c3)c(Cl)c2)c1
1249,7.070581074285707,nM,CHEMBL205870,C#Cc1cncnc1Nc1ccc(OCc2cccc(F)c2)c(Cl)c1
1250,7.522878745280337,nM,CHEMBL205966,Nc1ccc(C#Cc2cncnc2Nc2ccc(OCc3cccc(F)c3)c(Cl)c2)cc1
1251,7.67778070526608,nM,CHEMBL206003,NCc1cccc(C#Cc2cncnc2Nc2ccc(OCc3cccc(F)c3)c(Cl)c2)n1
1252,7.823908740944319,nM,CHEMBL206029,CS(=O)(=O)CCNC(=O)NCc1cccc(C#Cc2cncnc2Nc2ccc(OCc3cccc(F)c3)c(Cl)c2)n1
1253,5.431798275933005,nM,CHEMBL206197,Nc1ccc2c(c1)CNc1c(Nc3ccc(F)c(Cl)c3)ncnc1O2
1254,5.698970004336019,nM,CHEMBL206280,Fc1ccc(Nc2ncnc3c2NCc2cc(Br)ccc2O3)cc1Cl
1255,5.698970004336019,nM,CHEMBL206320,Fc1ccc2c(c1)CNc1c(Nc3cccc(-c4ccccc4)c3)ncnc1O2
1256,6.0,nM,CHEMBL206347,COc1ccc2c(c1)Oc1ncnc(Nc3ccc(F)c(Cl)c3)c1NC2
1257,5.008773924307505,nM,CHEMBL206370,COc1ccc2c(c1)CNc1c(Nc3cccc(-c4ccccc4)c3)ncnc1O2
1258,5.10790539730952,nM,CHEMBL2064392,Cc1c(OCC(F)(F)F)ccnc1COc1ccc(Nc2ncnc3cc4oc(=O)n(CCCN5CCOCC5)c4cc23)cc1
1259,7.00436480540245,nM,CHEMBL2064393,Cc1c(OCC(F)(F)F)ccnc1COc1cccc(Nc2ncnc3cc4oc(=O)n(CCCN5CCOCC5)c4cc23)c1
1260,5.769551078621726,nM,CHEMBL2064394,O=c1oc2cc3ncnc(Nc4ccc(OCc5ccccn5)cc4)c3cc2n1CCCN1CCOCC1
1261,5.346787486224656,nM,CHEMBL2064398,C[C@@H](Nc1ncnc2cc3oc(=O)n(CCCN4CCOCC4)c3cc12)c1ccccc1
1262,5.431798275933005,nM,CHEMBL2064399,C[C@H](Nc1ncnc2cc3oc(=O)n(CCCN4CCOCC4)c3cc12)c1ccccc1
1263,4.187086643357144,nM,CHEMBL2064400,O=c1oc2cc3ncnc(NCc4ccccc4)c3cc2n1CCCN1CCOCC1
1264,6.920818753952375,nM,CHEMBL2064403,O=c1oc2cc3ncnc(Nc4ccc5[nH]ncc5c4)c3cc2n1CCCN1CCOCC1
1265,4.823908740944319,nM,CHEMBL206483,Cc1cccc(-n2ncc3c(NCc4ccc5c(c4)OCO5)ncnc32)c1
1266,7.508638306165727,nM,CHEMBL206782,COC(=O)CCCC(=O)Nc1cccc(C#Cc2cncnc2Nc2ccc(OCc3cccc(F)c3)c(Cl)c2)c1
1267,8.096910013008056,nM,CHEMBL206783,COc1cc2ncnc(Nc3cccc(Cl)c3F)c2cc1CN1CCCC[C@@H]1C(N)=O
1268,5.356547323513812,nM,CHEMBL206848,O=C(O)c1ccc2c(c1)CNc1c(Nc3ccc(F)c(Cl)c3)ncnc1O2
1269,8.221848749616356,nM,CHEMBL206955,COc1cc2ncnc(Nc3ccc(F)c(Cl)c3)c2cc1CN1CCC[C@@H]1C(N)=O
1270,6.292429823902064,nM,CHEMBL2070045,COc1ccc2cc(-c3nn(C(C)C)c4ncnc(N)c34)ccc2c1.Cl
1271,6.154901959985743,nM,CHEMBL2070048,CCOc1ccc2cc(-c3nn(C(C)C)c4ncnc(N)c34)ccc2c1.Cl
1272,7.744727494896694,nM,CHEMBL207009,O=C(NCCCl)Nc1ccc2ncnc(Nc3cccc(Br)c3)c2c1
1273,5.787812395596042,nM,CHEMBL2070190,O=C(Nc1ccc2ncnc(Nc3cccc(Br)c3)c2c1)c1cccc2c1OCCO2
1274,5.991399828238083,nM,CHEMBL2070192,Brc1cccc(Nc2ncnc3ccc(NCc4ccc5c(c4)OCCO5)cc23)c1
1275,6.102372908709558,nM,CHEMBL2070193,Clc1cccc(Nc2ncnc3ccc(NCc4ccc5c(c4)OCCO5)cc23)c1
1276,5.889410289700751,nM,CHEMBL2070194,O=C(Nc1ccc2ncnc(Nc3cccc(Cl)c3)c2c1)c1cccc2c1OCCO2
1277,5.434152181326483,nM,CHEMBL2070195,O=C(Nc1ccc2ncnc(Nc3cccc(Br)c3)c2c1)C1COc2ccccc2O1
1278,5.560667306169737,nM,CHEMBL2070196,O=C(Nc1ccc2ncnc(Nc3cccc(Cl)c3)c2c1)C1COc2ccccc2O1
1279,7.008773924307505,nM,CHEMBL2070198,Brc1cccc(Nc2ncnc3ccc(NCc4ccc5c(c4)OCCCO5)cc23)c1
1280,6.665546248849069,nM,CHEMBL2070199,Clc1cccc(Nc2ncnc3ccc(NCc4ccc5c(c4)OCCCO5)cc23)c1
1281,5.943095148663527,nM,CHEMBL2070200,Brc1cccc(Nc2ncnc3ccc(NCc4ccc5c(c4)OCCCCO5)cc23)c1
1282,6.036212172654444,nM,CHEMBL2070201,Clc1cccc(Nc2ncnc3ccc(NCc4ccc5c(c4)OCCCCO5)cc23)c1
1283,7.301029995663981,nM,CHEMBL207037,COc1cc2ncnc(Nc3cccc(Cl)c3F)c2cc1CN1CC(C(N)=O)C1
1284,8.045757490560675,nM,CHEMBL207130,COc1cc2ncnc(Nc3cccc(Cl)c3F)c2cc1CN(C)C1(C(N)=O)CCN(C)CC1
1285,8.0,nM,CHEMBL207235,COc1cc2ncnc(Nc3cccc(Cl)c3F)c2cc1CN1C[C@H](OC)C[C@@H]1C(N)=O
1286,7.154901959985743,nM,CHEMBL207246,COc1cc2ncnc(Nc3cccc(Cl)c3F)c2cc1CN1CCC1C(N)=O
1287,7.221848749616356,nM,CHEMBL207247,CC(=O)NCc1cccc(C#Cc2cncnc2Nc2ccc(OCc3cccc(F)c3)c(Cl)c2)c1
1288,7.102372908709559,nM,CHEMBL207410,CNC(=O)c1cccc(C#Cc2cncnc2Nc2ccc(OCc3cccc(F)c3)c(Cl)c2)c1
1289,8.0,nM,CHEMBL207445,COCC[C@@H](C(N)=O)N(C)Cc1cc2c(Nc3cccc(Cl)c3F)ncnc2cc1OC
1290,7.522878745280337,nM,CHEMBL207584,COc1cc2ncnc(Nc3cccc(Cl)c3F)c2cc1CN1CCC[C@H]1C(N)=O
1291,7.301029995663981,nM,CHEMBL207674,COc1cc2ncnc(Nc3cccc(Cl)c3F)c2cc1CN1CCOCC1C(N)=O
1292,8.096910013008056,nM,CHEMBL207687,COc1cc2ncnc(Nc3cccc(Cl)c3F)c2cc1CN(C)[C@@H](C)C(N)=O
1293,7.698970004336019,nM,CHEMBL207718,COc1cc2ncnc(Nc3cccc(Cl)c3F)c2cc1CN(C)C1(C(N)=O)CN(C)C1
1294,8.221848749616356,nM,CHEMBL207815,COCCN1CC(C(N)=O)(N(C)Cc2cc3c(Nc4cccc(Cl)c4F)ncnc3cc2OC)C1
1295,7.113509274827518,nM,CHEMBL207869,Fc1cccc(COc2ccc(Nc3ncncc3C#Cc3ncccn3)cc2Cl)c1
1296,8.045757490560675,nM,CHEMBL208118,COc1cc2ncnc(Nc3cccc(Cl)c3F)c2cc1CN(C)[C@H](C)C(N)=O
1297,7.091514981121351,nM,CHEMBL208144,CN(CCCl)C(=O)Nc1ccc2ncnc(Nc3cccc(Cl)c3)c2c1
1298,6.170053304058364,nM,CHEMBL208240,Cc1cccc(Nc2ncnc3ccc(NC(=O)NCCCl)cc23)c1
1299,7.698970004336019,nM,CHEMBL208286,COc1cc2ncnc(Nc3cccc(Cl)c3F)c2cc1CN(C)[C@@H](CO)C(N)=O
1300,8.0,nM,CHEMBL208292,COc1cc2ncnc(Nc3cccc(Cl)c3F)c2cc1CN1CCC[C@@H]1C(N)=O
1301,6.958607314841775,nM,CHEMBL208358,CS(=O)(=O)Nc1cccc(C#Cc2cncnc2Nc2ccc(OCc3cccc(F)c3)c(Cl)c2)c1
1302,7.958607314841775,nM,CHEMBL208594,CNc1ccc2ncnc(Nc3cccc(C)c3)c2c1
1303,6.863279432843593,nM,CHEMBL2086760,CCN1CCC(Nc2ccc3c(c2)C(=C(c2ccc(Cl)cc2)c2ncc[nH]2)C(=O)N3)CC1
1304,6.920818753952375,nM,CHEMBL2087352,Brc1cccc(Nc2ncnc3cc4c(cc23)Oc2ccccc2O4)c1
1305,8.301029995663981,nM,CHEMBL2087355,Brc1cccc(Nc2ncnc3cc4c(cc23)OCCOCCOCCO4)c1
1306,8.301029995663981,nM,CHEMBL2087356,Brc1cccc(Nc2ncnc3cc4c(cc23)OCCOCOCOCCO4)c1
1307,8.154901959985743,nM,CHEMBL2087357,Brc1cccc(Nc2ncnc3cc4c(cc23)OCCSCCO4)c1
1308,8.698970004336019,nM,CHEMBL2087358,Clc1cccc(Nc2ncnc3cc4c(cc23)OCCOCCOCCO4)c1
1309,8.096910013008056,nM,CHEMBL2087359,Brc1cccc(Nc2ncnc3cc4c(cc23)OCCCSCCCO4)c1
1310,8.698970004336019,nM,CHEMBL2087360,Fc1ccc(Nc2ncnc3cc4c(cc23)OCCOCCOCCO4)cc1Cl
1311,5.771343041891065,nM,CHEMBL208849,Cc1cccc(Nc2ncnc3ccc(NC(=O)N(C)CCCl)cc23)c1
1312,4.187086643357144,nM,CHEMBL20926,Cc1ccc(NC(=O)c2ccccc2)cc1Nc1nccc(-c2cccnc2)n1
1313,8.397940008672037,nM,CHEMBL209343,CNc1ccc2ncnc(Nc3cccc(Cl)c3)c2c1
1314,7.102372908709559,nM,CHEMBL2093753,O=C(Cc1cccs1)Nc1cccc(-c2ccc3nnc(-c4cccnc4)n3n2)c1
1315,6.377785977033705,nM,CHEMBL2093928,C[C@H](Nc1[nH]cnc2c3ccccc3nc1-2)c1ccccc1.Cl
1316,5.9434762759209,nM,CHEMBL209818,Cc1cccc(Nc2ncnc3ccc(N(C)C(=O)N(CCCl)N=O)cc23)c1
1317,6.690369832574102,nM,CHEMBL210378,CN(C(=O)N(CCCl)N=O)c1ccc2ncnc(Nc3cccc(Cl)c3)c2c1
1318,7.657577319177793,nM,CHEMBL210444,O=C(NCCCl)Nc1ccc2ncnc(Nc3cccc(Cl)c3)c2c1
1319,5.974284616098659,nM,CHEMBL210502,Cc1cccc(Nc2ncnc3ccc(NC(=O)N(CCCl)N=O)cc23)c1
1320,6.614243005010167,nM,CHEMBL2105717,COc1cc2nccc(Oc3ccc(NC(=O)C4(C(=O)Nc5ccc(F)cc5)CC4)cc3)c2cc1OC
1321,8.221848749616356,nM,CHEMBL2105719,COc1cc2ncnc(Nc3ccc(F)c(Cl)c3)c2cc1NC(=O)/C=C/CN1CCCCC1.O
1322,7.173925197299174,nM,CHEMBL210659,O=NN(CCCl)C(=O)Nc1ccc2ncnc(Nc3cccc(Cl)c3)c2c1
1323,7.327902142064283,nM,CHEMBL210660,O=NN(CCCl)C(=O)Nc1ccc2ncnc(Nc3cccc(Br)c3)c2c1
1324,6.531652669587843,nM,CHEMBL210893,CN(C(=O)N(CCCl)N=O)c1ccc2ncnc(Nc3cccc(Br)c3)c2c1
1325,4.229147988357856,nM,CHEMBL21096,CCCNN1C(=O)c2c(c3c4cccc(O)c4n(C4OC(CO)C(O)C(O)C4O)c3c3[nH]c4c(O)cccc4c23)C1=O
1326,7.522878745280337,nM,CHEMBL211003,CNC(=O)[C@@H](C)N(C)Cc1cc2c(Nc3cccc(Cl)c3F)ncnc2cc1OC
1327,4.045757490560676,nM,CHEMBL21108,O=C1NC(=O)c2c1c1c3cccc(O)c3[nH]c1c1c2c2cccc(O)c2n1C1OC(CO)C(O)C(O)C1O
1328,6.154901959985743,nM,CHEMBL2111784,C[C@H](Nc1cc(-c2sc(C3CCN(C)CC3)nc2-c2ccc(F)cc2)ccn1)c1ccccc1
1329,6.7121982700697735,nM,CHEMBL2112369,COC[C@@H]1CCCN1C/C=C\C(=O)Nc1ccc2ncnc(Nc3cccc(Br)c3)c2c1
1330,6.8827287043442364,nM,CHEMBL2112370,COC[C@@H]1CCCN1C/C=C/C(=O)Nc1ccc2ncnc(Nc3cccc(Br)c3)c2c1
1331,7.301029995663981,nM,CHEMBL212201,O=S(=O)(CCCCNCc1ccc(-c2ccc3ncnc(Nc4ccc(OCc5ccccc5)c(Cl)c4)c3c2)o1)c1ccccc1
1332,7.602059991327963,nM,CHEMBL212250,O=S(=O)(CCOCc1ccc(-c2ccc3ncnc(Nc4ccc(OCc5cccc(F)c5)c(Cl)c4)c3c2)o1)c1ccccc1
1333,7.070581074285707,nM,CHEMBL212251,CCCN(CCS(C)(=O)=O)Cc1ccc(-c2ccc3ncnc(Nc4ccc(OCc5cccc(F)c5)c(Cl)c4)c3c2)o1
1334,7.552841968657781,nM,CHEMBL212954,[O-][S+]1CCN(Cc2ccc(-c3ccc4ncnc(Nc5ccc(OCc6cccc(F)c6)c(Cl)c5)c4c3)o2)CC1
1335,7.920818753952375,nM,CHEMBL212965,[O-][S+]1CCN(Cc2ccc(-c3ccc4ncnc(Nc5ccc(OCc6ccccc6)c(Cl)c5)c4c3)o2)CC1
1336,9.0,nM,CHEMBL213007,COc1cc2ncnc(Nc3cc(Cl)ccc3F)c2cc1OC1CCN(S(C)(=O)=O)CC1
1337,7.568636235841013,nM,CHEMBL213342,CS(=O)(=O)CCNCc1ccc(-c2ccc3ncnc(Nc4ccc(OCc5ccccc5)cc4)c3c2)o1
1338,5.434994025164048,nM,CHEMBL213560,O=C1NC(=O)N(CCc2ccccc2)/C1=C/c1ccc(O)cc1
1339,7.619788758288394,nM,CHEMBL213818,CS(=O)(=O)CCNCc1ccc(-c2ccc3ncnc(Nc4ccc(OCc5cccc(F)c5)cc4)c3c2)o1
1340,8.698970004336019,nM,CHEMBL213874,COc1cc2ncnc(Nc3cccc(Cl)c3F)c2cc1OCC1CCN(C)CC1
1341,7.721246399047171,nM,CHEMBL214023,O=S(=O)(CCNCc1ccc(-c2ccc3ncnc(Nc4ccc(OCc5cccc(F)c5)c(C(F)(F)F)c4)c3c2)o1)c1ccccn1
1342,7.040958607678907,nM,CHEMBL214419,CS(=O)(=O)CCNCc1ccc(-c2ccc3ncnc(Nc4ccc(OCc5cccc(C(F)(F)F)c5)cc4)c3c2)o1
1343,8.045757490560675,nM,CHEMBL214478,COc1cc2ncnc(Nc3cc(Cl)ccc3F)c2cc1OC1CCN(CC(N)=O)CC1
1344,7.744727494896694,nM,CHEMBL214487,CC(C)S(=O)(=O)CCNCc1ccc(-c2ccc3ncnc(Nc4ccc(OCc5cccc(F)c5)c(Cl)c4)c3c2)o1
1345,6.974694134735231,nM,CHEMBL214631,COc1cc2ncnc(Nc3cc(Cl)ccc3F)c2cc1OC1CCN(C)CC1
1346,7.602059991327963,nM,CHEMBL214689,CS(=O)(=O)CCNCc1ccc(-c2ccc3ncnc(Nc4ccc(OCc5ccccc5)c(Br)c4)c3c2)o1
1347,8.698970004336019,nM,CHEMBL214798,COc1cc2ncnc(Nc3cccc(Cl)c3F)c2cc1OC1CCN(C)CC1
1348,7.823908740944319,nM,CHEMBL2148044,CS(=O)(=O)CC(=O)NCCn1ccc2ncnc(Nc3ccc(Oc4cccc(C(F)(F)F)c4)c(Cl)c3)c21
1349,7.508638306165727,nM,CHEMBL2148045,CCS(=O)(=O)CC(=O)NCCn1ccc2ncnc(Nc3ccc(Oc4cccc(C(F)(F)F)c4)c(Cl)c3)c21
1350,7.275724130399211,nM,CHEMBL2148046,CC(C)S(=O)(=O)CC(=O)NCCn1ccc2ncnc(Nc3ccc(Oc4cccc(C(F)(F)F)c4)c(Cl)c3)c21
1351,7.251811972993799,nM,CHEMBL2148047,CC(C)(C)S(=O)(=O)CC(=O)NCCn1ccc2ncnc(Nc3ccc(Oc4cccc(C(F)(F)F)c4)c(Cl)c3)c21
1352,7.744727494896694,nM,CHEMBL2148048,CC(C(=O)NCCn1ccc2ncnc(Nc3ccc(Oc4cccc(C(F)(F)F)c4)c(Cl)c3)c21)S(C)(=O)=O
1353,7.327902142064283,nM,CHEMBL2148049,CC(C)(C(=O)NCCn1ccc2ncnc(Nc3ccc(Oc4cccc(C(F)(F)F)c4)c(Cl)c3)c21)S(C)(=O)=O
1354,8.173925197299173,nM,CHEMBL2148050,CS(=O)(=O)CC(=O)NCCn1ccc2ncnc(Nc3ccc(Oc4cccc(Cl)c4)c(Cl)c3)c21
1355,8.008773924307505,nM,CHEMBL2148051,CC(C(=O)NCCn1ccc2ncnc(Nc3ccc(Oc4cccc(Cl)c4)c(Cl)c3)c21)S(C)(=O)=O
1356,7.958607314841775,nM,CHEMBL2148052,CC(C)(C(=O)NCCn1ccc2ncnc(Nc3ccc(Oc4cccc(Cl)c4)c(Cl)c3)c21)S(C)(=O)=O
1357,8.522878745280337,nM,CHEMBL214857,COCCN1CCC(Oc2cc3c(Nc4cccc(Cl)c4F)ncnc3cc2OC)CC1
1358,7.0,nM,CHEMBL215033,COc1cc(Nc2ncnc3ccc(-c4ccc(CNCCS(C)(=O)=O)o4)cc23)ccc1OCc1cccc(F)c1
1359,7.585026652029182,nM,CHEMBL215171,CS(=O)(=O)CCOCc1ccc(-c2ccc3ncnc(Nc4ccc(OCc5cccc(F)c5)c(Cl)c4)c3c2)o1
1360,6.131355561605174,nM,CHEMBL2152252,CNC(=O)c1nc(-c2ccc(Cl)c(S(=O)(=O)Nc3cccc(F)c3F)c2)cnc1N
1361,6.3872161432802645,nM,CHEMBL2152253,CNC(=O)c1nc(-c2ccc(Cl)c(S(=O)(=O)Nc3cccc(F)c3C)c2)cnc1N
1362,5.79048498545737,nM,CHEMBL2152704,Cc1ccc(O)cc1-n1c(=O)c2c(c3c(N)ncnc31)CCCC2
1363,6.943095148663527,nM,CHEMBL215559,COCCN1CCC(Oc2cc3c(Nc4cc(Cl)ccc4F)ncnc3cc2OC)CC1
1364,7.795880017344075,nM,CHEMBL215716,[O-][S+]1CCN(Cc2ccc(-c3ccc4ncnc(Nc5ccc(OCc6ccccc6)c(F)c5)c4c3)o2)CC1
1365,8.522878745280337,nM,CHEMBL215786,COc1cc2ncnc(Nc3ccc(F)c(Cl)c3)c2cc1OCC1CCN(C)CC1
1366,7.096910013008056,nM,CHEMBL215814,CS(=O)(=O)CCNCc1ccc(-c2ccc3ncnc(Nc4ccc(OCc5cccc(F)c5)c(C(F)(F)F)c4)c3c2)o1
1367,4.979224511806443,nM,CHEMBL2159053,COc1ccc(C2=NN(C(=O)c3ccc(Cl)cc3O)C(c3ccc(Cl)cc3)C2)cc1
1368,7.221848749616356,nM,CHEMBL217536,O=C(Nc1ccc2ncnc(Nc3cccc(Br)c3)c2c1)C1CCSS1
1369,8.522878745280337,nM,CHEMBL2178349,CN1CCN(c2ccc(Nc3ncc4nc(Nc5ccccc5)n(C)c4n3)cc2)CC1
1370,8.698970004336019,nM,CHEMBL2178350,CN1CCN(c2ccc(Nc3ncc4nc(Nc5ccccc5)n(C5CC5)c4n3)cc2)CC1
1371,8.301029995663981,nM,CHEMBL2178351,CC(C)n1c(Nc2ccccc2)nc2cnc(Nc3ccc(N4CCN(C)CC4)cc3)nc21
1372,6.199970640755867,nM,CHEMBL2179124,Fc1ccc(-c2nc(-c3ccccc3)[nH]c2-c2ccnc3[nH]ccc23)cc1
1373,6.991399828238083,nM,CHEMBL2179128,Fc1ccc(-c2nc(-c3ccccc3)[nH]c2-c2ccnc3[nH]c(-c4ccccc4)cc23)cc1
1374,7.221848749616356,nM,CHEMBL2180203,C=CC(=O)N1CCC[C@@H](n2nc(-c3ccc(C(F)(F)F)cc3)c3c(N)ncnc32)C1
1375,7.522878745280337,nM,CHEMBL2180204,C=CC(=O)N1CCC[C@@H](n2nc(-c3cccc(C(F)(F)F)c3)c3c(N)ncnc32)C1
1376,8.698970004336019,nM,CHEMBL218677,COc1cc2ncnc(Nc3cccc(Cl)c3F)c2cc1OC1CCN(CC(N)=O)CC1
1377,6.638272163982407,nM,CHEMBL219557,COc1cc(Nc2c(C#N)cnc3cc(-c4coc(CN5CCN(C)CC5)c4)c(OC)cc23)c(Cl)cc1Cl
1378,7.522878745280337,nM,CHEMBL220037,N#Cc1cnc2ccc(NCc3c[nH]cn3)cc2c1Nc1ccc(F)c(Cl)c1
1379,5.267606240177031,nM,CHEMBL2205030,O=S1(=O)N=S(c2ccc(Br)cc2)c2ccncc21
1380,6.1325325121409495,nM,CHEMBL2216827,C=CC(=O)Nc1cccc(Nc2nc(Nc3ccc(Oc4ccnc(C(=O)NC)c4)cc3)ncc2F)c1
1381,5.823908740944319,nM,CHEMBL2221249,CC(C)CCCCC(=O)N[C@@H](CCN)C(=O)N[C@@H](CN[C@@H](CCN)C(=O)N[C@H]1CCNC(=O)[C@H]([C@@H](C)O)NC(=O)[C@H](CCN)NC(=O)[C@H](CCN)NC(=O)[C@H](CC(C)C)NC(=O)[C@@H](CC(C)C)NC(=O)[C@H](CCN)NC1=O)[C@@H](C)O.CCC(C)CCCCC(=O)N[C@@H](CCN)C(=O)N[C@@H](CN[C@@H](CCN)C(=O)N[C@H]1CCNC(=O)[C@H]([C@@H](C)O)NC(=O)[C@H](CCN)NC(=O)[C@H](CCN)NC(=O)[C@H](CC(C)C)NC(=O)[C@@H](CC(C)C)NC(=O)[C@H](CCN)NC1=O)[C@@H](C)O
1382,7.431798275933005,nM,CHEMBL225720,CN(C)CCN/N=N/c1ccc2ncnc(Nc3cccc(Cl)c3)c2c1
1383,6.013228265733755,nM,CHEMBL225721,COc1ccc(N(CCN/N=N/c2ccc3ncnc(Nc4cccc(Cl)c4)c3c2)CC(C)Cl)cc1
1384,8.356547323513812,nM,CHEMBL225928,CN(CCCl)CCN/N=N/c1ccc2ncnc(Nc3cccc(Cl)c3)c2c1
1385,7.148741651280925,nM,CHEMBL225929,ClCCN(CCN/N=N/c1ccc2ncnc(Nc3cccc(Cl)c3)c2c1)Cc1ccccc1
1386,5.657577319177794,nM,CHEMBL225930,ClCCN(CCN/N=N/c1ccc2ncnc(Nc3cccc(Cl)c3)c2c1)c1ccc(Cl)cc1
1387,3.88599999266248,nM,CHEMBL2262407,CCCNCC#CC(=O)Nc1ccc2ncc(C#N)c(Nc3cccc(Br)c3)c2c1
1388,3.601999993346909,nM,CHEMBL2262408,CC(C)NCC#CC(=O)Nc1ccc2ncc(C#N)c(Nc3cccc(Br)c3)c2c1
1389,4.836242476018045,nM,CHEMBL2283245,CC(C)c1ccc(NC(=O)/C=C/c2ccccc2)cc1
1390,5.029188389127483,nM,CHEMBL2283248,CCOc1ccccc1NC(=O)/C=C/c1ccccc1
1391,4.990124366287841,nM,CHEMBL2283249,CCOc1ccc(NC(=O)/C=C/c2ccccc2)cc1
1392,4.93218548883816,nM,CHEMBL2283251,O=C(/C=C/c1ccccc1)Nc1ccc(F)cc1F
1393,4.878440155812499,nM,CHEMBL2283252,O=C(/C=C/c1ccccc1)Nc1cc(F)cc(F)c1
1394,4.890084136976207,nM,CHEMBL2283253,O=C(/C=C/c1ccccc1)Nc1cc(F)c(F)c(F)c1
1395,4.7912899800936,nM,CHEMBL2283255,O=C(/C=C/c1ccccc1)Nc1ccc(Cl)cc1Cl
1396,4.856048883576038,nM,CHEMBL2283256,O=C(/C=C/c1ccccc1)Nc1cc(Cl)cc(Cl)c1
1397,4.802995271976955,nM,CHEMBL2283257,O=C(/C=C/c1ccccc1)Nc1ccccc1Br
1398,4.414990720097539,nM,CHEMBL2283258,CCCCCCCCCCCCNC(=O)/C=C/c1ccccc1
1399,4.525055664534612,nM,CHEMBL2283259,CC(C)(C)NC(=O)/C=C/c1ccccc1
1400,6.098541678603888,nM,CHEMBL22978,CN1CCC(O)(c2nc(-c3ccc(F)cc3)c(-c3ccncc3)o2)CC1
1401,6.0,nM,CHEMBL230232,N#Cc1cnc2c(Br)cc(NCc3c[nH]nn3)cc2c1Nc1ccc(F)c(Cl)c1
1402,7.0,nM,CHEMBL2309506,COc1cc2ncnc(N[C@H](C)c3ccc(F)cc3)c2cc1OCCCCCCC(=O)NO
1403,7.0,nM,CHEMBL2309507,COc1cc2ncnc(N[C@H](C)c3ccc(Cl)cc3)c2cc1OCCCCCCC(=O)NO
1404,6.832682665251824,nM,CHEMBL2310642,C=CC(=O)Nc1cccc(-c2c(-c3ccccc3)oc3ncnc(N[C@@H](CO)c4ccccc4)c23)c1
1405,5.388276691992658,nM,CHEMBL2312304,O=C(NCCCN1CCOC1=O)c1cnc(NCc2cc(Cl)ccc2Cl)nc1NC1CCCC1
1406,4.522878745280338,nM,CHEMBL2312645,COc1ccccc1CNc1ncc(C(=O)NC2CCN(C)CC2)c(NC2CCCC2)n1
1407,4.522878745280338,nM,CHEMBL2312646,CN1CCC(NC(=O)c2cnc(NCc3cc(Cl)ccc3Cl)nc2NC2CCCC2)CC1
1408,4.522878745280338,nM,CHEMBL2312649,CN1CCC(NC(=O)c2cnc(Nc3cc(Cl)cc(Cl)c3)nc2NC2CCC(N(C)C)CC2)CC1
1409,4.522878745280338,nM,CHEMBL2312652,CN1CCC(NC(=O)c2cnc(Nc3cc(Cl)cc(Cl)c3)nc2N[C@@H]2COC[C@H]2O)CC1
1410,6.229147988357856,nM,CHEMBL2312654,Cc1cc(-c2cnc(Nc3cc(Cl)cc(Cl)c3)nc2NC2CCC(N(C)C)CC2)on1
1411,5.148741651280925,nM,CHEMBL2316146,COc1cc(/C=C2\CCC/C(=C\c3ccc(Br)cc3)C2=O)cc(OC)c1
1412,5.214670164989233,nM,CHEMBL2316150,COc1cccc(/C=C2\CCC/C(=C\c3cc(OC)cc(OC)c3)C2=O)c1
1413,4.681936665037239,nM,CHEMBL2316152,COc1cc(/C=C2\CCC/C(=C\c3ccccc3OC)C2=O)cc(OC)c1
1414,4.730487055782084,nM,CHEMBL2316156,COc1ccc(/C=C2\CCC/C(=C\c3cc(OC)cc(OC)c3)C2=O)cc1
1415,5.318758762624412,nM,CHEMBL2316159,COc1cc(/C=C2\CCC/C(=C\c3cc(C(C)(C)C)c(O)c(C(C)(C)C)c3)C2=O)cc(OC)c1
1416,6.0,nM,CHEMBL231663,COC(=O)C1CCN(Cc2ccn3ncnc(Nc4ccc5c(cnn5Cc5cccc(F)c5)c4)c23)CC1
1417,7.045757490560675,nM,CHEMBL231875,Fc1cccc(Cn2ncc3cc(Nc4ncnn5ccc(CN6CCNCC6)c45)ccc32)c1
1418,6.148741651280925,nM,CHEMBL231885,CC(=O)N1CCN(Cc2ccn3ncnc(Nc4ccc5c(cnn5Cc5cccc(F)c5)c4)c23)CC1
1419,6.769551078621726,nM,CHEMBL232082,CN1CCN(Cc2ccn3ncnc(Nc4ccc5c(cnn5Cc5cccc(F)c5)c4)c23)CC1
1420,8.337242168318426,nM,CHEMBL2322329,CN(C)C/C=C/C(=O)NCCn1ccc2ncnc(Nc3ccc(Oc4cccc(C(F)(F)F)c4)c(Cl)c3)c21
1421,8.161150909262744,nM,CHEMBL2322330,O=C(Nc1cccc(Oc2ccc(Nc3ncnc4ccn(CCOCCO)c34)cc2Cl)c1)NC1CCCCC1
1422,6.275724130399212,nM,CHEMBL2324870,NC(=S)N1N=C(c2ccc(Cl)cc2)CC1c1ccc2ccccc2c1
1423,6.455931955649724,nM,CHEMBL2324871,NC(=S)N1N=C(c2ccc(Br)cc2)CC1c1ccc2ccccc2c1
1424,5.982966660701219,nM,CHEMBL2324872,COc1ccc(C2=NN(C(N)=S)C(c3ccc4ccccc4c3)C2)cc1
1425,6.2839966563652006,nM,CHEMBL2324873,Cc1ccc(C2=NN(C(N)=S)C(c3ccc4ccccc4c3)C2)cc1
1426,6.180456064458132,nM,CHEMBL2325087,NC(=S)N1N=C(c2ccc(Cl)c(Cl)c2)CC1c1ccc2ccccc2c1
1427,5.598599459218456,nM,CHEMBL2325088,c1ccc(C2=NN(c3ccccc3)C(c3cccc4ccccc34)C2)cc1
1428,5.97061622231479,nM,CHEMBL2325089,Fc1ccc(C2=NN(c3ccccc3)C(c3cccc4ccccc34)C2)cc1
1429,6.167491087293764,nM,CHEMBL2325090,Clc1ccc(C2=NN(c3ccccc3)C(c3cccc4ccccc34)C2)cc1
1430,6.309803919971486,nM,CHEMBL2325091,Brc1ccc(C2=NN(c3ccccc3)C(c3cccc4ccccc34)C2)cc1
1431,7.0,nM,CHEMBL2325092,COc1ccc(C2=NN(c3ccccc3)C(c3cccc4ccccc34)C2)cc1
1432,6.698970004336019,nM,CHEMBL2325093,Cc1ccc(C2=NN(c3ccccc3)C(c3cccc4ccccc34)C2)cc1
1433,6.853871964321762,nM,CHEMBL2325094,Clc1ccc(C2=NN(c3ccccc3)C(c3cccc4ccccc34)C2)cc1Cl
1434,6.619788758288394,nM,CHEMBL2325095,c1ccc(C2=NN(c3ccccc3)C(c3ccc4ccccc4c3)C2)cc1
1435,6.522878745280337,nM,CHEMBL2325096,Fc1ccc(C2=NN(c3ccccc3)C(c3ccc4ccccc4c3)C2)cc1
1436,6.958607314841775,nM,CHEMBL2325097,Clc1ccc(C2=NN(c3ccccc3)C(c3ccc4ccccc4c3)C2)cc1
1437,6.148741651280925,nM,CHEMBL2325098,Brc1ccc(C2=NN(c3ccccc3)C(c3ccc4ccccc4c3)C2)cc1
1438,6.920818753952375,nM,CHEMBL2325099,COc1ccc(C2=NN(c3ccccc3)C(c3ccc4ccccc4c3)C2)cc1
1439,7.221848749616356,nM,CHEMBL2325100,Cc1ccc(C2=NN(c3ccccc3)C(c3ccc4ccccc4c3)C2)cc1
1440,7.301029995663981,nM,CHEMBL2325101,Clc1ccc(C2=NN(c3ccccc3)C(c3ccc4ccccc4c3)C2)cc1Cl
1441,5.651695136951839,nM,CHEMBL2325102,NC(=S)N1N=C(c2ccccc2)CC1c1cccc2ccccc12
1442,5.083546051450076,nM,CHEMBL2325103,NC(=S)N1N=C(c2ccc(F)cc2)CC1c1cccc2ccccc12
1443,6.026872146400302,nM,CHEMBL2325104,NC(=S)N1N=C(c2ccc(Cl)cc2)CC1c1cccc2ccccc12
1444,5.245651664288982,nM,CHEMBL2325105,NC(=S)N1N=C(c2ccc(Br)cc2)CC1c1cccc2ccccc12
1445,6.795880017344075,nM,CHEMBL2325106,COc1ccc(C2=NN(C(N)=S)C(c3cccc4ccccc34)C2)cc1
1446,5.686132779630847,nM,CHEMBL2325107,Cc1ccc(C2=NN(C(N)=S)C(c3cccc4ccccc34)C2)cc1
1447,6.6777807052660805,nM,CHEMBL2325108,NC(=S)N1N=C(c2ccc(Cl)c(Cl)c2)CC1c1cccc2ccccc12
1448,5.521433504406156,nM,CHEMBL2325109,NC(=S)N1N=C(c2ccccc2)CC1c1ccc2ccccc2c1
1449,5.484126156288321,nM,CHEMBL2325110,NC(=S)N1N=C(c2ccc(F)cc2)CC1c1ccc2ccccc2c1
1450,5.585026652029182,nM,CHEMBL2332119,NC(=O)C1=C(N)C(=O)C=C(Nc2ccccc2O)C1=O
1451,6.221848749616356,nM,CHEMBL2333163,O=C(NCCc1ccc(O)c(Br)c1)/C(Cc1cc(Br)c(O)c(Oc2ccc(CCNC(=O)/C(Cc3cc(Br)c(O)c(-c4cc(C/C(=N\O)C(=O)NCCc5ccc(O)c(Br)c5)cc(Br)c4O)c3)=N/O)cc2Br)c1)=N/O
1452,5.537602002101044,nM,CHEMBL2333164,O=C1NCCc2ccc(O)c(c2)Oc2c(Br)cc(cc2Br)CCNC(=O)/C(=N/O)Cc2cc(Br)c(O)c(c2)Oc2c(Br)cc(cc2Br)C/C1=N\O
1453,6.619788758288394,nM,CHEMBL233324,O=C1CCN(Cc2ccn3ncnc(Nc4ccc5c(cnn5Cc5cccc(F)c5)c4)c23)CCN1
1454,7.585026652029182,nM,CHEMBL233325,O[C@H]1CNCCN(Cc2ccn3ncnc(Nc4ccc5c(cnn5Cc5cccc(F)c5)c4)c23)C1
1455,5.327902142064284,nM,CHEMBL2333985,COc1cc2ncnc(Nc3ccc(C(C)(F)F)cc3)c2cc1OC
1456,5.0,nM,CHEMBL2333986,COc1cc2ncnc(Nc3ccccc3C(F)(F)F)c2cc1OC
1457,6.897223385116559,nM,CHEMBL2333991,COc1cc2ncnc(Nc3cccc(-c4ccccc4)c3)c2cc1OC
1458,6.384260311380846,nM,CHEMBL2333998,COc1cc2ncnc(Nc3cccc(C#N)c3)c2cc1OC
1459,7.742321425130816,nM,CHEMBL2333999,COc1cc2ncnc(Nc3ccc(F)c(Cl)c3)c2cc1OCCBr
1460,7.197910742118268,nM,CHEMBL2334001,COc1cc2ncnc(Nc3ccc(F)c(Cl)c3)c2cc1OCCO
1461,7.91721462968355,nM,CHEMBL2334002,COc1cc2ncnc(Nc3ccc(F)c(Cl)c3)c2cc1OCCNCCN
1462,7.866461091629782,nM,CHEMBL2334003,COc1cc2ncnc(Nc3ccc(F)c(Cl)c3)c2cc1OCCCNCCN
1463,4.714442690992226,nM,CHEMBL2335013,Nc1nc(Nc2cccc(C(F)(F)F)c2)c2cc(CCc3ccccn3)[nH]c2n1
1464,4.806875401645539,nM,CHEMBL2335014,Nc1nc(Nc2ccc(F)c(C(F)(F)F)c2)c2cc(CCc3ccccn3)[nH]c2n1
1465,5.267606240177031,nM,CHEMBL2335015,CC(C)(C)C(=O)Nc1nc(Nc2ccc(F)c(Br)c2)c2cc(CCc3ccccn3)[nH]c2n1
1466,4.787812395596043,nM,CHEMBL2335016,CC(C)(C)C(=O)Nc1nc(Nc2ccc(F)c(Cl)c2)c2cc(CCc3ccccn3)[nH]c2n1
1467,4.892790030352132,nM,CHEMBL2335018,CC(C)(C)C(=O)Nc1nc(Nc2cccc(C(F)(F)F)c2)c2cc(CCc3ccccn3)[nH]c2n1
1468,4.570247719997592,nM,CHEMBL2335019,CC(C)(C)C(=O)Nc1nc(Nc2ccc(F)c(C(F)(F)F)c2)c2cc(CCc3ccccn3)[nH]c2n1
1469,6.522878745280337,nM,CHEMBL2335376,Nc1nc(Nc2cccc(Br)c2)c2cc(CCc3ccccn3)[nH]c2n1
1470,4.066006836168759,nM,CHEMBL2335377,Nc1nc(Nc2ccc(F)c(Br)c2)c2cc(CCc3ccccn3)[nH]c2n1
1471,3.956244873031321,nM,CHEMBL2335378,Nc1nc(Nc2ccc(F)c(Cl)c2)c2cc(CCc3ccccn3)[nH]c2n1
1472,4.701146923590294,nM,CHEMBL2335379,C#Cc1cccc(Nc2nc(N)nc3[nH]c(CCc4ccccn4)cc23)c1
1473,4.862962545210488,nM,CHEMBL2336335,O=C(/C=C/c1ccccc1)Nc1ccc(Cl)cc1
1474,5.287350298372789,nM,CHEMBL2336355,COc1ccccc1NC(=O)/C=C/c1ccccc1
1475,5.043351420794798,nM,CHEMBL2336357,COc1ccc(NC(=O)/C=C/c2ccccc2)cc1
1476,4.910448117113546,nM,CHEMBL2336358,Cc1ccccc1NC(=O)/C=C/c1ccccc1
1477,4.896538377905296,nM,CHEMBL2336359,Cc1ccc(NC(=O)/C=C/c2ccccc2)cc1
1478,4.999132278468774,nM,CHEMBL2336361,O=C(/C=C/c1ccccc1)Nc1ccc(F)cc1
1479,4.3767507096021,nM,CHEMBL2337362,CC(C)c1ccc(Nc2nc(N)nc3[nH]c4cccc(Cl)c4c23)cc1
1480,4.196542884351587,nM,CHEMBL2337363,Nc1nc(Nc2ccc(Cl)cc2)c2c(n1)[nH]c1cccc(Cl)c12
1481,4.410050398674293,nM,CHEMBL2337364,Nc1nc(Nc2ccc(Cl)cc2F)c2c(n1)[nH]c1cccc(Cl)c12
1482,4.081445469449727,nM,CHEMBL2337366,COc1cccc(Nc2nc(N)nc3[nH]c4cccc(Cl)c4c23)c1
1483,3.940436582098733,nM,CHEMBL2337367,CC(C)(C)C(=O)Nc1nc(Nc2ccccc2)c2c(n1)[nH]c1cccc(Cl)c12
1484,4.406713932979543,nM,CHEMBL2337368,CC(C)c1ccc(Nc2nc(NC(=O)C(C)(C)C)nc3[nH]c4cccc(Cl)c4c23)cc1
1485,4.231361898752386,nM,CHEMBL2337369,CC(C)(C)C(=O)Nc1nc(Nc2ccc(Cl)cc2)c2c(n1)[nH]c1cccc(Cl)c12
1486,4.511449283499556,nM,CHEMBL2337371,CC(C)(C)C(=O)Nc1nc(Nc2cccc(F)c2)c2c(n1)[nH]c1cccc(Cl)c12
1487,3.884389488325701,nM,CHEMBL2337372,COc1cccc(Nc2nc(NC(=O)C(C)(C)C)nc3[nH]c4cccc(Cl)c4c23)c1
1488,6.832682665251824,nM,CHEMBL2337373,Nc1nc(Nc2ccccc2)c2c(n1)[nH]c1ccccc12
1489,6.886056647693163,nM,CHEMBL234577,CN1CCCN(Cc2ccn3ncnc(Nc4ccc5c(cnn5Cc5cccc(F)c5)c4)c23)CC1
1490,6.107905397309519,nM,CHEMBL234580,O=C1CNCCN(Cc2ccn3ncnc(Nc4ccc5c(cnn5Cc5cccc(F)c5)c4)c23)C1
1491,6.692503962086787,nM,CHEMBL2346678,Nc1cccc(-c2c(-c3ccccc3)oc3ncnc(N[C@H](CO)c4ccccc4)c23)c1
1492,7.214670164989233,nM,CHEMBL2347231,NC(=O)Nc1ccc2ncnc(Nc3ccc(Cl)cc3)c2c1
1493,6.657577319177793,nM,CHEMBL234772,O=C(O)C1CCN(Cc2ccn3ncnc(Nc4ccc5c(cnn5Cc5cccc(F)c5)c4)c23)CC1
1494,7.537602002101044,nM,CHEMBL2347960,CN(C)CCCC(=O)Nc1cccc(-c2c(-c3ccccc3)oc3ncnc(N[C@H](CO)c4ccccc4)c23)c1
1495,7.468521082957745,nM,CHEMBL2347961,CN(C)CCCCC(=O)Nc1cccc(-c2c(-c3ccccc3)oc3ncnc(N[C@H](CO)c4ccccc4)c23)c1
1496,5.3638131048012765,nM,CHEMBL2347962,CN(C)CCCCCC(=O)Nc1cccc(-c2c(-c3ccccc3)oc3ncnc(N[C@H](CO)c4ccccc4)c23)c1
1497,8.096910013008056,nM,CHEMBL2347963,CN(C)CCC(=O)Nc1cccc(-c2c(-c3ccccc3)oc3ncnc(N[C@H](CO)c4ccccc4)c23)c1
1498,6.747146969020108,nM,CHEMBL2347964,CC(=O)Nc1ccc(-c2c(-c3ccccc3)oc3ncnc(N[C@H](CO)c4ccccc4)c23)cc1
1499,6.661543506395395,nM,CHEMBL2347965,CC(=O)Nc1cccc(-c2c(-c3ccccc3)oc3ncnc(N[C@H](CO)c4ccccc4)c23)c1
1500,7.318758762624412,nM,CHEMBL2347966,CN(C)CC(=O)Nc1cccc(-c2c(-c3ccccc3)oc3ncnc(N[C@H](CO)c4ccccc4)c23)c1
1501,6.086186147616283,nM,CHEMBL2347967,O=[N+]([O-])c1cccc(-c2c(-c3ccccc3)oc3ncnc(N[C@H](CO)c4ccccc4)c23)c1
1502,6.229884705212898,nM,CHEMBL2347968,OC[C@@H](Nc1ncnc2oc(-c3ccccc3)c(Cl)c12)c1ccccc1
1503,6.3448615651886175,nM,CHEMBL2347969,OC[C@@H](Nc1ncnc2oc(-c3ccccc3)c(Br)c12)c1ccccc1
1504,6.36251027048749,nM,CHEMBL2347970,OC[C@@H](Nc1ncnc2oc(-c3ccccc3)c(-c3ccco3)c12)c1ccccc1
1505,6.453457336521869,nM,CHEMBL2347971,OC[C@@H](Nc1ncnc2oc(-c3ccccc3)c(-c3ccoc3)c12)c1ccccc1
1506,6.58838029403677,nM,CHEMBL2347972,OC[C@@H](Nc1ncnc2oc(-c3ccccc3)c(-c3ccc4c(c3)OCO4)c12)c1ccccc1
1507,5.102757897194636,nM,CHEMBL2347973,COC(=O)[C@@H](Nc1ncnc2oc(-c3ccccc3)c(-c3ccccc3)c12)c1ccccc1
1508,5.524183586968682,nM,CHEMBL2348194,C[C@@H](Nc1ncnc2oc(-c3ccccc3)c(-c3ccccc3)c12)c1ccccc1
1509,7.42021640338319,nM,CHEMBL2348414,O=C(NCCO)C1=Cc2c(ncnc2Nc2ccc(Oc3cccc(C(F)(F)F)c3)c(Cl)c2)NCC1
1510,7.1249387366083,nM,CHEMBL2348415,CS(=O)(=O)CCNC(=O)C1=Cc2c(ncnc2Nc2ccc(Oc3cccc(C(F)(F)F)c3)c(Cl)c2)NCC1
1511,7.356547323513813,nM,CHEMBL2348416,COC(=O)C1=Cc2c(ncnc2Nc2ccc(Oc3cccc4sccc34)c(Cl)c2)NCC1
1512,7.443697499232713,nM,CHEMBL2348417,O=C(NCCO)C1=Cc2c(ncnc2Nc2ccc(Oc3cccc4sccc34)c(Cl)c2)NCC1
1513,7.327902142064283,nM,CHEMBL2348418,CS(=O)(=O)CCNC(=O)C1=Cc2c(ncnc2Nc2ccc(Oc3cccc4sccc34)c(Cl)c2)NCC1
1514,6.958607314841775,nM,CHEMBL2348419,COC(=O)C1=Cc2c(ncnc2Nc2ccc(Oc3cccc(C(F)(F)F)c3)c(Cl)c2)NCC1
1515,7.236572006437063,nM,CHEMBL2374457,COCCCN1CCC([C@H]2CC[C@H](n3nc(-c4ccc5nc(Cc6ccccc6Cl)[nH]c5c4)c4c(N)ncnc43)CC2)CC1
1516,7.236572006437063,nM,CHEMBL2374458,COc1ccccc1Cc1nc2ccc(-c3nn([C@H]4CC[C@H](C5CCN(C)CC5)CC4)c4ncnc(N)c34)cc2[nH]1
1517,7.886056647693163,nM,CHEMBL2381504,C=CC(=O)Nc1cccc(Oc2nc(Nc3ccc(N4CCN(CC(=O)N5CCC(Oc6no[n+]([O-])c6S(=O)(=O)c6ccccc6)CC5)CC4)cc3OC)ncc2Cl)c1
1518,7.698970004336019,nM,CHEMBL2381505,C=CC(=O)Nc1cccc(Oc2nc(Nc3ccc(N4CCN(CC(=O)NCC(C)Oc5no[n+]([O-])c5S(=O)(=O)c5ccccc5)CC4)cc3OC)ncc2Cl)c1
1519,7.769551078621726,nM,CHEMBL2381506,C=CC(=O)Nc1cccc(Oc2nc(Nc3ccc(N4CCN(CC(=O)OCCOc5no[n+]([O-])c5S(=O)(=O)c5ccccc5)CC4)cc3OC)ncc2Cl)c1
1520,7.638272163982407,nM,CHEMBL2381507,C=CC(=O)Nc1cccc(Oc2nc(Nc3ccc(N4CCN(CC(=O)OCCCOc5no[n+]([O-])c5S(=O)(=O)c5ccccc5)CC4)cc3OC)ncc2Cl)c1
1521,7.42021640338319,nM,CHEMBL2381508,C=CC(=O)Nc1cccc(Oc2nc(Nc3ccc(N4CCN(CC(=O)OCCCCOc5no[n+]([O-])c5S(=O)(=O)c5ccccc5)CC4)cc3OC)ncc2Cl)c1
1522,7.795880017344075,nM,CHEMBL2381509,C=CC(=O)Nc1cccc(Oc2nc(Nc3ccc(N4CCN(CC(=O)OCC#CCOc5no[n+]([O-])c5S(=O)(=O)c5ccccc5)CC4)cc3OC)ncc2Cl)c1
1523,7.522878745280337,nM,CHEMBL2381510,C=CC(=O)Nc1cccc(Oc2nc(Nc3ccc(N4CCN(CC(=O)OCCOCCOc5no[n+]([O-])c5S(=O)(=O)c5ccccc5)CC4)cc3OC)ncc2Cl)c1
1524,7.327902142064283,nM,CHEMBL2381511,C=CC(=O)Nc1cccc(Oc2nc(Nc3ccc(N4CCN(CC(=O)OCCCCCCOc5no[n+]([O-])c5S(=O)(=O)c5ccccc5)CC4)cc3OC)ncc2Cl)c1
1525,7.853871964321762,nM,CHEMBL2381514,C=CC(=O)Nc1cccc(Oc2nc(Nc3ccc(N4CCN(CC(=O)NCCOc5no[n+]([O-])c5S(=O)(=O)c5ccccc5)CC4)cc3OC)ncc2Cl)c1
1526,7.886056647693163,nM,CHEMBL2381515,C=CC(=O)Nc1cccc(Oc2nc(Nc3ccc(N4CCN(CC(=O)NCCCOc5no[n+]([O-])c5S(=O)(=O)c5ccccc5)CC4)cc3OC)ncc2Cl)c1
1527,8.221848749616356,nM,CHEMBL2381516,C=CC(=O)Nc1cccc(Oc2nc(Nc3ccc(N4CCN(CC(=O)N5CCN(CCOc6no[n+]([O-])c6S(=O)(=O)c6ccccc6)CC5)CC4)cc3OC)ncc2Cl)c1
1528,6.337242168318426,nM,CHEMBL2385959,Cc1ncnc(Nc2ccc(OCc3cccc(F)c3)c(Cl)c2)c1/C=C/c1ccc(CNCCS(C)(=O)=O)o1
1529,7.346787486224656,nM,CHEMBL2385960,Cc1ncnc(Nc2ccc(OCc3cccc(F)c3)c(Cl)c2)c1C#Cc1ccc(CNCCS(C)(=O)=O)o1
1530,5.823908740944319,nM,CHEMBL2385964,Cc1ncc(C#N)c(Nc2ccc(OCc3ccccn3)c(Cl)c2)c1C#Cc1ccc(CNCCS(C)(=O)=O)o1
1531,5.638272163982407,nM,CHEMBL2385967,CN1CCN(Cc2ccc(C(=O)Nc3ccc(-c4cncc(C#N)c4Nc4ccc(OCc5ccccn5)c(Cl)c4)cc3)cc2)CC1
1532,6.180456064458132,nM,CHEMBL2385968,CN(C)C/C=C/C(=O)Nc1ccc(-c2cncc(C#N)c2Nc2ccc(OCc3cccc(F)c3)c(Cl)c2)cc1
1533,5.6020599913279625,nM,CHEMBL2385969,CN1CCN(Cc2ccc(C(=O)Nc3ccc(-c4cncc(C#N)c4Nc4ccc(OCc5cccc(F)c5)c(Cl)c4)cc3)cc2)CC1
1534,5.455931955649724,nM,CHEMBL2385970,CN(C)C/C=C/C(=O)Nc1ccc(-c2cncc(C#N)c2Nc2ccc(F)c(Cl)c2)cc1
1535,5.522878745280338,nM,CHEMBL2385971,CN1CCN(Cc2ccc(C(=O)Nc3ccc(-c4cncc(C#N)c4Nc4ccc(F)c(Cl)c4)cc3)cc2)CC1
1536,6.070581074285707,nM,CHEMBL2385974,CCOc1cc([N+](=O)[O-])c(C(=O)Nc2ccc(OCc3ccccn3)c(Cl)c2)cc1NC(=O)/C=C/CN(C)C
1537,6.096910013008056,nM,CHEMBL2385975,CCOc1cc(N)c(C(=O)Nc2ccc(OCc3ccccn3)c(Cl)c2)cc1NC(=O)/C=C/CN(C)C
1538,5.259637310505757,nM,CHEMBL2385980,CCOc1cc([N+](=O)[O-])c(C(=O)Nc2ccc(OCc3cccc(F)c3)c(Cl)c2)cc1NC(=O)c1ccc(CN2CCN(C)CC2)cc1
1539,5.301029995663981,nM,CHEMBL2385981,CCOc1cc(N)c(C(=O)Nc2ccc(OCc3cccc(F)c3)c(Cl)c2)cc1NC(=O)c1ccc(CN2CCN(C)CC2)cc1
1540,5.221848749616357,nM,CHEMBL2385982,CCOc1cc([N+](=O)[O-])c(C(=O)Nc2ccc(F)c(Cl)c2)cc1NC(=O)/C=C/CN(C)C
1541,5.346787486224656,nM,CHEMBL2385983,CCOc1cc(N)c(C(=O)Nc2ccc(F)c(Cl)c2)cc1NC(=O)/C=C/CN(C)C
1542,5.301029995663981,nM,CHEMBL2385984,CCOc1cc([N+](=O)[O-])c(C(=O)Nc2ccc(F)c(Cl)c2)cc1NC(=O)c1ccc(CN2CCN(C)CC2)cc1
1543,6.096910013008056,nM,CHEMBL2385985,CCOc1cc(N)c(C(=O)Nc2ccc(F)c(Cl)c2)cc1NC(=O)c1ccc(CN2CCN(C)CC2)cc1
1544,5.920818753952375,nM,CHEMBL2385986,CCOc1ccc(C(=O)Nc2ccc(OCc3ccccn3)c(Cl)c2)cc1NC(=O)/C=C/CN(C)C
1545,6.221848749616356,nM,CHEMBL2385991,Cc1ccc(NC(=O)c2ccc(CN3CCN(C)CC3)cc2)cc1C(=O)Nc1ccc(OCc2cccc(F)c2)c(Cl)c1
1546,5.221848749616357,nM,CHEMBL2385993,Cc1ccc(NC(=O)c2ccc(CN3CCN(C)CC3)cc2)cc1C(=O)Nc1nccc(-c2cccc(F)c2)n1
1547,6.096910013008056,nM,CHEMBL24026,COc1cc2c(Nc3ccc(C#N)cc3F)ncnc2cc1OC/C=C/CN1CCCC1
1548,6.107905397309519,nM,CHEMBL2408823,COc1cc(N2CCN(C)CC2)ccc1Nc1ncc(Cl)c(Oc2ccc(CCCOc3no[n+]([O-])c3S(=O)(=O)c3ccccc3)cc2)n1
1549,6.853871964321762,nM,CHEMBL2408825,COc1cc(N2CCN(C)CC2)ccc1Nc1ncc(Cl)c(Oc2ccc(COc3no[n+]([O-])c3S(=O)(=O)c3ccccc3)cc2)n1
1550,6.6020599913279625,nM,CHEMBL2408826,COc1cc(N2CCC(O)CC2)ccc1Nc1ncc(Cl)c(Oc2ccc(COc3no[n+]([O-])c3S(=O)(=O)c3ccccc3)cc2)n1
1551,6.3872161432802645,nM,CHEMBL2408827,C=CC(=O)N1CCN(c2ccc(Nc3ncc(Cl)c(Oc4ccc(COc5no[n+]([O-])c5S(=O)(=O)c5ccccc5)cc4)n3)c(OC)c2)CC1
1552,7.721246399047171,nM,CHEMBL2408828,COc1cc(N2CCN(C)CC2)ccc1Nc1ncc(Cl)c(Oc2cccc(COc3no[n+]([O-])c3S(=O)(=O)c3ccccc3)c2)n1
1553,7.167491087293763,nM,CHEMBL2408829,COc1cc(N2CCC(O)CC2)ccc1Nc1ncc(Cl)c(Oc2cccc(COc3no[n+]([O-])c3S(=O)(=O)c3ccccc3)c2)n1
1554,7.346787486224656,nM,CHEMBL2408830,C=CC(=O)N1CCN(c2ccc(Nc3ncc(Cl)c(Oc4cccc(COc5no[n+]([O-])c5S(=O)(=O)c5ccccc5)c4)n3)c(OC)c2)CC1
1555,7.0,nM,CHEMBL24137,COc1cc2c(Nc3ccc(Cl)cc3F)ncnc2cc1OCCCN1CCOCC1
1556,6.969400278034049,nM,CHEMBL241918,CCOc1cc2ncnc(NC3=CC(=O)C(OCc4cccc(OC)c4)=CC3=O)c2cc1NC(=O)/C=C/CN(C)C
1557,7.603800652904264,nM,CHEMBL241919,CCOc1cc2ncnc(NC3=CC(=O)C(OCc4cccc(C)c4)=CC3=O)c2cc1NC(=O)/C=C/CN(C)C
1558,8.698970004336019,nM,CHEMBL2419760,Cl.c1ccc(-c2cccc(Nc3ncnc4cc5c(cc34)OCO5)c2)cc1
1559,7.568636235841013,nM,CHEMBL2419762,Cl.c1ccc(-c2cccc(Nc3ncnc4cc5c(cc34)OCCCO5)c2)cc1
1560,6.152427340857888,nM,CHEMBL242131,CN(C)C/C=C/C(=O)Nc1ccc2ncnc(Nc3ccc(Br)cc3F)c2c1
1561,5.112945621949043,nM,CHEMBL242349,COCCOc1cc2ncnc(NC3=CC(=O)C(OCc4cccc(OC)c4)=CC3=O)c2cc1OC
1562,6.801342913045577,nM,CHEMBL2424664,COc1cc2ncnc(Nc3ccc(F)c(Cl)c3)c2cc1OCCN1CC2(C1)CS(=O)(=O)C2
1563,7.148741651280925,nM,CHEMBL2424676,C=CC(=O)Nc1cc(Nc2nccc(-c3cnn4ccccc34)n2)c(OC)cc1N1CCN(C)CC1
1564,5.443697499232713,nM,CHEMBL2424794,O=C(/C=C/c1cccnc1Cl)Nc1ccc2ncnc(Nc3cccc(Cl)c3)c2c1
1565,5.4685210829577455,nM,CHEMBL2424795,Clc1cccc(Nc2ncnc3ccc(NCc4cccs4)cc23)c1
1566,5.823908740944319,nM,CHEMBL2424796,Clc1cccc(Nc2ncnc3ccc(NCc4ccc(Br)s4)cc23)c1
1567,5.292429823902063,nM,CHEMBL2424799,CSCCCNc1ccc2ncnc(Nc3cccc(Cl)c3)c2c1
1568,5.327902142064284,nM,CHEMBL2424801,O=C(/C=C/c1cccnc1)Nc1ccc2ncnc(Nc3cccc(Cl)c3)c2c1
1569,5.3872161432802645,nM,CHEMBL2424807,Clc1cccc(Nc2ncnc3ccc(NCc4cccc(Br)n4)cc23)c1
1570,7.823908740944319,nM,CHEMBL2425086,COc1cc2ncnc(Nc3ccc(F)c(Cl)c3)c2cc1OCCCN1CCC2(COC2)C1
1571,7.2839966563652,nM,CHEMBL2425089,COc1cc2ncnc(Nc3ccc(F)c(Cl)c3)c2cc1OCCN1CC2(CSC2)C1
1572,7.585026652029182,nM,CHEMBL2425090,COc1cc2ncnc(Nc3ccc(F)c(Cl)c3)c2cc1OCCN1CC(O)C1
1573,7.026872146400302,nM,CHEMBL2425091,COc1cc2ncnc(Nc3ccc(F)c(Cl)c3)c2cc1OCCN1CC(OC)C1
1574,7.251811972993799,nM,CHEMBL2425092,COc1cc2ncnc(Nc3ccc(F)c(Cl)c3)c2cc1OCCCN1CC2(COC2)C1
1575,7.443697499232713,nM,CHEMBL2425093,COc1cc2ncnc(Nc3ccc(F)c(Cl)c3)c2cc1OCCCN1CC2(CCO2)C1
1576,7.318758762624412,nM,CHEMBL2425094,COc1cc2ncnc(Nc3ccc(F)c(Cl)c3)c2cc1OCCCN1CC2(CSC2)C1
1577,7.537602002101044,nM,CHEMBL242541,Nc1ccc2ncnc(Nc3ccc(F)c(Cl)c3)c2c1
1578,9.200659450546418,nM,CHEMBL2425735,O=C(CCCN1CCCCC1)Nc1ccc2ncnc(Nc3cccc(Br)c3)c2c1
1579,9.387216143280265,nM,CHEMBL2425736,Brc1cccc(Nc2ncnc3ccc(NCCCN4CCCCC4)cc23)c1
1580,7.721246399047171,nM,CHEMBL2425737,O=C(CCOc1ccccc1)Nc1ccc2ncnc(Nc3cccc(Br)c3)c2c1
1581,7.721246399047171,nM,CHEMBL2426277,C=CC(=O)Nc1cc(Nc2ncc(Cl)c(-c3cnn4ccccc34)n2)c(OC)cc1N1CCN(C)CC1
1582,8.2518119729938,nM,CHEMBL2426278,C=CC(=O)Nc1cc(Nc2ncc(Cl)c(-c3c[nH]c4ccccc34)n2)c(OC)cc1N1CCN(C)CC1
1583,7.1840752689200915,nM,CHEMBL2426279,C=CC(=O)Nc1cc(Nc2nccc(-c3c[nH]c4ccccc34)n2)c(OC)cc1N1CCN(C)CC1
1584,6.113509274827519,nM,CHEMBL2426280,COc1cc(N2CCN(C(C)=O)CC2)ccc1Nc1ncc(Cl)c(-c2c[nH]c3ccccc23)n1
1585,5.6777807052660805,nM,CHEMBL2426284,C=CC(=O)N1CCc2cc(OC)c(Nc3ncc(Cl)c(-c4c[nH]c5ccccc45)n3)cc21
1586,5.481486060122113,nM,CHEMBL242740,COc1c(O)cc2occ(-c3ccc(O)cc3)c(=O)c2c1O
1587,6.547753425479563,nM,CHEMBL243410,CCOc1cc2ncnc(NC3=CC(=O)C(OC(CF)CF)=CC3=O)c2cc1NC(=O)/C=C/CN(C)C
1588,7.045516282844448,nM,CHEMBL2435999,COc1cc2c(Oc3ccc(NC(=O)c4cc(-c5ccc(C)cc5)ccn4)cc3F)ccnc2cc1OCCCN1CCN(C)CC1
1589,6.778064400171995,nM,CHEMBL243628,CCOc1cc2ncnc(NC3=CC(=O)C(OCc4ccc(F)c(F)c4)=CC3=O)c2cc1NC(=O)/C=C/CN(C)C
1590,7.728158393463501,nM,CHEMBL243629,CCOc1cc2ncnc(NC3=CC(=O)C(OCc4ccccc4)=CC3=O)c2cc1NC(=O)/C=C/CN(C)C
1591,7.600326278518962,nM,CHEMBL2437223,CSCCNCc1ccc(-c2ccc3ncnc(Nc4ccc(OCc5cccc(F)c5)c(Cl)c4)c3c2)o1.Cc1ccc(S(=O)(=O)O)cc1
1592,7.886056647693163,nM,CHEMBL2437224,C[S+]([O-])CCNCc1ccc(-c2ccc3ncnc(Nc4ccc(OCc5cccc(F)c5)c(Cl)c4)c3c2)o1.Cc1ccc(S(=O)(=O)O)cc1
1593,7.728158393463501,nM,CHEMBL2437225,CS(=O)(=O)NCCNCc1ccc(-c2ccc3ncnc(Nc4ccc(OCc5cccc(F)c5)c(Cl)c4)c3c2)o1.Cc1ccc(S(=O)(=O)O)cc1
1594,7.966576244513051,nM,CHEMBL2437226,Cc1ccc(S(=O)(=O)O)cc1.NS(=O)(=O)CCNCc1ccc(-c2ccc3ncnc(Nc4ccc(OCc5cccc(F)c5)c(Cl)c4)c3c2)o1
1595,7.675717544702307,nM,CHEMBL2437227,Cc1ccc(S(=O)(=O)O)cc1.O=S(=O)(CCNCc1ccc(-c2ccc3ncnc(Nc4ccc(OCc5cccc(F)c5)c(Cl)c4)c3c2)o1)CC(F)(F)F
1596,6.841336019186011,nM,CHEMBL2437457,C=CC(=O)Nc1ccc(-n2c(=O)cnc3cnc(Nc4ccc(Cl)cc4)nc32)cc1
1597,7.754487332185851,nM,CHEMBL2437458,C=CC(=O)Nc1cccc(-n2c(=O)cnc3cnc(Nc4ccc(Cl)cc4)nc32)c1
1598,5.461426266193144,nM,CHEMBL2437459,C=CC(=O)Nc1ccc(-n2c(=O)cnc3cnc(Nc4ccc(N5CCOCC5)cc4)nc32)cc1
1599,8.543633966870956,nM,CHEMBL2437460,C=CC(=O)Nc1cccc(-n2c(=O)cnc3cnc(Nc4ccc(N5CCOCC5)cc4)nc32)c1
1600,6.1605219526258015,nM,CHEMBL2437461,C=CC(=O)Nc1ccc(-n2c(=O)cnc3cnc(Nc4ccc(N5CCN(C)CC5)cc4)nc32)cc1
1601,9.169411331314857,nM,CHEMBL2437462,C=CC(=O)Nc1cccc(-n2c(=O)cnc3cnc(Nc4ccc(N5CCN(C)CC5)cc4)nc32)c1
1602,8.290730039024169,nM,CHEMBL2437463,C=CC(=O)Nc1cccc(-n2c(=O)cnc3cnc(Nc4ccc(N5CCCCC5)cc4)nc32)c1
1603,8.304518323509802,nM,CHEMBL2437464,C=CC(=O)Nc1cccc(-n2c(=O)cnc3cnc(Nc4ccc(N5CCCC5)cc4)nc32)c1
1604,8.326058001365912,nM,CHEMBL2437465,C=CC(=O)Nc1cccc(-n2c(=O)cnc3cnc(Nc4ccc(N(CC)CC)cc4)nc32)c1
1605,8.343901797987169,nM,CHEMBL2437466,C=CC(=O)Nc1cccc(-n2c(=O)cnc3cnc(Nc4ccc(NC(C)=O)cc4)nc32)c1
1606,8.401209493236886,nM,CHEMBL2437467,C=CC(=O)Nc1cccc(-n2c(=O)cnc3cnc(Nc4ccc(C(N)=O)cc4)nc32)c1
1607,6.565431095965801,nM,CHEMBL2437468,C=CC(=O)Nc1ccc(-n2c(=O)cnc3cnc(Nc4ccc(N5CCN(C)CC5)cc4OC)nc32)cc1
1608,8.97061622231479,nM,CHEMBL2437469,C=CC(=O)Nc1cccc(-n2c(=O)cnc3cnc(Nc4ccc(N5CCN(C)CC5)cc4OC)nc32)c1
1609,5.14466259553046,nM,CHEMBL2437470,C=CC(=O)Nc1ccc(-n2c(=O)c(C)nc3cnc(Nc4ccc(OC)cc4)nc32)cc1
1610,8.276544327964814,nM,CHEMBL2437471,C=CC(=O)Nc1cccc(-n2c(=O)c(C)nc3cnc(Nc4ccc(OC)cc4)nc32)c1
1611,4.67202837637699,nM,CHEMBL2437473,COc1ccc(Nc2ncc3ncc(=O)n(-c4cccc(N)c4)c3n2)cc1
1612,5.416121401501375,nM,CHEMBL2437474,COc1ccc(-n2c(=O)cnc3cnc(Nc4cccc(N)c4)nc32)cc1
1613,5.170438943700608,nM,CHEMBL2437475,COc1ccc(-n2c(=O)cnc3cnc(Nc4ccc(N)cc4)nc32)cc1
1614,4.469992510023956,nM,CHEMBL2437477,C=CC(=O)Nc1ccc(Nc2ncc3ncc(=O)n(-c4ccc(OC)cc4)c3n2)cc1
1615,5.318577844278991,nM,CHEMBL2437478,C=CC(=O)Nc1ccc(-n2c(=O)cnc3cnc(Nc4ccc(OC)cc4)nc32)cc1
1616,8.2518119729938,nM,CHEMBL2437479,C=CC(=O)Nc1cccc(-n2c(=O)cnc3cnc(Nc4ccc(OC)cc4)nc32)c1
1617,7.228412519118745,nM,CHEMBL2437482,C=CC(=O)Oc1ccc(-n2c(=O)cnc3cnc(Nc4ccc(OC)cc4)nc32)cc1
1618,7.504455662453552,nM,CHEMBL2437483,COc1ccc(Nc2ncc3ncc(=O)n(-c4ccc(NC(=O)/C=C/CN(C)C)cc4)c3n2)cc1
1619,4.580325064946128,nM,CHEMBL2437484,COc1ccc(Nc2ncc3ncc(=O)n(-c4cccc(NC(=O)/C=C/CN(C)C)c4)c3n2)cc1
1620,7.401209493236885,nM,CHEMBL2437486,CN(C)C/C=C/C(=O)Nc1cccc(-n2c(=O)cnc3cnc(Nc4ccccc4)nc32)c1
1621,8.306273051076353,nM,CHEMBL2437488,C=CC(=O)Nc1cccc(-n2c(=O)cnc3cnc(Nc4ccccc4)nc32)c1
1622,7.913640169325252,nM,CHEMBL243837,CCOc1cc2ncnc(NC3=CC(=O)C(OCc4cccc(Cl)c4)=CC3=O)c2cc1NC(=O)/C=C/CN(C)C
1623,7.323306390375134,nM,CHEMBL243839,CCOc1cc2ncnc(NC3=CC(=O)C(OCc4cccs4)=CC3=O)c2cc1NC(=O)/C=C/CN(C)C
1624,6.199998172182031,nM,CHEMBL2441273,CCc1ccc2nc(Nc3cc(Cc4ccccc4)nc(N[C@H]4CC[C@H](O)CC4)n3)sc2c1
1625,8.154901959985743,nM,CHEMBL2441561,O=C(/C=C/CN1CCOCC1)N1CCOc2cc3ncnc(Nc4ccc(F)c(Cl)c4)c3cc21
1626,8.154901959985743,nM,CHEMBL2441563,O=C(/C=C/CN1CCOCC1)N1CCOc2cc3ncnc(Nc4ccc(OCc5cccc(F)c5)c(Cl)c4)c3cc21
1627,8.88941028970075,nM,CHEMBL2441568,Fc1ccc(Nc2ncnc3cc4c(cc23)NCCO4)cc1Cl
1628,5.673664139071249,nM,CHEMBL2442324,COc1cc(OC)c2c(=O)n(-c3cccc(C(=O)N4CCCCC4)c3)ccc2c1
1629,5.860120913598764,nM,CHEMBL2442329,COc1cc(O)c2c(=O)n(-c3cccc(C(=O)N4CCCCC4)c3)ccc2c1
1630,9.42021640338319,nM,CHEMBL2447950,CCOc1cc2ncnc(Nc3cccc(Cl)c3)c2cc1OCC.Cl
1631,6.522878745280337,nM,CHEMBL2448064,COc1cc2c(Nc3ccc(Cl)cc3F)ncnc2cc1OCC1CCNCC1.Cl
1632,6.522878745280337,nM,CHEMBL2448065,COc1cc2c(Nc3ccc(Cl)cc3F)ncnc2cc1OCC1CCN(C)CC1.Cl
1633,7.0,nM,CHEMBL2448066,COc1cc2c(Nc3cc(O)c(Cl)cc3F)ncnc2cc1OCC1CCN(C)CC1.Cl
1634,7.0,nM,CHEMBL2448067,COc1cc2c(Nc3ccc(Cl)cc3F)ncnc2cc1OCCCN1CCCC1.Cl
1635,6.161150909262745,nM,CHEMBL245277,C[C@@H](c1ccccc1)n1ncc2cc(Nc3ncnn4ccc(COC[C@@H]5CNCCO5)c34)ccc21
1636,7.167491087293763,nM,CHEMBL245278,C[C@H](c1cccc(F)c1)n1ncc2cc(Nc3ncnn4ccc(COC[C@@H]5CNCCO5)c34)ccc21
1637,7.193820026016113,nM,CHEMBL245667,NCCCOCc1ccn2ncnc(Nc3ccc4c(cnn4Cc4cccc(F)c4)c3)c12
1638,6.795880017344075,nM,CHEMBL245867,NCCCCOCc1ccn2ncnc(Nc3ccc4c(cnn4Cc4cccc(F)c4)c3)c12
1639,6.207608310501746,nM,CHEMBL245868,CN(C)CCCOCc1ccn2ncnc(Nc3ccc4c(cnn4Cc4cccc(F)c4)c3)c12
1640,7.136677139879544,nM,CHEMBL245869,Fc1cccc(Cn2ncc3cc(Nc4ncnn5ccc(COC6CCNCC6)c45)ccc32)c1
1641,6.886056647693163,nM,CHEMBL246072,Fc1cccc(Cn2ncc3cc(Nc4ncnn5ccc(COCC6CCNCC6)c45)ccc32)c1
1642,6.721246399047171,nM,CHEMBL246073,Fc1cccc(Cn2ncc3cc(Nc4ncnn5ccc(COC[C@H]6CCCNC6)c45)ccc32)c1
1643,6.920818753952375,nM,CHEMBL246276,OCc1ccn2ncnc(Nc3ccc4c(cnn4Cc4cccc(F)c4)c3)c12
1644,7.214670164989233,nM,CHEMBL246284,Fc1cccc(Cn2ncc3cc(Nc4ncnn5ccc(COC[C@@H]6CNCCO6)c45)ccc32)c1
1645,4.6020599913279625,nM,CHEMBL246356,CNc1ncnc(-c2cccnc2Oc2cc(NC(=O)c3cccc(OC(F)(F)C(F)F)c3)ccc2C)n1
1646,6.309803919971486,nM,CHEMBL246489,COCCOCc1ccn2ncnc(Nc3ccc4c(cnn4Cc4cccc(F)c4)c3)c12
1647,6.337242168318426,nM,CHEMBL246491,COC(=O)COCc1ccn2ncnc(Nc3ccc4c(cnn4Cc4cccc(F)c4)c3)c12
1648,6.193820026016113,nM,CHEMBL246492,Fc1cccc(Cn2ncc3cc(Nc4ncnn5ccc(COC[C@@H]6COCCN6)c45)ccc32)c1
1649,6.247968558660654,nM,CHEMBL246493,Fc1cccc(COc2ccc(Nc3ncnn4ccc(COC[C@@H]5CNCCO5)c34)cc2Cl)c1
1650,7.301029995663981,nM,CHEMBL246687,N[C@H]1CCN(Cc2ccn3ncnc(Nc4ccc5c(cnn5Cc5cccc(F)c5)c4)c23)C1
1651,6.853871964321762,nM,CHEMBL246694,NC(=O)COCc1ccn2ncnc(Nc3ccc4c(cnn4Cc4cccc(F)c4)c3)c12
1652,6.698970004336019,nM,CHEMBL246898,CS(=O)(=O)CCNC1CCN(Cc2ccn3ncnc(Nc4ccc5c(cnn5Cc5cccc(F)c5)c4)c23)CC1
1653,6.6777807052660805,nM,CHEMBL247100,Cc1ccn2ncnc(Nc3ccc4[nH]ncc4c3)c12
1654,6.6020599913279625,nM,CHEMBL247101,Cc1ccn2ncnc(Nc3ccc(OCc4cccc(F)c4)c(Cl)c3)c12
1655,7.318758762624412,nM,CHEMBL247104,OCCNC1CCN(Cc2ccn3ncnc(Nc4ccc5c(cnn5Cc5cccc(F)c5)c4)c23)CC1
1656,6.091514981121351,nM,CHEMBL247127,c1cncc(Cn2ncc3cc(Nc4ncnn5ccc(COC[C@@H]6CNCCO6)c45)ccc32)c1
1657,5.0,nM,CHEMBL247228,Nc1ncnc2occ(-c3ccc(NC(=O)Nc4cc(C(F)(F)F)ccc4F)cc3)c12
1658,7.0,nM,CHEMBL247309,CN(C)C1CCN(Cc2ccn3ncnc(Nc4ccc5c(cnn5Cc5cccc(F)c5)c4)c23)CC1
1659,6.401209493236885,nM,CHEMBL247468,c1ccc(-c2c(-c3ccc(OCCN4CCCC4)cc3)oc3ncnc(NCCN4CCNCC4)c23)cc1
1660,6.42021640338319,nM,CHEMBL247512,CC(=O)NC1CCN(Cc2ccn3ncnc(Nc4ccc5c(cnn5Cc5cccc(F)c5)c4)c23)CC1
1661,6.958607314841775,nM,CHEMBL247513,O=C(CO)NC1CCN(Cc2ccn3ncnc(Nc4ccc5c(cnn5Cc5cccc(F)c5)c4)c23)CC1
1662,7.318758762624412,nM,CHEMBL247709,Fc1cccc(COc2ccc(Nc3ncnn4ccc(CN5CCCNCC5)c34)cc2Cl)c1
1663,7.42021640338319,nM,CHEMBL247710,NC1CCN(Cc2ccn3ncnc(Nc4ccc(OCc5cccc(F)c5)c(Cl)c4)c23)CC1
1664,6.721246399047171,nM,CHEMBL247711,COc1cn2ncnc(Nc3ccc4c(cnn4Cc4cccc(F)c4)c3)c2c1CN1CCCNCC1
1665,5.987584625237568,nM,CHEMBL247866,CC(C)Nc1ncnc2oc(-c3ccc(OCCN4CCCC4)cc3)c(-c3ccccc3)c12
1666,7.327902142064283,nM,CHEMBL247914,NC1CCN(Cc2ccn3ncnc(Nc4ccc5c(cnn5Cc5ccccn5)c4)c23)CC1
1667,6.721246399047171,nM,CHEMBL247915,NC1CCN(Cc2ccn3ncnc(Nc4ccc5c(cnn5Cc5cccnc5)c4)c23)CC1
1668,6.275724130399212,nM,CHEMBL247916,NC1CCN(Cc2ccn3ncnc(Nc4ccc5c(cnn5Cc5ccncc5)c4)c23)CC1
1669,7.455931955649724,nM,CHEMBL248108,NC1CCN(Cc2ccn3ncnc(Nc4ccc5c(cnn5Cc5cccc(F)c5)c4)c23)CC1
1670,7.721246399047171,nM,CHEMBL248114,Cc1cncc(Cn2ncc3cc(Nc4ncnn5ccc(CN6CCC(N)CC6)c45)ccc32)c1
1671,7.070581074285707,nM,CHEMBL248115,Cc1cncc(COc2ccc(Nc3ncnn4ccc(CN5CCC(N)CC5)c34)cc2Cl)c1
1672,7.443697499232713,nM,CHEMBL248116,NC1CCN(Cc2ccn3ncnc(Nc4ccc(OCc5ccccn5)c(Cl)c4)c23)CC1
1673,7.494850021680094,nM,CHEMBL248321,NC1CCN(Cc2ccn3ncnc(Nc4ccc(OCc5cnccn5)c(Cl)c4)c23)CC1
1674,7.154901959985743,nM,CHEMBL248322,NC1CCN(Cc2ccn3ncnc(Nc4ccc(OCc5cccc[n+]5[O-])c(Cl)c4)c23)CC1
1675,6.761953896871205,nM,CHEMBL248391,COc1cc2c(N[C@@H]3C[C@H]3c3ccccc3)c(C#N)cnc2cc1OCCCc1cccnc1
1676,8.301029995663981,nM,CHEMBL248392,COc1cc2c(N[C@@H]3C[C@H]3c3ccccc3)c(C#N)cnc2cc1OCCCN1CCOCC1
1677,6.39566592689709,nM,CHEMBL248674,COc1cc2ncnc(Nc3cccc(C#CCCO)c3)c2cc1OC
1678,6.686554629573586,nM,CHEMBL248864,COc1cc2ncnc(Nc3cccc(C#CC(C)(C)O)c3)c2cc1OC
1679,6.442492798094342,nM,CHEMBL248877,Nc1ncnc2c1c(-c1ccc3nc(Cc4cccs4)[nH]c3c1)nn2[C@H]1CC[C@H](N2CCOCC2)CC1
1680,5.524764777395872,nM,CHEMBL24944,O=C(Nc1ccc(Br)cc1)c1cc(Br)cc(Br)c1O
1681,6.896538377905296,nM,CHEMBL249509,C#Cc1ccc2ncnc(Nc3ccc(F)c(Cl)c3)c2c1
1682,6.480172006224281,nM,CHEMBL249511,Fc1ccc(Nc2ncnc3ccc(C#Cc4ccccc4)cc23)cc1Cl
1683,6.698970004336019,nM,CHEMBL24979,COc1cc2c(Nc3ccc(Br)cc3F)ncnc2cc1OCCC1CCN(C)CC1
1684,7.85078088734462,nM,CHEMBL249919,OCC#Cc1ccc2ncnc(Nc3ccc(F)c(Cl)c3)c2c1
1685,6.7309542903423765,nM,CHEMBL249921,OCCC#Cc1ccc2ncnc(Nc3ccc(F)c(Cl)c3)c2c1
1686,7.013228265733755,nM,CHEMBL249927,O=C(CO)N1CCC[C@@H]1COc1cccc2ncnc(Nc3ccc(OCc4ccccn4)c(Cl)c3)c12
1687,7.455931955649724,nM,CHEMBL249928,CN(CCOc1cccc2ncnc(Nc3ccc(OCc4ccccn4)c(Cl)c3)c12)C(=O)CO
1688,8.522878745280337,nM,CHEMBL250130,C[C@H](COc1cccc2ncnc(Nc3ccc(OCc4ccccn4)c(Cl)c3)c12)N(C)C(=O)CO
1689,8.698970004336019,nM,CHEMBL250132,C[C@H](CN(C)C(=O)CO)Oc1cccc2ncnc(Nc3ccc(OCc4ccccn4)c(Cl)c3)c12
1690,5.251811972993799,nM,CHEMBL250315,COc1cc2ncnc(C#Cc3ccccc3)c2cc1OC
1691,7.853871964321762,nM,CHEMBL250318,COc1cc2ncnc(C#CCCc3ccccc3)c2cc1OC
1692,7.823908740944319,nM,CHEMBL250523,COc1cc2ncnc(C#CCOc3ccccc3)c2cc1OC
1693,7.096910013008056,nM,CHEMBL250524,COc1cc2ncnc(C#CC(C)(C)N(C)c3ccccc3)c2cc1OC
1694,8.397940008672037,nM,CHEMBL250923,COc1cc2ncnc(/C=C/CCc3ccccc3)c2cc1OC
1695,7.585026652029182,nM,CHEMBL250924,COc1cc2ncnc(C#Cc3ccccc3-c3ccccc3)c2cc1OC
1696,7.823908740944319,nM,CHEMBL250925,CCOc1cc2ncnc(/C=C/c3ccccc3)c2cc1OCC
1697,6.853871964321762,nM,CHEMBL251123,CCOc1cc2ncnc(/C=C/CCCc3ccccc3)c2cc1OCC
1698,8.0,nM,CHEMBL251124,CCOc1cc2ncnc(C#Cc3[nH]ccc3-c3ccccc3)c2cc1OCC
1699,8.744727494896694,nM,CHEMBL251125,CCOc1cc2ncnc(C#Cc3c[nH]nc3-c3ccc(F)cc3)c2cc1OCC
1700,6.942333896090171,nM,CHEMBL251291,OCCCC#Cc1ccc2ncnc(Nc3ccc(F)c(Cl)c3)c2c1
1701,7.931814138253839,nM,CHEMBL251314,CCOc1cc2ncnc(C#CC(C)(Cc3ccccc3)N3CCC(C(=O)O)CC3)c2cc1OCC
1702,6.1791420105603,nM,CHEMBL251315,CCOc1cc2ncnc(C#C[C@](C)(Cc3ccccc3)N3CCC(C(=O)O)CC3)c2cc1OCC
1703,6.8195873671616765,nM,CHEMBL251497,CC(C)(O)C#Cc1ccc2ncnc(Nc3ccc(F)c(Cl)c3)c2c1
1704,7.298432014944073,nM,CHEMBL251498,Fc1ccc(Nc2ncnc3ccc(C#CCN4CCOCC4)cc23)cc1Cl
1705,5.232591796771347,nM,CHEMBL253969,NC(=O)c1c(OCc2c(F)cc(Br)cc2F)nsc1NC(=O)NCCCCN1CCCC1
1706,6.522878745280337,nM,CHEMBL25425,COc1cc2c(Nc3ccc(Cl)cc3F)ncnc2cc1OCCC1CCN(C)CC1
1707,6.301029995663981,nM,CHEMBL25450,COc1cc2c(Nc3c(F)cc(Cl)cc3F)ncnc2cc1OCC1CCNCC1
1708,7.769551078621726,nM,CHEMBL255135,CNCCOc1n[nH]c2ncnc(Nc3ccc(OCc4ccccn4)c(Cl)c3)c12
1709,8.154901959985743,nM,CHEMBL255170,Cc1ccc(Oc2ccc(Nc3ncnc4[nH]nc(OCCN5CCC(O)CC5)c34)cc2Cl)cn1
1710,7.327902142064283,nM,CHEMBL255236,COc1ccccc1CO/N=C/c1c(N)ncnc1Nc1ccc2c(cnn2Cc2cccc(F)c2)c1
1711,7.853871964321762,nM,CHEMBL255237,COCCO/N=C/c1c(N)ncnc1Nc1ccc2c(cnn2Cc2cccc(F)c2)c1
1712,5.949620243738543,nM,CHEMBL255291,CO/N=C/c1c(N)ncnc1NCc1ccc(F)c(Cl)c1
1713,7.638272163982407,nM,CHEMBL255438,Nc1ncnc(Nc2ccc3c(cnn3Cc3cccc(F)c3)c2)c1/C=N/OCc1ccccc1
1714,7.154901959985743,nM,CHEMBL255490,CO/N=C/c1c(N)ncnc1Nc1ccc(F)c(Cl)c1
1715,7.638272163982407,nM,CHEMBL255656,CO/N=C/c1c(N)ncnc1Nc1ccc2c(cnn2Cc2cccc(Cl)c2)c1
1716,6.522878745280337,nM,CHEMBL25579,COc1cc2c(Nc3ccc(Cl)cc3F)ncnc2cc1OCCN(C)c1ccncc1
1717,7.698970004336019,nM,CHEMBL255865,CO/N=C/c1c(N)ncnc1Nc1ccc2c(cnn2Cc2cccc(C#N)c2)c1
1718,6.51427857351842,nM,CHEMBL255866,CO/N=C/c1c(N)ncnc1Nc1ccc2[nH]ncc2c1
1719,8.096910013008056,nM,CHEMBL255871,CO/N=C/c1c(N)ncnc1Nc1ccc2c(cnn2Cc2cccc(F)c2)c1
1720,6.3979400086720375,nM,CHEMBL25610,COc1cc2c(Nc3ccc(Cl)cc3F)ncnc2cc1OCCN1CCOCC1
1721,7.920818753952375,nM,CHEMBL256295,Nc1ncnc(Nc2ccc3c(cnn3Cc3cccc(F)c3)c2)c1/C=N/O
1722,7.920818753952375,nM,CHEMBL256297,CO/N=C/c1c(N)ncnc1Nc1ccc(OCc2cccc(F)c2)c(Cl)c1
1723,5.958607314841776,nM,CHEMBL256362,Cc1ccc(Oc2ccc(Nc3ncnc4cccc(O[C@H](C)C(=O)N(C)C)c34)cc2C)cn1
1724,6.982966660701219,nM,CHEMBL256527,CO/N=C/c1c(N)ncnc1Nc1ccc2c(cnn2Cc2ccc(F)cc2)c1
1725,7.481486060122113,nM,CHEMBL256529,CO/N=C/c1c(N)ncnc1Nc1ccc(OCc2cc(F)cc(F)c2)c(Cl)c1
1726,8.096910013008056,nM,CHEMBL257430,Clc1cc(Nc2ncnc3[nH]nc(OCCN4CCNCC4)c23)ccc1OCc1ccccn1
1727,5.698970004336019,nM,CHEMBL257478,Cc1ccc(Oc2ccc(Nc3ncnc4cccc(O[C@H](C)C(=O)N(C)CCO)c34)cc2C)cn1
1728,7.244125144327507,nM,CHEMBL257814,CO/N=C/c1c(N)ncnc1Nc1ccc2c(c1)CCN2Cc1cccc(F)c1
1729,7.795880017344075,nM,CHEMBL257815,CO/N=C/c1c(N)ncnc1Nc1ccc(OCc2ccccc2)c(Cl)c1
1730,7.886056647693163,nM,CHEMBL257816,CO/N=C/c1c(N)ncnc1Nc1ccc2c(ccn2Cc2cccc(F)c2)c1
1731,7.795880017344075,nM,CHEMBL257859,Clc1cc(Nc2ncnc3[nH]nc(OCCCN4CCOCC4)c23)ccc1OCc1ccccn1
1732,8.045757490560675,nM,CHEMBL257860,OC1CCN(CCCOc2n[nH]c3ncnc(Nc4ccc(OCc5ccccn5)c(Cl)c4)c23)CC1
1733,7.795880017344075,nM,CHEMBL257861,OCCOc1n[nH]c2ncnc(Nc3ccc(OCc4ccccn4)c(Cl)c3)c12
1734,6.665546248849069,nM,CHEMBL257872,Cc1ccc(Oc2ccc(Nc3ncnc4[nH]nc(OCCN5CCC(O)CC5)c34)cc2C)cn1
1735,5.844663962534939,nM,CHEMBL257873,Cc1ccc(Oc2ccc(Nc3ncnc4[nH]nc(OCCN5CCC(O)CC5)c34)cc2F)cn1
1736,8.522878745280337,nM,CHEMBL258270,CC(=O)N1CCN(CCOc2n[nH]c3ncnc(Nc4ccc(OCc5ccccn5)c(Cl)c4)c23)CC1
1737,8.301029995663981,nM,CHEMBL258282,CN1CCN(CCOc2n[nH]c3ncnc(Nc4ccc(OCc5ccccn5)c(Cl)c4)c23)CC1
1738,8.0,nM,CHEMBL258598,Nc1c(Br)cccc1Nc1ncnc2ccncc12
1739,6.823908740944319,nM,CHEMBL258694,Cc1nnc(-c2cn3ncnc(Nc4cnc5[nH]ccc5c4)c3c2C(C)C)o1
1740,3.4948500216800946,nM,CHEMBL258726,CC(C)(C)c1cc(C=C2C(=O)C=CC2=O)cc(C(C)(C)C)c1O
1741,8.522878745280337,nM,CHEMBL258940,CN1CCC(Nc2ncc3ncnc(Nc4ccc(F)c(Cl)c4)c3n2)CC1
1742,5.619788758288394,nM,CHEMBL260861,COc1cc(Nc2nn3c(N[C@H](CO)Cc4ccccc4)cc(C4CC4)nc3c2C(N)=O)cc(OC)c1
1743,2.3010299956639813,nM,CHEMBL261238,CN(c1cccnc1)c1cc2c(Nc3ccc(F)c(Cl)c3)c(C#N)cnc2cn1
1744,6.096910013008056,nM,CHEMBL262276,COC(=O)CN1CCC(n2cc(-c3cccc(O)c3)c3c(N)ncnc32)CC1
1745,6.769551078621726,nM,CHEMBL263528,NC(=O)CN1CCC(n2cc(-c3cccc(O)c3)c3c(N)ncnc32)CC1
1746,5.327902142064284,nM,CHEMBL263666,CCN(CC)CCNC(=O)c1c([Se][Se]c2c(C(=O)NCCN(CC)CC)c3ccccc3n2C)n(C)c2ccccc12
1747,8.958607314841775,nM,CHEMBL264382,Cc1cc(C(=O)NCCN2CCOCC2)[nH]c1/C=C1\C(=O)Nc2ncnc(Nc3ccc4c(ccn4Cc4ccccc4)c3)c21
1748,7.769551078621726,nM,CHEMBL265367,Cn1ccnc1S(=O)(=O)CCNCc1ccc(-c2ccc3ncnc(Nc4ccc(OCc5cccc(F)c5)c(C(F)(F)F)c4)c3c2)o1
1749,3.7447274948966944,nM,CHEMBL266182,O=C1c2c(c3c4cccc(O)c4n(C4OC(CO)C(O)C(O)C4O)c3c3[nH]c4c(O)cccc4c23)C(=O)N1NCC(O)CO
1750,6.698970004336019,nM,CHEMBL26641,COc1cc2c(Nc3ccc(Br)cc3F)ncnc2cc1OCCC1CCNCC1
1751,8.096910013008056,nM,CHEMBL266995,Oc1cc(O)c2c(O)c(-c3cccc(Cl)c3)cnc2c1
1752,5.6020599913279625,nM,CHEMBL267019,O=C1NC(=O)c2cc(Nc3ccc(O)cc3)c(Nc3ccc(O)cc3)cc21
1753,8.698970004336019,nM,CHEMBL268501,Cc1ccc2c(-c3ccccc3)nc(=O)n(C(C)C)c2c1
1754,6.522878745280337,nM,CHEMBL268868,O=C1NC(=O)c2cc(Nc3ccccc3)c(Nc3ccccc3)cc21
1755,6.267606240177031,nM,CHEMBL269620,CS(=O)(=O)CCNc1nc(-c2ccc3ncnc(Nc4ccc(OCc5cccc(C(F)(F)F)c5)cc4)c3c2)cs1
1756,7.880084589742009,nM,CHEMBL269889,Fc1c(Br)cccc1Nc1ncnc2ccncc12
1757,8.130005999878259,nM,CHEMBL270501,CN(C)CCCCNc1c(Br)cccc1Nc1ncnc2ccncc12
1758,9.029978734171634,nM,CHEMBL270695,OCC(O)CNc1c(Br)cccc1Nc1ncnc2ccncc12
1759,9.609948503541013,nM,CHEMBL270696,OCCNc1c(Br)cccc1Nc1ncnc2ccncc12
1760,7.339988778710669,nM,CHEMBL270713,CN(C)CCNc1c(Br)cccc1Nc1ncnc2ccncc12
1761,4.0,nM,CHEMBL27085,Cc1nc(O)c2c(ccc3[nH]c(Nc4c(Cl)cccc4Cl)nc32)c1C
1762,8.849857838151442,nM,CHEMBL270895,O=S(=O)(O)CCNc1c(Br)cccc1Nc1ncnc2ccncc12
1763,7.53003079050004,nM,CHEMBL270921,CC(=O)Nc1c(Br)cccc1Nc1ncnc2ccncc12
1764,6.0699989989909255,nM,CHEMBL270924,Nc1c(F)cccc1Nc1ncnc2ccncc12
1765,7.389978975335855,nM,CHEMBL270966,CN(C)CCN(C)c1c(Br)cccc1Nc1ncnc2ccncc12
1766,6.919987152892072,nM,CHEMBL270975,Nc1c(Cl)cccc1Nc1ncnc2ccncc12
1767,7.789949150124863,nM,CHEMBL271113,CN(CC(=O)O)c1c(Br)cccc1Nc1ncnc2ccncc12
1768,9.55005901122666,nM,CHEMBL271122,O=C(O)CCCNc1c(Br)cccc1Nc1ncnc2ccncc12
1769,8.630042392653946,nM,CHEMBL271328,Brc1cccc(Nc2ncnc3cnc(NCCn4ccnc4)nc23)c1
1770,8.720105019988361,nM,CHEMBL271334,Brc1cccc(Nc2ncnc3ccncc23)c1NCCCN1CCOCC1
1771,8.45001638884031,nM,CHEMBL271408,Cc1cccc(Nc2ncnc3ccncc23)c1NCCCn1ccnc1
1772,8.029978734171634,nM,CHEMBL271410,Cc1cccc(Nc2ncnc3ccncc23)c1NCCCN1CCOCC1
1773,8.299988937677888,nM,CHEMBL271532,CN1CCN(CCCNc2c(Br)cccc2Nc2ncnc3ccncc23)CC1
1774,5.309999839831227,nM,CHEMBL271540,CN(C)c1ccc(Nc2ncnc3ccncc23)c(N)c1
1775,8.260032303240491,nM,CHEMBL271587,Cc1cccc(Nc2ncnc3ccncc23)c1NCCCCN(C)C
1776,7.590066876668706,nM,CHEMBL271617,Nc1cc(Br)ccc1Nc1ncnc2ccncc12
1777,8.029978734171634,nM,CHEMBL271623,OCCN(CCO)CCNc1c(Br)cccc1Nc1ncnc2ccncc12
1778,9.0,nM,CHEMBL271705,Clc1cc(Nc2ncnc3[nH]nc(OCCN4CCOCC4)c23)ccc1OCc1ccccn1
1779,6.599997654072045,nM,CHEMBL272258,Nc1ccccc1Nc1ncnc2ccncc12
1780,7.849857838151442,nM,CHEMBL272477,OCN(CO)c1c(Br)cccc1Nc1ncnc2ccncc12
1781,8.14002155835798,nM,CHEMBL272634,NNc1c(Br)cccc1Nc1ncnc2ccncc12
1782,9.289967300934247,nM,CHEMBL272865,Brc1cccc(Nc2ncnc3ccncc23)c1NCCCn1ccnc1
1783,8.260032303240491,nM,CHEMBL272895,Brc1cccc(Nc2ncnc3ccncc23)c1NCCCCN1CCOCC1
1784,7.853871964321762,nM,CHEMBL272935,CN1CCN(CCCOc2n[nH]c3ncnc(Nc4ccc(OCc5ccccn5)c(Cl)c4)c23)CC1
1785,6.610001577392668,nM,CHEMBL273116,Nc1ccccc1Nc1ncnc2cc(Br)ncc12
1786,6.031517051446065,nM,CHEMBL274732,COCCN(C)CCN1CCC(n2cc(-c3cccc(OC)c3)c3c(N)ncnc32)CC1
1787,10.154901959985745,nM,CHEMBL275762,O=C(CCl)Nc1ccc2ncnc(Nc3cc(Cl)c(Cl)cc3F)c2c1
1788,8.0,nM,CHEMBL276154,COc1cc2ncnc(Nc3ccc(F)c(Cl)c3)c2cc1OC1CCN(C)CC1
1789,8.744727494896694,nM,CHEMBL27685,C=CC(=O)Nc1cc2c(Nc3ccc(F)c(Br)c3)ncnc2cc1OCCCN1CCOCC1
1790,8.823908740944319,nM,CHEMBL27688,C=CC(=O)Nc1cc2c(Nc3cccc(C)c3)ncnc2cc1OCCCN1CCOCC1
1791,4.124938736608301,nM,CHEMBL277430,Cc1ccc(N(C(=O)c2ccccc2)C(=O)c2ccccc2)cc1Nc1nccc(-c2cccnc2)n1
1792,4.0,nM,CHEMBL277667,CNN1C(=O)c2c(c3c4cccc(O)c4n(C4OC(CO)C(O)C(O)C4O)c3c3[nH]c4c(O)cccc4c23)C1=O
1793,4.309803919971487,nM,CHEMBL278287,Cc1ccc(N(C)C(=O)c2ccccc2)cc1Nc1nccc(-c2cccnc2)n1
1794,5.657577319177794,nM,CHEMBL279138,N#C/C(=C\c1ccc(O)c(O)c1)C(=O)NCCCCCCCCNC(=O)/C(C#N)=C/c1ccc(O)c(O)c1
1795,6.346787486224656,nM,CHEMBL279459,COc1cc2c(Nc3c(F)cc(Br)cc3F)ncnc2cc1OCC1CCNCC1
1796,4.537602002101044,nM,CHEMBL279481,O=C1NC(=O)c2c1c1c3cccc(O)c3[nH]c1c1[nH]c3c(O)cccc3c21
1797,3.356547323513813,nM,CHEMBL280074,Cn1cnc2c(NCc3ccccc3)nc(NCCO)nc21
1798,9.161150909262744,nM,CHEMBL280757,C=CC(=O)Nc1ccc2ncnc(Nc3ccc(F)c(Br)c3)c2c1
1799,4.584308989059277,nM,CHEMBL280998,Oc1ccccc1O
1800,6.42620041778426,nM,CHEMBL281467,C=CC(=O)Nc1cnc2ncc(C#N)c(Nc3cccc(Br)c3)c2c1
1801,8.568636235841012,nM,CHEMBL281543,C=CC(=O)Nc1nc2c(Nc3ccc(F)c(Cl)c3)ncnc2cc1CCCCN1CCOCC1
1802,6.3979400086720375,nM,CHEMBL281872,COc1cc2c(Nc3ccc(Br)cc3F)ncnc2cc1OCCn1ccnn1
1803,6.0,nM,CHEMBL281990,COc1cc2c(Nc3ccc(C)cc3F)ncnc2cc1OCC1CCN(C)CC1
1804,6.698970004336019,nM,CHEMBL283088,COc1cc2c(Nc3ccc(Cl)cc3F)ncnc2cc1OCCN1CCN(C)CC1
1805,7.346787486224656,nM,CHEMBL283201,C=CC(=O)Nc1ccc2ncnc(Nc3ccc(CN(C)C)c(Br)c3)c2c1
1806,9.1249387366083,nM,CHEMBL28418,C=CC(=O)Nc1ccc2ncnc(Nc3ccc(F)c(Cl)c3)c2n1
1807,8.18045606445813,nM,CHEMBL284326,C=CC(=O)Nc1nc2c(Nc3ccc(F)c(Cl)c3)ncnc2cc1OCCCN1CCN(C)CC1
1808,8.588308536780376,nM,CHEMBL285063,C=CC(=O)Nc1ccc2ncnc(Nc3cccc(Br)c3)c2c1
1809,7.0,nM,CHEMBL286160,COCCOc1cc2ncnc(Nc3ccc(Cl)cc3F)c2cc1OC
1810,8.522878745280337,nM,CHEMBL286343,C=CC(=O)Nc1cc2c(Nc3cccc(Br)c3)ncnc2cc1OCCCn1ccnc1
1811,5.424535034261978,nM,CHEMBL287022,CC#CC(=O)Nc1cnc2ncc(C#N)c(Nc3ccc(F)c(Cl)c3)c2c1
1812,6.011441043121385,nM,CHEMBL289787,COc1cccc2c(Nc3cccc(Br)c3)ncnc12
1813,6.46344155742847,nM,CHEMBL289959,c1ccc(Nc2ncnc3ccccc23)cc1
1814,6.211831628858833,nM,CHEMBL290106,Oc1c(Cl)cc(Cl)cc1Sc1cc(Cl)cc(Cl)c1O
1815,6.455931955649724,nM,CHEMBL290389,COc1cc(/C=C(\C#N)C(N)=O)cc(Sc2nc3ccccc3s2)c1O
1816,4.397940008672038,nM,CHEMBL291313,N#CC(C#N)=C1C(=O)Nc2ccc([N+](=O)[O-])cc21
1817,5.004364805402451,nM,CHEMBL291359,CC(=O)Oc1cccc2c(C(=O)Nc3ccccc3)c(SSc3c(C(=O)Nc4ccccc4)c4cccc(OC(C)=O)c4n3C)n(C)c12
1818,7.744727494896694,nM,CHEMBL291496,Clc1ccc2ncnc(Nc3cccc(Br)c3)c2n1
1819,7.102372908709559,nM,CHEMBL291514,COc1cc2ncnc(Nc3ccc(F)c(Cl)c3)c2cc1OCCCN1CCCCC1
1820,6.164943898279884,nM,CHEMBL291701,Fc1ccc2c(Nc3cccc(Br)c3)ncnc2n1
1821,7.489257731651705,nM,CHEMBL29197,COc1cc2ncnc(Nc3cccc(Br)c3)c2cc1OC
1822,4.266802734893432,nM,CHEMBL291979,Cn1c(SSc2c(C(=O)Nc3ccccc3)c3cc(C#N)ccc3n2C)c(C(=O)Nc2ccccc2)c2cc(C#N)ccc21
1823,5.366531544420414,nM,CHEMBL291986,N#C/C(=C\c1ccc(O)c(O)c1)C(=O)N1CCN(c2ccccc2)CC1
1824,5.187086643357145,nM,CHEMBL292323,COc1cccc2c(C(=O)Nc3ccccc3)c(SSc3c(C(=O)Nc4ccccc4)c4cccc(OC)c4n3C)n(C)c12
1825,2.920818753952376,nM,CHEMBL292648,N#CC(C#N)=C1CCCc2c(O)cccc21
1826,7.031517051446065,nM,CHEMBL293064,CCN(CC)CCOc1cc2c(Nc3ccc(F)c(Cl)c3)ncnc2cc1OC
1827,8.096910013008056,nM,CHEMBL293090,CNCCOc1cc2c(Nc3ccc(F)c(Cl)c3)ncnc2cc1OC
1828,4.392544976785333,nM,CHEMBL293250,Cn1c(SSc2c(C(=O)Nc3ccccc3)c3cc(O)ccc3n2C)c(C(=O)Nc2ccccc2)c2cc(O)ccc21
1829,4.943095148663528,nM,CHEMBL293251,Cn1c(SSc2c(C(=O)Nc3ccccc3)c3cc(Br)ccc3n2C)c(C(=O)Nc2ccccc2)c2cc(Br)ccc21
1830,3.2740883677049526,nM,CHEMBL293482,N#CC(C#N)=Cc1ncc[nH]1
1831,6.301029995663981,nM,CHEMBL293584,N#CC(C#N)=C1CCc2cc(O)c(O)cc21
1832,5.366531544420414,nM,CHEMBL293889,Cn1c(SSc2c(C(=O)Nc3ccccc3)c3cc(Cl)ccc3n2C)c(C(=O)Nc2ccccc2)c2cc(Cl)ccc21
1833,4.356547323513813,nM,CHEMBL293913,Cn1c(SSc2c(C(=O)Nc3ccccc3)c3ccc(O)cc3n2C)c(C(=O)Nc2ccccc2)c2ccc(O)cc21
1834,4.0,nM,CHEMBL293986,Cn1c(SSc2c(C(=O)Nc3ccccc3)c3c(Cl)cccc3n2C)c(C(=O)Nc2ccccc2)c2c(Cl)cccc21
1835,6.275724130399212,nM,CHEMBL293991,NCCCn1ccc2c(-c3ccnc(Nc4cccc(OC(F)(F)C(F)F)c4)n3)cccc21
1836,7.214670164989233,nM,CHEMBL294395,COCCN(CCOC)CCOc1cc2c(Nc3ccc(F)c(Cl)c3)ncnc2cc1OC
1837,9.090016305060155,nM,CHEMBL294475,Brc1cccc(Nc2ncnc3cnc(NCCN4CCOCC4)nc23)c1
1838,2.744727494896696,nM,CHEMBL294681,C[S+]([O-])c1ccc(C=C(C#N)C#N)cc1
1839,8.397940008672037,nM,CHEMBL295961,CNc1ccc2cncnc2c1
1840,8.958607314841775,nM,CHEMBL296168,C=CC(=O)Nc1ccc2ncnc(Nc3cccc(Br)c3)c2n1
1841,5.048455006504028,nM,CHEMBL296407,N#C/C(=C\c1ccc(O)c(O)c1)C(N)=O
1842,6.897223385116559,nM,CHEMBL29641,COc1cc2ncnc(Nc3cccc(SC)c3)c2cc1OC
1843,5.217742426336699,nM,CHEMBL296419,COc1ccc(CCN2CCC(Nc3nc4ccccc4n3Cc3ccc(F)cc3)CC2)cc1
1844,5.508638306165728,nM,CHEMBL296582,O=C(NCc1ccccc1)c1cc2cc(O)c(O)cc2cn1
1845,8.795880017344075,nM,CHEMBL297968,C=CC(=O)Nc1ccc2c(Nc3cccc(C)c3)ncnc2c1
1846,7.2839966563652,nM,CHEMBL298637,CNc1ccc2c(Nc3cccc(Br)c3)ncnc2n1
1847,6.142667503568732,nM,CHEMBL298679,COc1ccc(NC(=O)Nc2nc3nc(NCCCN4CCN(C)CC4)ncc3cc2-c2c(Cl)cccc2Cl)cc1
1848,2.8297382846050434,nM,CHEMBL298810,N#CC(C#N)=Cc1cc[nH]n1
1849,7.759950227887352,nM,CHEMBL298931,Cc1cccc(Nc2ncnc3cnc(N)nc23)c1
1850,5.2076083105017466,nM,CHEMBL299026,CCN(CC)CCCNc1ncc2cc(-c3c(Cl)cccc3Cl)c(NC(=O)NC(C)(C)C)nc2n1
1851,5.060480747381382,nM,CHEMBL299194,CN1CCN(CCCNc2ncc3cc(-c4c(Cl)cccc4Cl)c(=O)n(C)c3n2)CC1
1852,9.110026361596004,nM,CHEMBL299622,CNc1ncc2ncnc(Nc3cccc(Br)c3)c2n1
1853,7.148741651280925,nM,CHEMBL299672,COc1cc2ncnc(Nc3ccc(F)c(Cl)c3)c2cc1OCCCN1CCCC1
1854,4.0,nM,CHEMBL299707,COc1ccccc1C(=O)Nc1cccc(Nc2nccc(-c3cccnc3)n2)c1
1855,4.301029995663981,nM,CHEMBL299763,COc1cc(OC)cc(-c2cc3cnc(N)nc3nc2NC(=O)NC(C)(C)C)c1
1856,8.630042392653946,nM,CHEMBL299881,Cc1cccc(Nc2ncnc3cnc(NCCN4CCOCC4)nc23)c1
1857,8.301029995663981,nM,CHEMBL299893,COc1cc2ncnc(Nc3ccc(F)c(Cl)c3)c2cc1OCC(O)CN(CCO)CCO
1858,6.238072161579471,nM,CHEMBL300083,Nc1cc2ncnc(NCc3ccccc3)c2cn1
1859,8.0,nM,CHEMBL300491,COc1ccc2cncnc2c1
1860,8.0,nM,CHEMBL300791,COc1cc2ncnc(Nc3ccc(F)c(Cl)c3)c2cc1OCCN1CCN(C)CC1
1861,6.409078206027614,nM,CHEMBL301018,COc1cc2ncnc(Nc3ccc(F)c(Cl)c3)c2cc1OC
1862,7.568636235841013,nM,CHEMBL301359,c1ccc2ncncc2c1
1863,5.8928430512878,nM,CHEMBL301483,CCNC(=O)Nc1nc2nc(NCCCCN(CC)CC)ncc2cc1-c1c(Cl)cccc1Cl
1864,6.580044251510243,nM,CHEMBL301549,COc1ccc2c(Nc3cccc(Br)c3)ncnc2n1
1865,6.8464660246693505,nM,CHEMBL301612,Cn1c(=O)c(-c2c(Cl)cccc2Cl)cc2cnc(Nc3ccccc3)nc21
1866,7.657577319177793,nM,CHEMBL302552,O=C1Nc2ncnc(Nc3ccc(F)c(Cl)c3)c2/C1=C/c1ccc(C(=O)NCCN2CCOCC2)[nH]1
1867,7.249954687988232,nM,CHEMBL3040455,CSCCNCc1ccc(-c2ccc3ncnc(Nc4ccc(OCc5cccc(F)c5)c(Cl)c4)c3c2)o1
1868,7.835349784065704,nM,CHEMBL3040543,O=S(=O)(CCNCc1ccc(-c2ccc3ncnc(Nc4ccc(OCc5cccc(F)c5)c(Cl)c4)c3c2)o1)CC(F)(F)F
1869,7.27843668164252,nM,CHEMBL3040548,C[S+]([O-])CCNCc1ccc(-c2ccc3ncnc(Nc4ccc(OCc5cccc(F)c5)c(Cl)c4)c3c2)o1
1870,8.567030709125595,nM,CHEMBL3040566,NS(=O)(=O)CCNCc1ccc(-c2ccc3ncnc(Nc4ccc(OCc5cccc(F)c5)c(Cl)c4)c3c2)o1
1871,7.808548985535104,nM,CHEMBL3040597,CS(=O)(=O)NCCNCc1ccc(-c2ccc3ncnc(Nc4ccc(OCc5cccc(F)c5)c(Cl)c4)c3c2)o1
1872,7.376750709602099,nM,CHEMBL3040806,c1ccc(-c2cccc(Nc3ncnc4cc5c(cc34)OCCO5)c2)cc1
1873,8.698970004336019,nM,CHEMBL3040861,c1ccc(-c2cccc(Nc3ncnc4cc5c(cc34)OCO5)c2)cc1
1874,7.568636235841013,nM,CHEMBL3040910,c1ccc(-c2cccc(Nc3ncnc4cc5c(cc34)OCCCO5)c2)cc1
1875,9.346787486224656,nM,CHEMBL304271,CCN(CC)CC(O)CNC(=O)c1cc(C)c(/C=C2\C(=O)Nc3ncnc(Nc4ccc(F)c(Cl)c4)c32)[nH]1
1876,4.981286751029689,nM,CHEMBL304414,Cn1c(SSc2c(C(=O)Nc3ccccc3)c3ccccc3n2C)c(C(=O)Nc2ccccc2)c2ccccc21
1877,6.3872161432802645,nM,CHEMBL304971,Cc1c(C(=O)N2CCN(C)CC2)c[nH]c1/C=C1\C(=O)Nc2ncnc(Nc3ccc(F)c(Cl)c3)c21
1878,7.537602002101044,nM,CHEMBL305194,Cc1cc(C(=O)O)[nH]c1/C=C1\C(=O)Nc2ncnc(Nc3ccc(F)c(Cl)c3)c21
1879,8.55284196865778,nM,CHEMBL305246,Cc1cc(C(=O)N2CCN(C)CC2)[nH]c1/C=C1\C(=O)Nc2ncnc(Nc3ccc(F)c(Cl)c3)c21
1880,6.252510507741327,nM,CHEMBL305660,CC(C)(C)c1ccc(C(=O)CCCN2CCC(OC(c3ccccc3)c3ccccc3)CC2)cc1
1881,6.7447274948966935,nM,CHEMBL305782,Cc1[nH]c(/C=C2\C(=O)Nc3ncnc(Nc4ccc(F)c(Cl)c4)c32)c(C)c1CCC(=O)O
1882,5.721246399047171,nM,CHEMBL306029,Cc1[nH]c2ncnc(Nc3cccc(C(F)(F)F)c3)c2c1C
1883,6.068636235841013,nM,CHEMBL306081,Cc1[nH]c2ncnc(Nc3cccc(Cl)c3)c2c1C
1884,8.221848749616356,nM,CHEMBL306315,Clc1cccc(Nc2ncnc3[nH]c4ccccc4c23)c1
1885,7.026872146400302,nM,CHEMBL306732,CN(C)c1ccc(Nc2ncnc3cc(-c4ccccc4)sc23)cc1
1886,3.301029995663982,nM,CHEMBL306988,CC(=C(C#N)C#N)c1ccc(NC(=O)CCC(=O)O)cc1
1887,6.2441251443275085,nM,CHEMBL307026,Cc1cccc(Nc2ncnc3[nH]c(C)c(C)c23)c1
1888,6.086186147616283,nM,CHEMBL307062,Cc1cccc(Nc2ncnc3[nH]c4c(c23)CCCC4)c1
1889,5.910094888560602,nM,CHEMBL307145,Oc1cccc(O)c1O
1890,7.017728766960432,nM,CHEMBL307209,Clc1cccc(Nc2ncnc3[nH]c(-c4ccccc4)c(-c4ccccc4)c23)c1
1891,3.4881166390211265,nM,CHEMBL307250,COc1cc(/C=C(\C#N)C(=O)O)ccc1O
1892,5.0,nM,CHEMBL307481,O=[N+]([O-])/C=C/c1ccc(O)cc1
1893,5.6777807052660805,nM,CHEMBL307599,Cc1ccc(Nc2ncnc3[nH]c(C)c(C)c23)cc1
1894,3.096910013008057,nM,CHEMBL308048,N#C/C(=C\c1ccc(O)cc1)C(N)=O
1895,2.8239087409443187,nM,CHEMBL308133,O=C(O)C(=Cc1ccc(O)cc1)C(=O)O
1896,2.8538719643217627,nM,CHEMBL308339,N#CC(C#N)=C1C(=O)NC(=O)NC1=O
1897,9.0,nM,CHEMBL308498,CC(C)(CO)NCc1ccc(-c2cc3ncnc(Nc4ccc5[nH]ccc5c4)c3s2)cc1
1898,8.045757490560675,nM,CHEMBL3085374,COc1cc2ncnc(C#C[C@](C)(O)Cc3ccccc3)c2cc1OC
1899,7.481486060122113,nM,CHEMBL3085375,COc1cc2ncnc(C#C[C@@](C)(Cc3ccccc3)N3CCC(C(=O)O)CC3)c2cc1OC
1900,8.522878745280337,nM,CHEMBL3085376,CCN(CC)[C@@](C)(C#Cc1ncnc2cc(OC)c(OC)cc12)Cc1ccccc1
1901,5.136677139879545,nM,CHEMBL3085377,CCN(CC)[C@@](C)(C#Cc1ncnc2cc(OC)c(OC)cc12)c1ccccc1
1902,5.920818753952375,nM,CHEMBL3085378,CCN(CC)[C@@](C)(C#Cc1ncnc2cc(OC)c(OC)cc12)CCc1ccccc1
1903,6.698970004336019,nM,CHEMBL3085379,CCN(CC)[C@@](C)(C#Cc1ncnc2cc(OC)c(OC)cc12)Cc1ccncc1
1904,5.958607314841776,nM,CHEMBL3085380,CCN(CC)[C@@](C)(C#Cc1ncnc2cc(OC)c(OC)cc12)CC1CCCCC1
1905,6.886056647693163,nM,CHEMBL3085381,CCN(CC)[C@@](C)(CCc1ncnc2cc(OC)c(OC)cc12)Cc1ccccc1
1906,6.259637310505757,nM,CHEMBL308582,Cc1[nH]c2ncnc(Nc3cccc(F)c3)c2c1C
1907,6.638272163982407,nM,CHEMBL308593,Cc1[nH]c2ncnc(Nc3cccc(Cl)c3)c2c1-c1ccccc1
1908,8.327902142064282,nM,CHEMBL308645,Cc1cc(CCC(=O)O)[nH]c1/C=C1\C(=O)Nc2ncnc(Nc3ccc(F)c(Cl)c3)c21
1909,6.346787486224656,nM,CHEMBL308672,CCN(CC)CCNC(=O)c1cc(C)c(/C=C2\C(=O)Nc3ncnc(Nc4ccc(Cl)cc4F)c32)[nH]1
1910,7.790484985457369,nM,CHEMBL3087193,C=CC(=O)N1CC[C@H](N2C(=O)N(c3ccccc3)Cc3cnc(Nc4ccc(C5CCN(C)CC5)cc4)nc32)C1
1911,7.384049948343599,nM,CHEMBL3087194,C=CC(=O)N1CC[C@H](N2C(=O)N(c3ccccc3)Cc3cnc(Nc4ccc(CCN5CCN(C)CC5)cc4)nc32)C1
1912,6.6281935414925846,nM,CHEMBL3087197,C=CC(=O)N1CC[C@H](N2C(=O)N(c3ccccc3)Cc3cnc(Nc4ccccc4)nc32)C1
1913,7.231361898752386,nM,CHEMBL3087199,C=CC(=O)N1CC[C@H](N2C(=O)N(C3CCCC3)Cc3cnc(Nc4ccc(N5CCN(C)CC5)cc4OC)nc32)C1
1914,7.367542707815276,nM,CHEMBL3087200,C=CC(=O)N1CC[C@H](N2C(=O)N(C3CCCCC3)Cc3cnc(Nc4ccc(N5CCN(C)CC5)cc4OC)nc32)C1
1915,6.063486257521108,nM,CHEMBL3087201,C=CC(=O)N1CC[C@H](N2C(=O)N(C(C)C)Cc3cnc(Nc4ccc(N5CCN(C)CC5)cc4OC)nc32)C1
1916,6.279840696594043,nM,CHEMBL3087202,C=CC(=O)N1CC[C@H](N2C(=O)N(C)Cc3cnc(Nc4ccc(N5CCN(C)CC5)cc4OC)nc32)C1
1917,6.970210529168145,nM,CHEMBL3087204,C=CC(=O)N1CC[C@@H](N2C(=O)N(Cc3ccccc3)Cc3cnc(Nc4ccc(N5CCN(C)CC5)cc4OC)nc32)C1
1918,8.05551732784983,nM,CHEMBL3087205,C=CC(=O)N1CC[C@H](N2C(=O)N(Cc3ccccc3)Cc3cnc(Nc4ccc(N5CCN(C)CC5)cc4OC)nc32)C1
1919,7.394694953858891,nM,CHEMBL3087206,C=CC(=O)N1CCC[C@@H](N2C(=O)N(Cc3ccccc3)Cc3cnc(Nc4ccc(N5CCN(C)CC5)cc4OC)nc32)C1
1920,6.69015699528393,nM,CHEMBL3087207,C=CC(=O)N1CCC[C@H](N2C(=O)N(Cc3ccccc3)Cc3cnc(Nc4ccc(N5CCN(C)CC5)cc4OC)nc32)C1
1921,6.842845560093719,nM,CHEMBL3087208,C=CC(=O)N1CCC(N2C(=O)N(Cc3ccccc3)Cc3cnc(Nc4ccc(N5CCN(C)CC5)cc4OC)nc32)CC1
1922,6.1496601454165205,nM,CHEMBL3087209,C=CC(=O)NC1CCC(N2C(=O)N(Cc3ccccc3)Cc3cnc(Nc4ccc(N5CCN(C)CC5)cc4OC)nc32)CC1
1923,5.086716098239583,nM,CHEMBL3088218,Cc1ncc([N+](=O)[O-])n1C/C(=N/NC(=O)c1ccncc1)c1ccc(Br)cc1
1924,6.366531544420414,nM,CHEMBL3088219,Cc1ncc([N+](=O)[O-])n1C/C(=N/NC(=O)c1ccc(N)cc1)c1ccc(Br)cc1
1925,6.6777807052660805,nM,CHEMBL3088220,Cc1ncc([N+](=O)[O-])n1C/C(=N/NC(=O)c1ccc(O)cc1)c1ccc(Br)cc1
1926,5.723538195826756,nM,CHEMBL3088221,Cc1ncc([N+](=O)[O-])n1C/C(=N/NC(=O)c1ccccc1N)c1ccc(Br)cc1
1927,5.58838029403677,nM,CHEMBL3088222,Cc1ncc([N+](=O)[O-])n1C/C(=N/NC(=O)c1ccccc1O)c1ccc(Br)cc1
1928,4.904830648568245,nM,CHEMBL3088223,Cc1ncc([N+](=O)[O-])n1C/C(=N/NC(=O)c1ccc(Cl)cc1)c1ccc(Br)cc1
1929,5.212539525481585,nM,CHEMBL3088224,Cc1ccc(C(=O)N/N=C(/Cn2c([N+](=O)[O-])cnc2C)c2ccc(Br)cc2)cc1
1930,4.999132278468774,nM,CHEMBL3088225,Cc1ncc([N+](=O)[O-])n1C/C(=N/NC(=O)c1ccccc1)c1ccc(Br)cc1
1931,5.102372908709559,nM,CHEMBL309016,COc1cc(/C=C/[N+](=O)[O-])ccc1O
1932,5.267606240177031,nM,CHEMBL309075,NCCNC(=O)c1ccc(S(=O)(=O)Oc2ccc(/C=C/[N+](=O)[O-])cc2)cc1
1933,5.7657358756212105,nM,CHEMBL3092300,O=C(Nc1cc2c(Nc3ccc(F)c(Cl)c3)ncnc2cc1O[C@H]1CCOC1)N1CCC2(CC1)OCCO2
1934,6.576754126063193,nM,CHEMBL3092301,O=C(Nc1cc2c(Nc3ccc(F)c(Cl)c3)ncnc2cc1O[C@H]1CCOC1)N1CCC(N2CCCC2)CC1
1935,6.480172006224281,nM,CHEMBL3092303,O=C(Nc1cc2c(Nc3ccc(F)c(Cl)c3)ncnc2cc1O[C@H]1CCOC1)N1CCN(CCO)CC1
1936,6.634512015109101,nM,CHEMBL3092304,C#CCNC(=O)Nc1cc2c(Nc3ccc(F)c(Cl)c3)ncnc2cc1O[C@H]1CCOC1
1937,6.393618634889395,nM,CHEMBL3092305,COC(=O)/C=C/CNC(=O)Nc1cc2c(Nc3ccc(F)c(Cl)c3)ncnc2cc1O[C@H]1CCOC1
1938,6.197226274708024,nM,CHEMBL3092306,CN(C)CCNC(=O)Nc1cc2c(Nc3ccc(F)c(Cl)c3)ncnc2cc1O[C@H]1CCOC1
1939,6.437707135543525,nM,CHEMBL3092307,CCN(CC)CCNC(=O)Nc1cc2c(Nc3ccc(F)c(Cl)c3)ncnc2cc1O[C@H]1CCOC1
1940,7.167491087293763,nM,CHEMBL3092308,O=C(NCCN1CCCC1)Nc1cc2c(Nc3ccc(F)c(Cl)c3)ncnc2cc1O[C@H]1CCOC1
1941,6.782516055786094,nM,CHEMBL3092309,O=C(NCCN1CCCCC1)Nc1cc2c(Nc3ccc(F)c(Cl)c3)ncnc2cc1O[C@H]1CCOC1
1942,7.086186147616283,nM,CHEMBL3092310,O=C(NCCN1CCOCC1)Nc1cc2c(Nc3ccc(F)c(Cl)c3)ncnc2cc1O[C@H]1CCOC1
1943,6.705533773838408,nM,CHEMBL3092311,COCCCNC(=O)Nc1cc2c(Nc3ccc(F)c(Cl)c3)ncnc2cc1O[C@H]1CCOC1
1944,6.2644011003018205,nM,CHEMBL3092312,COC(CCNC(=O)Nc1cc2c(Nc3ccc(F)c(Cl)c3)ncnc2cc1O[C@H]1CCOC1)OC
1945,7.619788758288394,nM,CHEMBL3092313,CN(C)CCCNC(=O)Nc1cc2c(Nc3ccc(F)c(Cl)c3)ncnc2cc1O[C@H]1CCOC1
1946,7.494850021680094,nM,CHEMBL3092314,CCN(CC)CCCNC(=O)Nc1cc2c(Nc3ccc(F)c(Cl)c3)ncnc2cc1O[C@H]1CCOC1
1947,6.55129368009492,nM,CHEMBL3092315,CN(C)CCN(C)C(=O)Nc1cc2c(Nc3ccc(F)c(Cl)c3)ncnc2cc1O[C@H]1CCOC1
1948,6.296708621881338,nM,CHEMBL3092316,CCN(CC)CCN(C)C(=O)Nc1cc2c(Nc3ccc(F)c(Cl)c3)ncnc2cc1O[C@H]1CCOC1
1949,6.333482019445119,nM,CHEMBL3092317,CN(C)CCCN(C)C(=O)Nc1cc2c(Nc3ccc(F)c(Cl)c3)ncnc2cc1O[C@H]1CCOC1
1950,6.265200170411154,nM,CHEMBL3092318,O=C(Nc1cc2c(Nc3ccc(F)c(Cl)c3)ncnc2cc1O[C@H]1CCOC1)N1CC(O)C1
1951,6.014573525916999,nM,CHEMBL3092319,O=C(Nc1cc2c(Nc3ccc(F)c(Cl)c3)ncnc2cc1O[C@H]1CCOC1)N1CC(F)C1
1952,5.801068130067791,nM,CHEMBL3092320,O=C(Nc1cc2c(Nc3ccc(F)c(Cl)c3)ncnc2cc1O[C@H]1CCOC1)N1CCC(F)(F)C1
1953,6.333482019445119,nM,CHEMBL3092321,CN1CCN(C(=O)Nc2cc3c(Nc4ccc(F)c(Cl)c4)ncnc3cc2O[C@H]2CCOC2)CC1
1954,7.568636235841013,nM,CHEMBL3092322,O=C(NCCO)Nc1cc2c(Nc3ccc(F)c(Cl)c3)ncnc2cc1O[C@H]1CCOC1
1955,6.319664486585437,nM,CHEMBL3092323,COCCNC(=O)Nc1cc2c(Nc3ccc(F)c(Cl)c3)ncnc2cc1O[C@H]1CCOC1
1956,7.387216143280264,nM,CHEMBL3092324,CS(=O)(=O)CCNC(=O)Nc1cc2c(Nc3ccc(F)c(Cl)c3)ncnc2cc1O[C@H]1CCOC1
1957,5.79048498545737,nM,CHEMBL309276,O=C(O)CCC1C(S)=Nc2ccccc21
1958,4.769551078621726,nM,CHEMBL309392,C[C@@H](NC(=O)c1ccc(S(=O)(=O)Oc2ccc(/C=C/[N+](=O)[O-])cc2)cc1)C(=O)N[C@H](C)C(=O)NCCN
1959,4.221848749616357,nM,CHEMBL309625,N#CC(C#N)=C(N)/C(C#N)=C/c1ccc(O)c([N+](=O)[O-])c1
1960,4.172630726946175,nM,CHEMBL3098312,COc1cc2nc(Cl)nc(Nc3ccc(S(=O)(=O)N(C)C)cc3)c2cc1OC
1961,4.73754891026957,nM,CHEMBL3098313,CN(C)S(=O)(=O)c1ccc(Nc2nc(Cl)nc3cc4c(cc23)OCO4)cc1
1962,4.211124884224584,nM,CHEMBL3098315,COc1cc2nc(Cl)nc(Nc3ccc(S(C)(=O)=O)cc3)c2cc1OC
1963,5.6252516539898965,nM,CHEMBL3098317,COc1cc2nc(Cl)nc(Nc3ccc(S(N)(=O)=O)cc3)c2cc1OC
1964,4.460923901207224,nM,CHEMBL3098318,NS(=O)(=O)c1ccc(Nc2nc(Cl)nc3cc4c(cc23)OCO4)cc1
1965,4.443697499232713,nM,CHEMBL3098319,COc1cc2nc(Cl)nc(Nc3ccc(N(C)C)cc3)c2cc1OC
1966,5.787812395596042,nM,CHEMBL3098321,CNS(=O)(=O)c1ccc(Nc2nc(Cl)nc3cc(OC)c(OC)cc23)cc1
1967,5.366531544420414,nM,CHEMBL3098322,COc1cc2nc(Cl)nc(Nc3ccc(O)cc3)c2cc1OC
1968,6.045757490560675,nM,CHEMBL3098325,COc1cc2nc(Cl)nc(Nc3ccc(C(N)=O)cc3)c2cc1OC
1969,4.424812155072339,nM,CHEMBL3098326,COc1cc2nc(Cl)nc(Nc3ccc(NC(C)=O)cc3)c2cc1OC
1970,2.886056647693164,nM,CHEMBL309866,N#C/C(=C\c1ccc([N+](=O)[O-])cc1)C(=O)O
1971,4.11069829749369,nM,CHEMBL309937,CCc1ccc(Nc2ncnc3[nH]c(C)c(C)c23)cc1
1972,6.327902142064283,nM,CHEMBL310580,C=C(CN(C)C)C(=O)c1ccc(OS(=O)(=O)c2ccc(C(=O)O)c(O)c2)cc1
1973,8.698970004336019,nM,CHEMBL310740,OCCNCc1ccc(-c2cc3nccc(Nc4ccc5[nH]ccc5c4)c3s2)cc1
1974,8.301029995663981,nM,CHEMBL310827,Cc1c[nH]c2ccc(Nc3ncnc4cc(-c5ccccc5)sc34)cc12
1975,9.0,nM,CHEMBL310853,c1csc(-c2cc3nccc(Nc4ccc5[nH]ccc5c4)c3s2)c1
1976,3.6478174818886377,nM,CHEMBL310958,N#CC(C#N)=NNc1ccc(O)cc1
1977,8.154901959985743,nM,CHEMBL311109,NC(=O)C1CCN(Cc2ccc(-c3cc4ncnc(Nc5ccc6[nH]ccc6c5)c4s3)cc2)CC1
1978,5.903089986991944,nM,CHEMBL311111,Cc1cc2cc(Nc3ccnc4cc(-c5ccc(CN6CCOCC6)cc5)sc34)ccc2[nH]1
1979,8.0,nM,CHEMBL311129,Cc1c(-c2ccccc2)[nH]c2ncnc(Nc3cccc(Cl)c3)c12
1980,5.154901959985743,nM,CHEMBL311133,C[C@@H](NC(=O)[C@@H](C)NC(=O)c1ccc(S(=O)(=O)Oc2ccc(/C=C/[N+](=O)[O-])cc2)cc1)C(=O)O
1981,8.301029995663981,nM,CHEMBL3114686,C#Cc1cccc(Nc2ncnc3cc4c(cc23)N(C(=O)/C=C/CN2CCCCC2C)CCO4)c1
1982,8.301029995663981,nM,CHEMBL3114687,C#Cc1cccc(Nc2ncnc3cc4c(cc23)N(C(=O)/C=C/CN(CC)CC)CCO4)c1
1983,8.397940008672037,nM,CHEMBL3114688,C#Cc1cccc(Nc2ncnc3cc4c(cc23)N(C(=O)/C=C/CN2CCCCC2)CCO4)c1
1984,7.795880017344075,nM,CHEMBL3114689,C#Cc1cccc(Nc2ncnc3cc4c(cc23)N(C(=O)/C=C/CN2CCN(C)CC2)CCO4)c1
1985,8.522878745280337,nM,CHEMBL3114690,C#Cc1cccc(Nc2ncnc3cc4c(cc23)N(C(=O)/C=C/CN(C)C)CCO4)c1
1986,7.920818753952375,nM,CHEMBL3114699,C#Cc1cccc(Nc2ncnc3cc4c(cc23)N(C(=O)/C=C/CN2CCOCC2)CCO4)c1
1987,8.522878745280337,nM,CHEMBL3114700,C#Cc1cccc(Nc2ncnc3cc4c(cc23)N(C(=O)/C=C/CN2CCCC2)CCO4)c1
1988,8.301029995663981,nM,CHEMBL3114701,C#Cc1cccc(Nc2ncnc3cc4c(cc23)N(C(=O)/C=C/CN2CCC(C)CC2)CCO4)c1
1989,3.346787486224657,nM,CHEMBL311564,COc1ccc(C(O)=C(C#N)C#N)cc1
1990,4.397940008672038,nM,CHEMBL312451,C[C@@H](NC(=O)c1ccc(S(=O)(=O)Oc2ccc(/C=C/[N+](=O)[O-])cc2)cc1)C(=O)N[C@H](C)C(=O)OC(C)(C)C
1991,7.522878745280337,nM,CHEMBL312482,c1cc(Nc2ccc3[nH]ccc3c2)c2sc(-c3ccc(CN4CCOCC4)cc3)cc2n1
1992,9.0,nM,CHEMBL312753,OCc1ccc(-c2cc3ncnc(Nc4ccc5[nH]ccc5c4)c3s2)cc1
1993,8.721246399047171,nM,CHEMBL31276,CN(C)C/C=C/C(=O)Nc1cc2c(Nc3cccc(Br)c3)c(C#N)cnc2cn1
1994,9.0,nM,CHEMBL312818,c1ccc(CCCN(c2cc3ncnc(Nc4ccc5[nH]ccc5c4)c3s2)n2ccnc2)cc1
1995,9.10790539730952,nM,CHEMBL31326,C=CC(=O)Nc1cc2c(Nc3cccc(Br)c3)ncnc2cc1SCCCN(CC)CC
1996,8.060739102249396,nM,CHEMBL3132872,C=CC(=O)Nc1ccc2ncnc(Nc3ccc(Br)cc3F)c2c1
1997,7.086186147616283,nM,CHEMBL3133752,COc1cc2ncnc(Nc3cccc(NC(=O)Nc4ccc(Cl)c(C(F)(F)F)c4)c3)c2cc1OCCCN1CCOCC1
1998,5.628932137728264,nM,CHEMBL3133754,COc1cc2ncnc(Nc3cccc(NC(=O)Nc4cccc(C)c4)c3)c2cc1OCCCN1CCOCC1
1999,5.479516467259209,nM,CHEMBL3133755,O=C(Nc1cccc(Nc2ncnc3cc(OCCCN4CCOCC4)ccc23)c1)Nc1ccc(F)c(Cl)c1
2000,7.00436480540245,nM,CHEMBL3133756,O=C(Nc1cccc(Nc2ncnc3cc(OCCCN4CCN(CCO)CC4)ccc23)c1)Nc1ccc(Cl)c(C(F)(F)F)c1
2001,6.72584215073632,nM,CHEMBL3133757,CCN(CCO)CCCOc1ccc2c(Nc3cccc(NC(=O)Nc4ccc(Cl)c(C(F)(F)F)c4)c3)ncnc2c1
2002,6.782516055786094,nM,CHEMBL3133758,CCN(CCO)CCCOc1ccc2c(Nc3cccc(NC(=O)Nc4ccc(F)c(Cl)c4)c3)ncnc2c1
2003,6.568636235841012,nM,CHEMBL3133821,Oc1cccc(Nc2ccnc3[nH]c4ccccc4c23)c1
2004,5.357535479757879,nM,CHEMBL3133893,C=CC(=O)Nc1ccc2ncnc(Nc3ccc(S(=O)(=O)Nc4ccccn4)cc3)c2c1
2005,5.552841968657781,nM,CHEMBL3133894,C=CC(=O)Nc1ccc2ncnc(NC3CCCCC3)c2c1
2006,6.552841968657781,nM,CHEMBL3133895,C=CC(=O)N1CCc2c(sc3ncnc(Nc4cccc(C)c4F)c23)C1
2007,5.430626090384955,nM,CHEMBL3133896,C=CC(=O)N1CCc2c(sc3ncnc(Nc4ccc(Br)cc4F)c23)C1
2008,5.356547323513812,nM,CHEMBL3133897,C=CC(=O)N1CCc2c(sc3ncnc(Nc4ccc(Br)c(C)c4)c23)C1
2009,5.058985756294431,nM,CHEMBL3133898,C=CC(=O)N1CCc2c(sc3ncnc(Nc4cccc(CC)c4)c23)C1
2010,6.886056647693163,nM,CHEMBL3133899,C=CC(=O)N1CCc2c(sc3ncnc(Nc4ccc(CC)cc4)c23)C1
2011,5.657577319177794,nM,CHEMBL3133901,C=CC(=O)Nc1ccc2ncnc(Nc3c(F)cccc3Br)c2c1
2012,5.657577319177794,nM,CHEMBL3133902,C=CC(=O)Nc1ccc2ncnc(Nc3ccc(Br)cc3C)c2c1
2013,5.638272163982407,nM,CHEMBL3133903,C=CC(=O)Nc1ccc2ncnc(Nc3ccc(Br)c(C)c3)c2c1
2014,7.323908740944319,nM,CHEMBL3133904,C=CC(=O)Nc1ccc2ncnc(Nc3cccc(C)c3F)c2c1
2015,5.6020599913279625,nM,CHEMBL3133905,C=CC(=O)Nc1ccc2ncnc(Nc3ccc(Br)c(OC)c3)c2c1
2016,6.031050319018657,nM,CHEMBL3133906,C=CC(=O)Nc1ccc2ncnc(Nc3ccc(OC)cc3OC)c2c1
2017,5.698970004336019,nM,CHEMBL3133907,C=CC(=O)Nc1ccc2ncnc(Nc3ccccc3CC)c2c1
2018,6.560667306169737,nM,CHEMBL3133908,C=CC(=O)Nc1ccc2ncnc(Nc3cccc(CC)c3)c2c1
2019,5.494850021680094,nM,CHEMBL3133909,C=CC(=O)Nc1ccc2ncnc(Nc3ccc(CC)cc3)c2c1
2020,4.116338564846383,nM,CHEMBL3133910,C=CC(=O)Nc1ccc2ncnc(Nc3ccc(S(N)(=O)=O)cc3)c2c1
2021,4.2732727909734285,nM,CHEMBL3133911,C=CC(=O)Nc1ccc2ncnc(Nc3ccc(S(=O)(=O)NC(=N)N)cc3)c2c1
2022,4.359518563029578,nM,CHEMBL3133912,C=CC(=O)Nc1ccc2ncnc(Nc3ccc(S(=O)(=O)Nc4nccs4)cc3)c2c1
2023,5.668572703479257,nM,CHEMBL3134612,COc1cc(Nc2nccc(-c3ccc(Cl)cc3)n2)cc(OC)c1OC
2024,7.568636235841013,nM,CHEMBL31369,C=CC(=O)Nc1ccc2ncnc(Nc3ccc(OCCN(C)C)c(Br)c3)c2c1
2025,9.1249387366083,nM,CHEMBL31373,C=CC(=O)Nc1ccc2ncnc(Nc3ccc(F)c(Cl)c3)c2c1
2026,4.356547323513813,nM,CHEMBL314146,CCc1ccc(/C=C2\C(=O)Nc3ccccc32)s1
2027,8.443697499232712,nM,CHEMBL31419,C=CC(=O)Nc1cc2c(Nc3cccc(Br)c3)ncnc2cc1OCCCN1CCOCC1
2028,9.013228265733757,nM,CHEMBL31570,C=CC(=O)Nc1nc2c(Nc3ccc(F)c(Cl)c3)ncnc2cc1OCCOC
2029,8.4089353929735,nM,CHEMBL31588,C=CC(=O)Nc1cc2c(Nc3cccc(Br)c3)ncnc2cc1OCCCCN(C)C
2030,7.130768280269024,nM,CHEMBL316127,O=C(/C=C/CN1CCOCC1)Nc1ccc2ncnc(Nc3cccc(Br)c3)c2c1
2031,7.698970004336019,nM,CHEMBL31630,C=CC(=O)N(C)c1nc2c(Nc3ccc(F)c(Cl)c3)ncnc2cc1OCCCN1CCOCC1
2032,8.823908740944319,nM,CHEMBL31656,C=CC(=O)Nc1nc2c(Nc3ccc(F)c(Cl)c3)ncnc2cc1OCCCN1CCOCC1
2033,5.202995747738672,nM,CHEMBL31745,CC#CC(=O)Nc1cnc2ncc(C#N)c(Nc3cccc(Br)c3)c2c1
2034,9.173925197299171,nM,CHEMBL317925,COc1cc2ncnc(Nc3cccc(Br)c3)c2c(OC)c1OC
2035,9.3767507096021,nM,CHEMBL31815,C=CC(=O)Nc1ccc2ncnc(Nc3cccc(C)c3)c2c1
2036,9.022276394711152,nM,CHEMBL31816,C=CC(=O)Nc1nc2c(Nc3ccc(F)c(Cl)c3)ncnc2cc1OC
2037,6.978810700930062,nM,CHEMBL318736,CCCCOc1cc2ncnc(Nc3cccc(Br)c3)c2cc1OCCCC
2038,6.4812229310732254,nM,CHEMBL31876,CC#CC(=O)Nc1ccc2ncc(C#N)c(Nc3ccc(F)c(Cl)c3)c2c1
2039,5.997833938243493,nM,CHEMBL319244,O=C(/C=C/c1ccc(O)c(O)c1)OCCc1ccccc1
2040,5.567030709125595,nM,CHEMBL319540,Cc1c(C)n(-c2ccccc2)c2ncnc(N)c12
2041,6.130000141365475,nM,CHEMBL320479,COc1cc2ncc(C#N)c(Nc3cccc(F)c3)c2cc1OC
2042,7.180456064458132,nM,CHEMBL320705,COc1ccccc1Nc1ncc2cc(-c3c(Cl)cccc3Cl)c(=O)n(C)c2n1
2043,8.769551078621726,nM,CHEMBL32079,C=CC(=O)Nc1cc2c(Nc3ccc(F)c(Cl)c3)ncnc2cc1OCCOCCCCO
2044,6.823908740944319,nM,CHEMBL321193,Cn1c(=O)c(-c2c(Cl)cccc2Cl)cc2cnc(Nc3cccc(O)c3)nc21
2045,5.718966632752273,nM,CHEMBL3216254,CN(C)c1ccc(CCCCCn2c3c(c4cc(OCCc5ccc(O)cc5)ccc42)CC(N)CC3)cc1.Cl.Cl
2046,5.642065152999546,nM,CHEMBL3216699,Cl.Cl.NC1CCc2c(c3cc(OCCc4ccc(O)cc4)ccc3n2CCCCCc2ccccn2)C1
2047,7.481486060122113,nM,CHEMBL3217993,Nc1ccccc1NC(=O)c1ccc(COc2ccc3ncnc(Nc4cccc(Br)c4)c3c2)cc1
2048,7.10790539730952,nM,CHEMBL3218000,C#Cc1cccc(Nc2ncnc3ccc(OCc4ccc(C(=O)Nc5ccccc5N)cc4)cc23)c1
2049,5.920818753952375,nM,CHEMBL3218002,C#Cc1cccc(Nc2ncnc3ccc(S(=O)(=O)n4ccc(/C=C/C(=O)NO)c4)cc23)c1
2050,8.267606240177031,nM,CHEMBL3218346,C=CC(=O)Nc1cccc(Nc2cc(Nc3cccc(Br)c3)ncn2)c1
2051,6.866461091629782,nM,CHEMBL3218347,CCC(=O)Nc1cccc(Nc2cc(Nc3cccc(Br)c3)ncn2)c1
2052,6.187086643357144,nM,CHEMBL3218424,OB(O)c1ccc2ncnc(Nc3cccc(Cl)c3)c2c1
2053,8.610833915635467,nM,CHEMBL3219127,C=CC(=O)Nc1cccc(N2C(=O)C3CCCCN3C(=O)c3cnc(Nc4ccc(N5CCN(C)CC5)cc4OC)nc32)c1
2054,7.113001954328901,nM,CHEMBL3219131,C=CC(=O)Nc1cccc(N2C(=O)C(c3ccccc3)N(C)C(=O)c3cnc(Nc4ccc(N5CCN(C)CC5)cc4OC)nc32)c1
2055,8.163675884293248,nM,CHEMBL3219132,C=CC(=O)Nc1cccc(N2C(=O)CN(c3ccccc3)C(=O)c3cnc(Nc4ccc(N5CCN(C)CC5)cc4OC)nc32)c1
2056,8.329754146925875,nM,CHEMBL3219133,C=CC(=O)Nc1cccc(N2C(=O)C(Cc3ccccc3)N(C)C(=O)c3cnc(Nc4ccc(N5CCN(C)CC5)cc4OC)nc32)c1
2057,7.469160221383479,nM,CHEMBL3219134,C=CC(=O)Nc1cccc(N2C(=O)C(Cc3ccc(OC)cc3)N(C)C(=O)c3cnc(Nc4ccc(N5CCN(C)CC5)cc4OC)nc32)c1
2058,7.460046158343603,nM,CHEMBL3219135,C=CC(=O)Nc1cccc(N2C(=O)C(Cc3ccc(Cl)cc3)N(C)C(=O)c3cnc(Nc4ccc(N5CCN(C)CC5)cc4OC)nc32)c1
2059,8.23807216157947,nM,CHEMBL3219347,C=CC(=O)Nc1cccc(N2C(=O)C(Cc3ccc(F)cc3)N(C)C(=O)c3cnc(Nc4ccc(N5CCN(C)CC5)cc4OC)nc32)c1
2060,8.20342566678957,nM,CHEMBL3219348,C=CC(=O)Nc1cccc(N2C(=O)CN(Cc3ccccc3)C(=O)c3cnc(Nc4ccc(N5CCN(C)CC5)cc4OC)nc32)c1
2061,6.309803919971486,nM,CHEMBL3219502,COc1cc2ncnc(Nc3cccc(Cl)c3)c2cc1B1OC(C)(C)C(C)(C)O1
2062,6.2839966563652006,nM,CHEMBL3219503,COc1cc2ncnc(Nc3ccc(F)c(Cl)c3)c2cc1B1OC(C)(C)C(C)(C)O1
2063,6.229147988357856,nM,CHEMBL3219504,CC1(C)OB(c2ccc3ncnc(Nc4cccc(Cl)c4)c3c2)OC1(C)C
2064,6.2441251443275085,nM,CHEMBL3219505,CC1(C)OB(c2ccc3ncnc(Nc4ccc(F)c(Cl)c4)c3c2)OC1(C)C
2065,6.096910013008056,nM,CHEMBL3219506,OB(O)c1ccc2ncnc(Nc3ccc(F)c(Cl)c3)c2c1
2066,6.337242168318426,nM,CHEMBL3219507,COc1cc2ncnc(Nc3cccc(Cl)c3)c2cc1B(O)O
2067,6.292429823902064,nM,CHEMBL3219508,COc1cc2ncnc(Nc3ccc(F)c(Cl)c3)c2cc1B(O)O
2068,5.768530409569319,nM,CHEMBL322066,COc1cc(Nc2nccc(-c3ccc(N4CCNCC4)nc3)n2)cc(OC)c1OC
2069,6.0,nM,CHEMBL3221258,CCCOC(=O)Nc1ccc(Nc2ncnc3cc(OC)c(OC)cc23)cc1Cl.Cl
2070,5.193820026016113,nM,CHEMBL3221259,CCCCOC(=O)Nc1ccc(Nc2ncnc3cc(OC)c(OC)cc23)cc1Cl.Cl
2071,5.096910013008056,nM,CHEMBL3221541,CCOC(=O)Nc1ccc(Nc2ncnc3cc(OCCN4CCOCC4)c(OC)cc23)cc1C.Cl
2072,5.408935392973501,nM,CHEMBL3221542,CCCOc1cc2ncnc(Nc3ccc(NC(=O)OCC)c(C)c3)c2cc1OC.Cl
2073,5.070581074285707,nM,CHEMBL3221546,CCOC(=O)Nc1ccc(Nc2ncnc3cc(OCCN4CCOCC4)c(OC)cc23)cc1Cl.Cl
2074,5.259637310505757,nM,CHEMBL3221547,CCCOc1cc2ncnc(Nc3ccc(NC(=O)OCC)c(Cl)c3)c2cc1OC.Cl
2075,5.008773924307505,nM,CHEMBL3221548,CCCCOc1cc2c(Nc3ccc(NC(=O)OCC)c(Cl)c3)ncnc2cc1OCCN(CC)CC.Cl
2076,5.151810883008602,nM,CHEMBL3221550,CCCOC(=O)Nc1ccc(Nc2ncnc3cc(OC)c(OC)cc23)cc1.Cl
2077,6.096910013008056,nM,CHEMBL3221551,CCCCOC(=O)Nc1ccc(Nc2ncnc3cc(OC)c(OC)cc23)cc1.Cl
2078,5.3979400086720375,nM,CHEMBL3221552,COC(=O)Nc1ccc(Nc2ncnc3cc(OC)c(OC)cc23)cc1C.Cl
2079,5.142667503568732,nM,CHEMBL3221553,COC(=O)Nc1cc(Nc2ncnc3cc(OC)c(OC)cc23)ccc1C.Cl
2080,6.045757490560675,nM,CHEMBL3221554,CCOC(=O)Nc1ccc(Nc2ncnc3cc(OC)c(OC)cc23)cc1C.Cl
2081,5.301029995663981,nM,CHEMBL3221555,CCOC(=O)Nc1cc(Nc2ncnc3cc(OC)c(OC)cc23)ccc1C.Cl
2082,6.045757490560675,nM,CHEMBL3221556,CCCOC(=O)Nc1ccc(Nc2ncnc3cc(OC)c(OC)cc23)cc1C.Cl
2083,5.119186407719209,nM,CHEMBL3221557,CCCCOC(=O)Nc1ccc(Nc2ncnc3cc(OC)c(OC)cc23)cc1C.Cl
2084,5.211124884224583,nM,CHEMBL3221558,COC(=O)Nc1ccc(Nc2ncnc3cc(OC)c(OC)cc23)cc1Cl.Cl
2085,6.0,nM,CHEMBL3221560,CCOC(=O)Nc1ccc(Nc2ncnc3cc(OC)c(OC)cc23)cc1Cl.Cl
2086,6.045757490560675,nM,CHEMBL3221561,CCOC(=O)Nc1cc(Nc2ncnc3cc(OC)c(OC)cc23)ccc1Cl.Cl
2087,6.698970004336019,nM,CHEMBL322298,CCn1c(=O)c(-c2c(Cl)cccc2Cl)cc2cnc(Nc3ccccc3)nc21
2088,5.522878745280338,nM,CHEMBL322395,COc1cc(Nc2c(C#N)cnc3cc(-c4ccc(CN5CCOCC5)cc4)ccc23)c(Cl)cc1Cl
2089,8.154901959985743,nM,CHEMBL3233020,O=C(/C=C/CN1CC2(COC2)C1)Nc1cc2c(Nc3ccc(F)c(Cl)c3)ncnc2s1
2090,5.301290650557413,nM,CHEMBL3233759,COC(=O)CC(=O)Nc1cc2c(Nc3ccc(F)c(Cl)c3)ncnc2s1
2091,6.097453220686009,nM,CHEMBL3233761,CN(C)CCCC(=O)Nc1cc2c(Nc3ccc(F)c(Cl)c3)ncnc2s1
2092,5.36794783329419,nM,CHEMBL3233762,CN(C)CCN(C)CC(=O)Nc1cc2c(Nc3ccc(F)c(Cl)c3)ncnc2s1
2093,5.769806621130955,nM,CHEMBL3233763,CN(C)CCCN(C)CC(=O)Nc1cc2c(Nc3ccc(F)c(Cl)c3)ncnc2s1
2094,6.266000713461613,nM,CHEMBL3233764,O=C(CN1CCC(CCO)CC1)Nc1cc2c(Nc3ccc(F)c(Cl)c3)ncnc2s1
2095,5.468648835416941,nM,CHEMBL3233765,CN1CCN(CC(=O)Nc2cc3c(Nc4ccc(F)c(Cl)c4)ncnc3s2)CC1
2096,6.113509274827519,nM,CHEMBL3233766,O=C(CN1CCN(CCO)CC1)Nc1cc2c(Nc3ccc(F)c(Cl)c3)ncnc2s1
2097,7.795880017344075,nM,CHEMBL3233767,C=CC(=O)Nc1cc2c(Nc3ccc(F)c(Cl)c3)ncnc2s1
2098,5.192871044407578,nM,CHEMBL3233768,C/C=C(\C)C(=O)Nc1cc2c(Nc3ccc(F)c(Cl)c3)ncnc2s1
2099,5.746661994673894,nM,CHEMBL3233769,C=CCOC(=O)Nc1cc2c(Nc3ccc(F)c(Cl)c3)ncnc2s1
2100,7.397940008672037,nM,CHEMBL3233770,O=C(CCl)Nc1cc2c(Nc3ccc(F)c(Cl)c3)ncnc2s1
2101,8.301029995663981,nM,CHEMBL3233771,COCCNC/C=C/C(=O)Nc1cc2c(Nc3ccc(F)c(Cl)c3)ncnc2s1
2102,9.154901959985745,nM,CHEMBL3233772,CN(C)CCCNC/C=C/C(=O)Nc1cc2c(Nc3ccc(F)c(Cl)c3)ncnc2s1
2103,8.522878745280337,nM,CHEMBL3233773,CS(=O)(=O)CCNC/C=C/C(=O)Nc1cc2c(Nc3ccc(F)c(Cl)c3)ncnc2s1
2104,8.0,nM,CHEMBL3233774,O=C(/C=C/CNCC1COC1)Nc1cc2c(Nc3ccc(F)c(Cl)c3)ncnc2s1
2105,8.096910013008056,nM,CHEMBL3233776,O=C(/C=C/CNCc1ncccn1)Nc1cc2c(Nc3ccc(F)c(Cl)c3)ncnc2s1
2106,7.619788758288394,nM,CHEMBL3233777,CN(C)C/C=C/C(=O)Nc1cc2c(Nc3ccc(F)c(Cl)c3)ncnc2s1
2107,8.096910013008056,nM,CHEMBL3233778,CCN(CC)C/C=C/C(=O)Nc1cc2c(Nc3ccc(F)c(Cl)c3)ncnc2s1
2108,8.698970004336019,nM,CHEMBL3233779,COC(CN(C)C/C=C/C(=O)Nc1cc2c(Nc3ccc(F)c(Cl)c3)ncnc2s1)OC
2109,6.856985199745905,nM,CHEMBL3233780,CCN(CC)CCN(C)C/C=C/C(=O)Nc1cc2c(Nc3ccc(F)c(Cl)c3)ncnc2s1
2110,7.031517051446065,nM,CHEMBL3233781,CN(C)CCCN(C)C/C=C/C(=O)Nc1cc2c(Nc3ccc(F)c(Cl)c3)ncnc2s1
2111,7.552841968657781,nM,CHEMBL3233783,O=C(/C=C/CN1CCC(F)(F)C1)Nc1cc2c(Nc3ccc(F)c(Cl)c3)ncnc2s1
2112,8.698970004336019,nM,CHEMBL3233784,O=C(/C=C/CN1CCCCC1)Nc1cc2c(Nc3ccc(F)c(Cl)c3)ncnc2s1
2113,9.045757490560677,nM,CHEMBL3233785,O=C(/C=C/CN1CC2CCC1C(=O)C2)Nc1cc2c(Nc3ccc(F)c(Cl)c3)ncnc2s1
2114,8.397940008672037,nM,CHEMBL3233786,O=C(/C=C/CN1CCC(F)CC1)Nc1cc2c(Nc3ccc(F)c(Cl)c3)ncnc2s1
2115,8.397940008672037,nM,CHEMBL3233787,O=C(/C=C/CN1CCC(F)(F)CC1)Nc1cc2c(Nc3ccc(F)c(Cl)c3)ncnc2s1
2116,7.744727494896694,nM,CHEMBL3233788,CSC1CCN(C/C=C/C(=O)Nc2cc3c(Nc4ccc(F)c(Cl)c4)ncnc3s2)CC1
2117,8.522878745280337,nM,CHEMBL3233789,CN1CCN(C/C=C/C(=O)Nc2cc3c(Nc4ccc(F)c(Cl)c4)ncnc3s2)CC1
2118,8.397940008672037,nM,CHEMBL3233790,CCN1CCN(C/C=C/C(=O)Nc2cc3c(Nc4ccc(F)c(Cl)c4)ncnc3s2)CC1
2119,8.698970004336019,nM,CHEMBL3233791,CC(C)N1CCN(C/C=C/C(=O)Nc2cc3c(Nc4ccc(F)c(Cl)c4)ncnc3s2)CC1
2120,8.522878745280337,nM,CHEMBL3233792,O=C(/C=C/CN1CCOCC1)Nc1cc2c(Nc3ccc(F)c(Cl)c3)ncnc2s1
2121,8.154901959985743,nM,CHEMBL3233793,O=C(/C=C/CN1CCS(=O)(=O)CC1)Nc1cc2c(Nc3ccc(F)c(Cl)c3)ncnc2s1
2122,5.6657473576657695,nM,CHEMBL3233794,O=C(/C=C/CN1CC2(CCOCC2)C1)Nc1cc2c(Nc3ccc(F)c(Cl)c3)ncnc2s1
2123,8.698970004336019,nM,CHEMBL3233795,O=C(/C=C/CN1CCC2(CC1)OCCO2)Nc1cc2c(Nc3ccc(F)c(Cl)c3)ncnc2s1
2124,6.639993867770902,nM,CHEMBL323424,COc1cc2ncc(C#N)c(Nc3ccc(C(C)C)cc3)c2cc1OC
2125,6.259637310505757,nM,CHEMBL3234736,Cc1ccc(C(=O)Nc2ccc(CN3CCN(C)CC3)c(C(F)(F)F)c2)cc1NC(=O)c1cccnc1
2126,6.2403321553103694,nM,CHEMBL3234737,Cc1ccc(C(=O)Nc2ccc(CN3CCN(C)CC3)c(C(F)(F)F)c2)cc1NC(=O)c1ccccn1
2127,5.408935392973501,nM,CHEMBL3234740,Cc1ccc(C(=O)Nc2ccc(CN3CCN(C)CC3)c(C(F)(F)F)c2)cc1NC(=O)c1cnccn1
2128,5.716698771296451,nM,CHEMBL3234741,Cc1ccc(C(=O)Nc2ccc(CN3CCN(C)CC3)c(C(F)(F)F)c2)cc1NC(=O)c1cncnc1
2129,7.366531544420414,nM,CHEMBL3234742,Cc1ccc(C(=O)Nc2ccc(CN3CCN(C)CC3)c(C(F)(F)F)c2)cc1NC(=O)c1cnc(N)nc1
2130,5.876148359032914,nM,CHEMBL3234743,Cc1ccc(C(=O)Nc2ccc(CN3CCN(C)CC3)c(C(F)(F)F)c2)cc1NC(=O)c1ccc(O)nc1
2131,6.920818753952375,nM,CHEMBL3234744,CNc1ncc(C(=O)Nc2cc(C(=O)Nc3ccc(CN4CCN(C)CC4)c(C(F)(F)F)c3)ccc2C)cn1
2132,6.886056647693163,nM,CHEMBL3234745,CCNc1ncc(C(=O)Nc2cc(C(=O)Nc3ccc(CN4CCN(C)CC4)c(C(F)(F)F)c3)ccc2C)cn1
2133,7.366531544420414,nM,CHEMBL3234746,Cc1ccc(C(=O)Nc2ccc(CN3CCN(C)CC3)c(C(F)(F)F)c2)cc1NC(=O)c1cnc(NC(C)C)nc1
2134,7.356547323513813,nM,CHEMBL3234747,Cc1ccc(C(=O)Nc2ccc(CN3CCN(C)CC3)c(C(F)(F)F)c2)cc1NC(=O)c1cnc(NC2CC2)nc1
2135,7.481486060122113,nM,CHEMBL3234748,Cc1ccc(C(=O)Nc2ccc(CN3CCN(C)CC3)c(C(F)(F)F)c2)cc1NC(=O)c1cnc(NC2CCCC2)nc1
2136,7.327902142064283,nM,CHEMBL3234749,Cc1ccc(C(=O)Nc2ccc(CN3CCN(C)CC3)c(C(F)(F)F)c2)cc1NC(=O)c1cnc(NC2CCCCC2)nc1
2137,8.221848749616356,nM,CHEMBL3234750,Cc1ccc(C(=O)Nc2ccc(CN3CCN(C)CC3)c(C(F)(F)F)c2)cc1NC(=O)c1cnc(Nc2ccccc2)nc1
2138,5.2564902352715706,nM,CHEMBL3234751,Cc1ccc(C(=O)Nc2ccc(CN3CCN(C)CC3)c(C(F)(F)F)c2)cc1NC(=O)c1cnc(N(C)C)nc1
2139,8.096910013008056,nM,CHEMBL3234752,Cc1ccc(C(=O)Nc2ccc(CN3CCN(C)CC3)c(C(F)(F)F)c2)cc1NC(=O)c1cnc2[nH]ccc2c1
2140,7.522878745280337,nM,CHEMBL3234753,Cc1ccc(C(=O)Nc2ccc(CN3CCN(C)CC3)c(C(F)(F)F)c2)cc1NC(=O)c1cnc2[nH]ncc2c1
2141,6.167491087293764,nM,CHEMBL3234755,CN1CCN(Cc2ccc(NC(=O)c3cccc(NC(=O)c4cnc5[nH]ccc5c4)c3)cc2C(F)(F)F)CC1
2142,7.00436480540245,nM,CHEMBL3234756,CCc1ccc(C(=O)Nc2ccc(CN3CCN(C)CC3)c(C(F)(F)F)c2)cc1NC(=O)c1cnc2[nH]ccc2c1
2143,6.795880017344075,nM,CHEMBL3234757,CC(C)c1ccc(C(=O)Nc2ccc(CN3CCN(C)CC3)c(C(F)(F)F)c2)cc1NC(=O)c1cnc2[nH]ccc2c1
2144,4.985059650207064,nM,CHEMBL3234864,Cc1ncc([N+](=O)[O-])n1CC(=O)N/N=C/c1cc2ccccc2nc1Oc1ccccc1
2145,5.115204636051019,nM,CHEMBL3234865,Cc1ccc(Oc2nc3ccccc3cc2/C=N/NC(=O)Cn2c([N+](=O)[O-])cnc2C)cc1
2146,6.568636235841012,nM,CHEMBL3234866,COc1ccc(Oc2nc3ccccc3cc2/C=N/NC(=O)Cn2c([N+](=O)[O-])cnc2C)cc1
2147,6.431798275933005,nM,CHEMBL3234867,Cc1ncc([N+](=O)[O-])n1CC(=O)N/N=C/c1cc2ccccc2nc1Oc1ccc(F)cc1
2148,5.3872161432802645,nM,CHEMBL3235199,Cc1ncc([N+](=O)[O-])n1CC(=O)N/N=C/c1cc2ccccc2nc1Oc1ccc(Cl)cc1
2149,5.801342913045577,nM,CHEMBL3235200,Cc1ccc2nc(Oc3ccccc3)c(/C=N/NC(=O)Cn3c([N+](=O)[O-])cnc3C)cc2c1
2150,6.7447274948966935,nM,CHEMBL3235201,Cc1ccc(Oc2nc3ccc(C)cc3cc2/C=N/NC(=O)Cn2c([N+](=O)[O-])cnc2C)cc1
2151,6.920818753952375,nM,CHEMBL3235202,COc1ccc(Oc2nc3ccc(C)cc3cc2/C=N/NC(=O)Cn2c([N+](=O)[O-])cnc2C)cc1
2152,6.376750709602099,nM,CHEMBL3235203,Cc1ccc2nc(Oc3ccc(F)cc3)c(/C=N/NC(=O)Cn3c([N+](=O)[O-])cnc3C)cc2c1
2153,5.062482107982654,nM,CHEMBL3235204,Cc1ccc2nc(Oc3ccc(Cl)cc3)c(/C=N/NC(=O)Cn3c([N+](=O)[O-])cnc3C)cc2c1
2154,6.735182176990463,nM,CHEMBL3237929,COc1cc(N2CCN(C)CC2)ccc1Nc1ncc(Cl)c(Oc2cccc(NC(=O)CCN(C)C)c2)n1
2155,6.742321425130816,nM,CHEMBL3237930,CCN(CC)CCC(=O)Nc1cccc(Oc2nc(Nc3ccc(N4CCN(C)CC4)cc3OC)ncc2Cl)c1
2156,7.055517327849831,nM,CHEMBL3237931,COc1cc(N2CCN(C)CC2)ccc1Nc1ncc(Cl)c(Oc2cccc(NC(=O)CCN3CCCC3)c2)n1
2157,5.662141570958906,nM,CHEMBL3237932,COc1cc(N2CCN(C)CC2)ccc1Nc1ncc(Cl)c(Oc2cccc(NC(=O)CCN3CCCCC3)c2)n1
2158,6.696803942579511,nM,CHEMBL3237937,COc1cc(N2CCN(C)CC2)ccc1Nc1ncc(Cl)c(Oc2cccc(NC(=O)CCN3CCN(CCOc4no[n+]([O-])c4S(=O)(=O)c4ccccc4)CC3)c2)n1
2159,4.744245213356956,nM,CHEMBL3237938,Cc1nn(-c2ccccc2)c(Cl)c1C1C(C#N)=C(N)N(c2cccnc2)C2=C1C(=O)CCC2
2160,4.99481948749622,nM,CHEMBL3237939,Cc1ccc(-n2nc(C)c(C3C(C#N)=C(N)N(c4cccnc4)C4=C3C(=O)CCC4)c2Cl)cc1
2161,5.381951903287908,nM,CHEMBL3237940,Cc1nn(-c2ccc(Cl)cc2)c(Cl)c1C1C(C#N)=C(N)N(c2cccnc2)C2=C1C(=O)CCC2
2162,4.493089274448482,nM,CHEMBL3237941,Cc1nn(-c2ccccc2)c(Cl)c1C1C(C#N)=C(N)N(c2cccnc2)C2=C1C(=O)CC(C)(C)C2
2163,4.832682665251824,nM,CHEMBL3237942,Cc1ccc(-n2nc(C)c(C3C(C#N)=C(N)N(c4cccnc4)C4=C3C(=O)CC(C)(C)C4)c2Cl)cc1
2164,4.61888491929015,nM,CHEMBL3237943,Cc1nn(-c2ccc(Cl)cc2)c(Cl)c1C1C(C#N)=C(N)N(c2cccnc2)C2=C1C(=O)CC(C)(C)C2
2165,5.679853713888946,nM,CHEMBL3237944,CCOC(=O)C1=C(N)N(c2cccnc2)C2=C(C(=O)CCC2)C1c1c(C)nn(-c2ccccc2)c1Cl
2166,6.040958607678906,nM,CHEMBL3237945,CCOC(=O)C1=C(N)N(c2cccnc2)C2=C(C(=O)CCC2)C1c1c(C)nn(-c2ccc(C)cc2)c1Cl
2167,5.211124884224583,nM,CHEMBL3237946,CCOC(=O)C1=C(N)N(c2cccnc2)C2=C(C(=O)CCC2)C1c1c(C)nn(-c2ccc(Cl)cc2)c1Cl
2168,4.951558196449596,nM,CHEMBL3237947,CCOC(=O)C1=C(N)N(c2cccnc2)C2=C(C(=O)CC(C)(C)C2)C1c1c(C)nn(-c2ccccc2)c1Cl
2169,6.292429823902064,nM,CHEMBL3237948,CCOC(=O)C1=C(N)N(c2cccnc2)C2=C(C(=O)CC(C)(C)C2)C1c1c(C)nn(-c2ccc(C)cc2)c1Cl
2170,5.987162775294828,nM,CHEMBL3237949,CCOC(=O)C1=C(N)N(c2cccnc2)C2=C(C(=O)CC(C)(C)C2)C1c1c(C)nn(-c2ccc(Cl)cc2)c1Cl
2171,5.180000294489515,nM,CHEMBL323900,COc1cc2ncc(C#N)c(Nc3ccc(Br)cc3)c2cc1OC
2172,5.110000065251388,nM,CHEMBL323970,COc1cc2ncc(C#N)c(Nc3cccc(C(N)=O)c3)c2cc1OC
2173,5.059999795537068,nM,CHEMBL324030,COc1cc(/C=C(\C#N)C(N)=O)cc(CSC2=NCCS2)c1O
2174,6.009998764965339,nM,CHEMBL324045,CCOc1cc2ncc(C#N)c(Nc3ccc(F)c(Cl)c3)c2cc1OCC
2175,4.0,nM,CHEMBL324371,CN(c1ccccc1)c1ncnc2ccccc12
2176,4.159999981744464,nM,CHEMBL324399,COc1cc2ncc(C#N)c(Nc3cccc(NC(C)=O)c3)c2cc1OC
2177,4.149999990420337,nM,CHEMBL324439,COc1cc2c(C#N)cnc(Nc3cccc(Br)c3)c2cc1OC
2178,6.481486060122113,nM,CHEMBL324926,COc1cc(Nc2ncc3cc(-c4c(Cl)cccc4Cl)c(=O)n(C)c3n2)cc(OC)c1
2179,8.0,nM,CHEMBL325245,COc1cc2ncnc(NCc3ccccc3)c2cc1OC
2180,6.292429823902064,nM,CHEMBL325589,Cn1c(=O)c(-c2c(Cl)cccc2Cl)cc2cnc(Nc3cccnc3)nc21
2181,5.130000141365475,nM,CHEMBL325760,COc1cc2ncc(C#N)c(Nc3cccc(C(C)=O)c3)c2cc1OC
2182,5.10790539730952,nM,CHEMBL325949,Nc1cccc(-c2cc(=O)c3c(N)c(O)c(N)cc3o2)c1
2183,5.290000325166602,nM,CHEMBL325981,N#Cc1cnc2cc3c(cc2c1Nc1cccc(Br)c1)OCCCO3
2184,4.318758762624413,nM,CHEMBL326044,COc1cc(/C=C(\C#N)C(N)=O)cc(CSCCCC(=O)O)c1O
2185,6.0,nM,CHEMBL326100,COc1cc(/C=C(\C#N)C(N)=O)cc(CSCc2ccccc2Cl)c1O
2186,6.050000457140079,nM,CHEMBL326318,COc1cc(/C=C(\C#N)C(N)=O)cc(CSCc2ccccc2)c1O
2187,5.402304814074488,nM,CHEMBL3263359,Cc1ccc(C2=NN(C3=NC(c4ccccc4)CS3)C(c3cccc4ccccc34)C2)cc1C
2188,5.257274868695302,nM,CHEMBL3263364,COc1ccc(C2=NN(C3=NC(=O)CS3)C(c3cccc4ccccc34)C2)cc1
2189,5.87942606879415,nM,CHEMBL3263366,Cc1ccc(C2=NN(C3=NC(=O)CS3)C(c3cccc4ccccc34)C2)cc1C
2190,5.279014255846262,nM,CHEMBL3263372,Cc1ccc(C2=NN(C3=NC(c4ccccc4)CS3)C(c3ccc4ccccc4c3)C2)cc1
2191,6.187086643357144,nM,CHEMBL3263373,Cc1ccc(C2=NN(C3=NC(c4ccccc4)CS3)C(c3ccc4ccccc4c3)C2)cc1C
2192,5.199970640755867,nM,CHEMBL3263374,O=C1CSC(N2N=C(c3ccccc3)CC2c2ccc3ccccc3c2)=N1
2193,5.552841968657781,nM,CHEMBL3263378,COc1ccc(C2=NN(C3=NC(=O)CS3)C(c3ccc4ccccc4c3)C2)cc1
2194,5.488116639021127,nM,CHEMBL3263379,Cc1ccc(C2=NN(C3=NC(=O)CS3)C(c3ccc4ccccc4c3)C2)cc1
2195,6.920818753952375,nM,CHEMBL3263380,Cc1ccc(C2=NN(C3=NC(=O)CS3)C(c3ccc4ccccc4c3)C2)cc1C
2196,5.115204636051019,nM,CHEMBL3263959,COc1cc2c(Oc3ccc(NC(=O)c4c(C)n(C)n(-c5ccccc5)c4=O)cc3F)ccnc2cc1OCCCN1CCN(C)CC1
2197,5.863279432843593,nM,CHEMBL3263961,COc1cc2c(Oc3ccc(NS(=O)(=O)c4cccc(-c5cnn(C)c5)c4)cc3F)ccnc2cc1OCCCN1CCOCC1
2198,7.026872146400302,nM,CHEMBL3263964,COc1cc2c(Oc3ccc(NS(=O)(=O)c4cccc(-c5ccsc5)c4)cc3F)ccnc2cc1OCCCN1CCN(C)CC1
2199,6.242603971206976,nM,CHEMBL3263965,COc1cc2c(Oc3ccc(NS(=O)(=O)c4cc(-c5ccsc5)ccc4F)cc3F)ccnc2cc1OCCCN1CCN(C)CC1
2200,5.361111575294926,nM,CHEMBL3263966,COc1cc2c(Oc3ccc(NS(=O)(=O)c4ccc(-c5cnn(C)c5)cc4)cc3F)ccnc2cc1OCCCN1CCN(C)CC1
2201,5.920456992597094,nM,CHEMBL3263967,COc1cc2c(Oc3ccc(NS(=O)(=O)c4ccc(-c5ccsc5)cc4)cc3F)ccnc2cc1OCCCN1CCN(C)CC1
2202,5.97798426018228,nM,CHEMBL3263968,COc1cc2c(Oc3ccc(NS(=O)(=O)c4cccc(-c5cccs5)c4)cc3F)ccnc2cc1OCCCN1CCN(C)CC1
2203,5.721246399047171,nM,CHEMBL3263969,COc1cc2c(Oc3ccc(NS(=O)(=O)c4cccc(-c5ccco5)c4)cc3F)ccnc2cc1OCCCN1CCN(C)CC1
2204,4.769999911123513,nM,CHEMBL326445,COc1cc2ncc(C#N)c(Nc3cc(Cl)ccc3O)c2cc1OC
2205,7.236572006437063,nM,CHEMBL326596,COc1ccc2c(NCc3ccccc3)ncnc2c1
2206,7.065971819088479,nM,CHEMBL327127,Cn1c(=O)c(-c2c(Cl)cccc2Cl)cc2cnc(Nc3cccc(CO)c3)nc21
2207,10.142667503568733,nM,CHEMBL327307,COc1cc2ncnc(Nc3ccc(Br)c(Br)c3)c2cc1OC
2208,4.356547323513813,nM,CHEMBL327725,CC(O)C(/N=C1/C=C(O)/C(=N\C(C(=O)O)C(C)O)C=C1O)C(=O)O
2209,7.187086643357144,nM,CHEMBL327838,COCCOCC#CC(=O)Nc1ccc2ncnc(Nc3cccc(Br)c3)c2c1
2210,6.241088107602026,nM,CHEMBL328244,Nc1ccc2ncnc(Nc3cccc(C(F)(F)F)c3)c2c1
2211,7.207608310501747,nM,CHEMBL328245,CCCN(CC#CC(=O)Nc1ccc2ncnc(Nc3cccc(Br)c3)c2c1)CCC
2212,6.086186147616283,nM,CHEMBL328277,COc1cc2ncnc(N3CCc4ccccc43)c2cc1OC
2213,5.301029995663981,nM,CHEMBL328295,O=[N+]([O-])c1ccc2ncnc(Nc3ccccc3)c2c1
2214,7.920818753952375,nM,CHEMBL328691,COC(=O)Nc1ccc2ncnc(Nc3cccc(Br)c3)c2c1
2215,7.920818753952375,nM,CHEMBL328704,CCN(CC)CC#CC(=O)Nc1ccc2ncnc(Nc3cccc(Br)c3)c2c1
2216,5.1249387366083,nM,CHEMBL3287898,CCc1ccccc1NC(=O)N1C[C@@H](C)Oc2cc(-c3ccc([C@H]4CC[C@H](CC(=O)O)CC4)cc3)ccc21
2217,9.602059991327964,nM,CHEMBL328955,Nc1ccc2c(Nc3cccc(Cl)c3)ncnc2c1
2218,7.022276394711152,nM,CHEMBL328977,O=C(C#CCN1CCSCC1)Nc1ccc2ncnc(Nc3cccc(Br)c3)c2c1
2219,8.154901959985743,nM,CHEMBL3290148,C=CC(=O)NCC(=O)Nc1cccc(Nc2ncc(NC(=O)c3cc(NC(=O)c4cccc(C(F)(F)F)c4)ccc3C)cn2)c1
2220,5.214670164989233,nM,CHEMBL329183,O=[N+]([O-])c1ccc2c(Nc3cccc(F)c3)ncnc2c1
2221,6.570247719997592,nM,CHEMBL329642,C/C=C\C(=O)Nc1ccc2ncnc(Nc3cccc(Br)c3)c2c1
2222,6.946153573147748,nM,CHEMBL3297816,Cc1nc(Nc2ccccc2)c2cc(C)oc2n1
2223,6.838033383635926,nM,CHEMBL3297891,Cc1nc(Nc2cccc3ccccc23)c2cc(C)oc2n1
2224,7.522878745280337,nM,CHEMBL3297892,C#Cc1cccc(Nc2nc(C)nc3oc(C)cc23)c1
2225,6.913284336055118,nM,CHEMBL3297893,Cc1nc(Nc2ccc(C(F)(F)F)cc2)c2cc(C)oc2n1
2226,7.51999305704285,nM,CHEMBL3297894,Cc1nc(Nc2ccc(F)c(Cl)c2)c2cc(C)oc2n1
2227,6.99012436628784,nM,CHEMBL3297895,Cc1nc(Nc2ccc(Cl)cc2)c2cc(C)oc2n1
2228,7.044793462458058,nM,CHEMBL3297896,Cc1nc(Nc2cccc3[nH]ccc23)c2cc(C)oc2n1
2229,7.374687549038327,nM,CHEMBL3297897,COc1ccc(Nc2nc(C)nc3oc(C)cc23)cc1
2230,7.166215625343521,nM,CHEMBL3297898,COc1ccc(N(C)c2nc(C)nc3oc(C)cc23)cc1
2231,7.150580586203101,nM,CHEMBL3297899,CCN(c1ccc(OC)cc1)c1nc(C)nc2oc(C)cc12
2232,7.134896025358873,nM,CHEMBL3297900,CCCN(c1ccc(OC)cc1)c1nc(C)nc2oc(C)cc12
2233,6.468393368067278,nM,CHEMBL3297998,CCCCN(c1ccc(OC)cc1)c1nc(C)nc2oc(C)cc12
2234,7.073657553374345,nM,CHEMBL3297999,COc1ccc(N(c2nc(C)nc3oc(C)cc23)C(C)C)cc1
2235,7.08460016478773,nM,CHEMBL3298000,COc1ccc(N(C)c2nc(C)nc3oc(C)cc23)cc1.Cl
2236,8.221848749616356,nM,CHEMBL329856,CN(C)CC#CC(=O)Nc1ccc2ncnc(Nc3cccc(Br)c3)c2c1
2237,8.193820026016112,nM,CHEMBL329867,COc1cc2ncnc(Nc3cncc4ccccc34)c2cc1OC
2238,6.354577730650909,nM,CHEMBL3301625,C=CC(=O)Nc1cccc(Nc2nc(Nc3ccc(OCCOC)cc3)ncc2F)c1
2239,7.0,nM,CHEMBL330224,Nc1ccc2c(Nc3ccccc3)ncnc2c1
2240,6.698970004336019,nM,CHEMBL330323,COc1cc2ncnc(Nc3nccc4ccccc34)c2cc1OC
2241,6.107905397309519,nM,CHEMBL330668,COc1cc2ncnc(Nc3cnc4ccccc4n3)c2cc1OC
2242,5.769551078621726,nM,CHEMBL330879,COc1cc(/C=C(\C#N)C(N)=O)cc(CSc2ccc3ccccc3c2)c1O
2243,5.309803919971486,nM,CHEMBL330882,COc1cccc2ncnc(NCc3ccccc3)c12
2244,4.8399999311187,nM,CHEMBL331026,COc1cc(/C=C(\C#N)C(N)=O)cc(CSc2nc3ccccc3[nH]2)c1O
2245,7.585026652029182,nM,CHEMBL331906,Oc1cccc(-c2[nH]nc3ncnc(Nc4cccc(Cl)c4)c23)c1
2246,5.356547323513812,nM,CHEMBL332269,CCCCNc1ncc2cc(-c3c(Cl)cccc3Cl)c(=O)n(C)c2n1
2247,7.236572006437063,nM,CHEMBL332333,c1ccc(Nc2nc[nH]c3nnc(Nc4ccccc4)c2-3)cc1
2248,4.98296666070122,nM,CHEMBL3325470,Cc1ccc2c(c1)cc(C1C(C#N)=C(N)N(c3cccnc3)C3=C1C(=O)CCC3)c1nnnn12
2249,5.267606240177031,nM,CHEMBL3325471,COc1ccc2c(c1)cc(C1C(C#N)=C(N)N(c3cccnc3)C3=C1C(=O)CCC3)c1nnnn12
2250,4.73754891026957,nM,CHEMBL3325472,N#CC1=C(N)N(c2cccnc2)C2=C(C(=O)CCC2)C1c1cc2cc(Cl)ccc2n2nnnc12
2251,5.958607314841776,nM,CHEMBL3325473,COC(=O)C1=C(N)N(c2cccnc2)C2=C(C(=O)CCC2)C1c1cc2ccccc2n2nnnc12
2252,5.366531544420414,nM,CHEMBL3325474,COC(=O)C1=C(N)N(c2cccnc2)C2=C(C(=O)CCC2)C1c1cc2cc(C)ccc2n2nnnc12
2253,5.886056647693163,nM,CHEMBL3325475,COC(=O)C1=C(N)N(c2cccnc2)C2=C(C(=O)CCC2)C1c1cc2cc(OC)ccc2n2nnnc12
2254,5.091514981121351,nM,CHEMBL3325476,COC(=O)C1=C(N)N(c2cccnc2)C2=C(C(=O)CCC2)C1c1cc2cc(Cl)ccc2n2nnnc12
2255,7.045757490560675,nM,CHEMBL3325477,CCOC(=O)C1=C(N)N(c2cccnc2)C2=C(C(=O)CCC2)C1c1cc2ccccc2n2nnnc12
2256,5.154901959985743,nM,CHEMBL3325478,CCOC(=O)C1=C(N)N(c2cccnc2)C2=C(C(=O)CCC2)C1c1cc2cc(C)ccc2n2nnnc12
2257,6.698970004336019,nM,CHEMBL3325479,CCOC(=O)C1=C(N)N(c2cccnc2)C2=C(C(=O)CCC2)C1c1cc2cc(OC)ccc2n2nnnc12
2258,4.777283528852418,nM,CHEMBL3325480,CCOC(=O)C1=C(N)N(c2cccnc2)C2=C(C(=O)CCC2)C1c1cc2cc(Cl)ccc2n2nnnc12
2259,8.301029995663981,nM,CHEMBL332612,Nc1ccc(Nc2[nH]nc3ncnc(Nc4cccc(Cl)c4)c23)cc1
2260,5.318758762624412,nM,CHEMBL3327179,N#CC1=C(N)N(c2cccnc2)C2=C(C(=O)CCC2)C1c1cc2ccccc2n2nnnc12
2261,7.537602002101044,nM,CHEMBL332765,CN(C)c1ccc(Nc2[nH]nc3ncnc(Nc4cccc(Cl)c4)c23)cc1
2262,8.301029995663981,nM,CHEMBL332882,Nc1cccc(-c2[nH]nc3ncnc(Nc4cccc(Cl)c4)c23)c1
2263,8.698970004336019,nM,CHEMBL332906,Nc1ccc(-c2[nH]nc3ncnc(Nc4cccc(Cl)c4)c23)cc1
2264,6.698970004336019,nM,CHEMBL332938,COc1ccc2ncnc(NCc3ccccc3)c2c1
2265,7.017728766960432,nM,CHEMBL332971,COc1ccc(-c2[nH]nc3ncnc(Nc4cccc(Cl)c4)c23)cc1
2266,6.481486060122113,nM,CHEMBL333038,Clc1cccc(Nc2nc[nH]c3nnc(Nc4cccc(Cl)c4)c2-3)c1
2267,6.978810700930062,nM,CHEMBL333082,Nc1cccc2c(Nc3cccc(Br)c3)ncnc12
2268,7.585026652029182,nM,CHEMBL333231,Clc1cccc(CNc2[nH]nc3ncnc(Nc4cccc(Cl)c4)c23)c1
2269,6.357535479757878,nM,CHEMBL333418,Nc1cccc2ncnc(Nc3cccc(Br)c3)c12
2270,5.760000207113128,nM,CHEMBL333454,COc1cc(/C=C(\C#N)C(N)=O)cc(CSc2ccc(C)cc2)c1O
2271,4.052223291535261,nM,CHEMBL3335244,COc1cc(Br)c(Br)c(/C=N/c2ccc3[nH]c(=O)[nH]c3c2)c1O
2272,4.11520463605102,nM,CHEMBL3335245,CCOc1cc(Br)c(Br)c(/C=N/c2ccc3[nH]c(=O)[nH]c3c2)c1O
2273,5.494850021680094,nM,CHEMBL333553,N#C/C(=C\c1cc(O)c(O)c(CSc2nc3ccccc3s2)c1)C(N)=O
2274,6.230622673923862,nM,CHEMBL333851,COc1cc2c(NCc3ccccc3)ncnc2cc1O
2275,4.639999934172963,nM,CHEMBL334032,COc1cc(C=C(C#N)C#N)cc(CS(=O)(=O)c2ccc(C)cc2)c1O
2276,5.459420283495547,nM,CHEMBL334255,CCCCCCCCCCCCCCCC[n+]1ccccc1.[Br-]
2277,8.167491087293763,nM,CHEMBL3344208,CN(C)C(CS(C)(=O)=O)c1ccc(-c2ccc3ncnc(Nc4ccc(OCc5cccc(F)c5)c(Cl)c4)c3c2)o1
2278,7.754487332185851,nM,CHEMBL3344209,CS(=O)(=O)CC(N)c1ccc(-c2ccc3ncnc(Nc4ccc(OCc5cccc(F)c5)c(Cl)c4)c3c2)o1
2279,7.458420756053419,nM,CHEMBL3344210,CNC(CS(C)(=O)=O)c1ccc(-c2ccc3ncnc(Nc4ccc(OCc5cccc(F)c5)c(Cl)c4)c3c2)o1
2280,7.832682665251824,nM,CHEMBL3344211,CCNC(CS(C)(=O)=O)c1ccc(-c2ccc3ncnc(Nc4ccc(OCc5cccc(F)c5)c(Cl)c4)c3c2)o1
2281,7.1123826996642645,nM,CHEMBL3344212,CS(=O)(=O)CC(NC1CCCCC1)c1ccc(-c2ccc3ncnc(Nc4ccc(OCc5cccc(F)c5)c(Cl)c4)c3c2)o1
2282,7.406713932979542,nM,CHEMBL3344213,CC(C)NC(CS(C)(=O)=O)c1ccc(-c2ccc3ncnc(Nc4ccc(OCc5cccc(F)c5)c(Cl)c4)c3c2)o1
2283,7.542118103266008,nM,CHEMBL3344214,CS(=O)(=O)CCNC(CS(C)(=O)=O)c1ccc(-c2ccc3ncnc(Nc4ccc(OCc5cccc(F)c5)c(Cl)c4)c3c2)o1
2284,7.966576244513051,nM,CHEMBL3344215,CS(=O)(=O)C[C@@H](N)c1ccc(-c2ccc3ncnc(Nc4ccc(OCc5cccc(F)c5)c(Cl)c4)c3c2)o1
2285,8.387216143280265,nM,CHEMBL3344216,CN(C)[C@H](CS(C)(=O)=O)c1ccc(-c2ccc3ncnc(Nc4ccc(OCc5cccc(F)c5)c(Cl)c4)c3c2)o1
2286,7.047691990337875,nM,CHEMBL3344217,CCC(=O)ON[C@H](CS(C)(=O)=O)c1ccc(-c2ccc3ncnc(Nc4ccc(OCc5cccc(F)c5)c(Cl)c4)c3c2)o1
2287,7.032452023781138,nM,CHEMBL3344218,CCCCC(=O)ON[C@H](CS(C)(=O)=O)c1ccc(-c2ccc3ncnc(Nc4ccc(OCc5cccc(F)c5)c(Cl)c4)c3c2)o1
2288,6.957818405484234,nM,CHEMBL3344219,CCCCCCC(=O)ON[C@H](CS(C)(=O)=O)c1ccc(-c2ccc3ncnc(Nc4ccc(OCc5cccc(F)c5)c(Cl)c4)c3c2)o1
2289,7.869666231504994,nM,CHEMBL3344220,CS(=O)(=O)C[C@H](N)c1ccc(-c2ccc3ncnc(Nc4ccc(OCc5cccc(F)c5)c(Cl)c4)c3c2)o1
2290,7.517126416391246,nM,CHEMBL3344221,CN(C)[C@@H](CS(C)(=O)=O)c1ccc(-c2ccc3ncnc(Nc4ccc(OCc5cccc(F)c5)c(Cl)c4)c3c2)o1
2291,5.161150909262745,nM,CHEMBL334439,CCN(CC)CCn1c([Se][Se]c2c(C(=O)NC)c3ccccc3n2CCN(CC)CC)c(C(=O)NC)c2ccccc21
2292,9.769551078621726,nM,CHEMBL334697,C=CC(=O)N(C)c1cc2c(Nc3cccc(Br)c3)ncnc2cn1
2293,6.698970004336019,nM,CHEMBL3347487,CC1(C)[C@H]2CC3OB(COc4ccc5ncnc(Nc6cccc(Cl)c6)c5c4)O[C@@]3(C)[C@@H]1C2
2294,6.568636235841012,nM,CHEMBL3347488,OB(O)/C=C/COc1ccc2ncnc(Nc3cccc(Cl)c3)c2c1
2295,6.070581074285707,nM,CHEMBL3347498,OB(O)c1ccc(COc2ccc3ncnc(Nc4cccc(Cl)c4)c3c2)cc1
2296,8.958607314841775,nM,CHEMBL334801,CN(C)CCCNC(=O)/C=C/C(=O)Nc1cc2c(Nc3cccc(Br)c3)ncnc2cn1
2297,5.455931955649724,nM,CHEMBL334915,Cn1c([Se][Se]c2c(C(=O)O)c3ccccc3n2C)c(C(=O)O)c2ccccc21
2298,5.087246696328677,nM,CHEMBL335012,CO[C@H]1[C@@H](N(C)C(=O)c2cccnc2)C[C@@H]2O[C@@]1(C)n1c3ccccc3c3c4c(c5c6ccccc6n2c5c31)C(=O)NC4
2299,8.886056647693163,nM,CHEMBL3352869,COc1cc2ncnc(Nc3ccc(OCc4cccc(F)c4)c(Cl)c3)c2cc1NC(=O)/C(F)=C\CN(C)C
2300,9.10790539730952,nM,CHEMBL3352899,COc1cc2c(Nc3cccc(Br)c3)ncnc2cc1OCCCCCCn1ccnc1[N+](=O)[O-]
2301,4.795880017344076,nM,CHEMBL3353395,C=CC(=O)Nc1cc(Nc2ncc(Cl)c(-c3cnn4ccccc34)n2)c(OC)cc1N1CCN(C(=O)CN(C)C)CC1
2302,4.721246399047172,nM,CHEMBL3353396,C=CC(=O)Nc1cc(Nc2ncc(Cl)c(-c3cnn4ccccc34)n2)c(OC)cc1N1CCN(C(=O)[C@H](C)N)CC1
2303,4.508638306165728,nM,CHEMBL3353397,C=CC(=O)Nc1cc(Nc2ncc(Cl)c(-c3cnn4ccccc34)n2)c(OC)cc1N1CCN(C(=O)[C@@H]2CCCCN2)CC1
2304,4.2441251443275085,nM,CHEMBL3353398,C=CC(=O)Nc1cc(Nc2ncc(Cl)c(-c3cnn4ccccc34)n2)c(OC)cc1N1CCN(C(=O)[C@H]2CCCCN2)CC1
2305,4.180456064458132,nM,CHEMBL3353399,C=CC(=O)Nc1cc(Nc2ncc(Cl)c(-c3cnn4ccccc34)n2)c(OC)cc1N1CCN(C(=O)CNC)CC1
2306,4.124938736608301,nM,CHEMBL3353400,C=CC(=O)Nc1cc(Nc2ncc(Cl)c(-c3cnn4ccccc34)n2)c(OC)cc1N1CCN(C(=O)[C@H](C)O)CC1
2307,3.8696662315049934,nM,CHEMBL3353401,C=CC(=O)Nc1cc(Nc2ncc(Cl)c(-c3cnn4ccccc34)n2)c(OC)cc1N1CCN(C(=O)N2CCNCC2)CC1
2308,3.7520267336381936,nM,CHEMBL3353402,C=CC(=O)Nc1cc(Nc2ncc(Cl)c(-c3cnn4ccccc34)n2)c(OC)cc1N1CCN(C(=O)[C@@H](C)N)CC1
2309,5.698970004336019,nM,CHEMBL3353403,C=CC(=O)Nc1cc(Nc2ncc(Cl)c(-c3cnn4ccccc34)n2)c(OC)cc1N1CC[C@@H](N(C)C)C1
2310,5.3979400086720375,nM,CHEMBL3353405,C=CC(=O)Nc1cc(Nc2ncc(Cl)c(-c3cnn4ccccc34)n2)c(OC)cc1N1CC(N(C)C)C1
2311,7.029188389127483,nM,CHEMBL335440,O=S(=O)(CCO)c1cc2c(Nc3cccc(Br)c3)ncnc2cn1
2312,8.515700160653214,nM,CHEMBL3355873,COc1cc2ncnc(Nc3ccc(F)c(Cl)c3)c2cc1OCCn1ccnc1[N+](=O)[O-]
2313,9.050609993355089,nM,CHEMBL3355874,COc1cc2ncnc(Nc3ccc(F)c(Cl)c3)c2cc1OCCCn1ccnc1[N+](=O)[O-]
2314,9.327902142064282,nM,CHEMBL3355875,COc1cc2ncnc(Nc3ccc(F)c(Cl)c3)c2cc1OCCCCn1ccnc1[N+](=O)[O-]
2315,9.292429823902063,nM,CHEMBL3355876,COc1cc2ncnc(Nc3ccc(F)c(Cl)c3)c2cc1OCCCCCn1ccnc1[N+](=O)[O-]
2316,9.494850021680094,nM,CHEMBL3355877,COc1cc2ncnc(Nc3ccc(F)c(Cl)c3)c2cc1OCCCCCCn1ccnc1[N+](=O)[O-]
2317,9.18045606445813,nM,CHEMBL3355878,COc1cc2ncnc(Nc3cccc(Br)c3)c2cc1OCCCn1ccnc1[N+](=O)[O-]
2318,8.96657624451305,nM,CHEMBL3355879,C#Cc1cccc(Nc2ncnc3cc(OC)c(OCCCn4ccnc4[N+](=O)[O-])cc23)c1
2319,9.2518119729938,nM,CHEMBL3355880,C#Cc1cccc(Nc2ncnc3cc(OC)c(OCCCCn4ccnc4[N+](=O)[O-])cc23)c1
2320,9.309803919971486,nM,CHEMBL3355881,C#Cc1cccc(Nc2ncnc3cc(OC)c(OCCCCCn4ccnc4[N+](=O)[O-])cc23)c1
2321,9.30102999566398,nM,CHEMBL3355882,C#Cc1cccc(Nc2ncnc3cc(OC)c(OCCCCCCn4ccnc4[N+](=O)[O-])cc23)c1
2322,7.416801226031377,nM,CHEMBL3355883,COc1cc2ncnc(Nc3ccc(OCc4cccc(F)c4)c(Cl)c3)c2cc1OCCCn1ccnc1[N+](=O)[O-]
2323,7.54515513999149,nM,CHEMBL3355884,COc1cc2ncnc(Nc3ccc(OCc4cccc(F)c4)c(Cl)c3)c2cc1OCCCCn1ccnc1[N+](=O)[O-]
2324,7.29073003902417,nM,CHEMBL3355885,COc1cc2ncnc(Nc3ccc(OCc4cccc(F)c4)c(Cl)c3)c2cc1OCCCCCn1ccnc1[N+](=O)[O-]
2325,7.82102305270683,nM,CHEMBL3355886,COc1cc2ncnc(Nc3ccc(OCc4cccc(F)c4)c(Cl)c3)c2cc1OCCCCCCn1ccnc1[N+](=O)[O-]
2326,8.309803919971486,nM,CHEMBL3355887,COc1cc2ncnc(Nc3ccc(F)c(Cl)c3)c2cc1OCCn1c([N+](=O)[O-])cnc1C
2327,8.46470587995723,nM,CHEMBL3355888,COc1cc2ncnc(Nc3ccc(F)c(Cl)c3)c2cc1OCCCn1c([N+](=O)[O-])cnc1C
2328,9.275724130399212,nM,CHEMBL3355889,COc1cc2ncnc(Nc3ccc(F)c(Cl)c3)c2cc1OCCCCn1c([N+](=O)[O-])cnc1C
2329,8.928117992693874,nM,CHEMBL3355890,COc1cc2ncnc(Nc3cccc(Br)c3)c2cc1OCCCn1c([N+](=O)[O-])cnc1C
2330,7.721246399047171,nM,CHEMBL335648,CO[C@H]1[C@@H]([N+](C)(C)C)C[C@@H]2O[C@@]1(C)n1c3ccccc3c3c4c(c5c6ccccc6n2c5c31)C(=O)NC4
2331,5.886056647693163,nM,CHEMBL335718,CCCCC(O)CN(C)[C@H]1C[C@@H]2O[C@](C)([C@H]1OC)n1c3ccccc3c3c4c(c5c6ccccc6n2c5c31)C(=O)NC4
2332,9.69897000433602,nM,CHEMBL3357634,COc1cc2ncnc(Nc3ccc(F)c(Cl)c3)c2cc1NC(=O)/C(F)=C/CN(C)C
2333,9.568636235841012,nM,CHEMBL3357635,COc1cc2ncnc(Nc3ccc(F)c(Cl)c3)c2cc1NC(=O)/C(F)=C/CN1CCCCC1
2334,9.173925197299171,nM,CHEMBL3357636,COc1cc2ncnc(Nc3ccc(F)c(Cl)c3)c2cc1NC(=O)/C(F)=C\CN1CCCCC1
2335,9.744727494896694,nM,CHEMBL3357637,CCOc1cc2ncnc(Nc3ccc(OCc4ccccn4)c(Cl)c3)c2cc1NC(=O)/C(F)=C/CN(C)C
2336,9.050609993355089,nM,CHEMBL3357638,CCOc1cc2ncnc(Nc3ccc(OCc4ccccn4)c(Cl)c3)c2cc1NC(=O)/C(F)=C\CN(C)C
2337,9.585026652029182,nM,CHEMBL3357639,O=C(Nc1cc2c(Nc3ccc(F)c(Cl)c3)ncnc2cc1O[C@H]1CCOC1)/C(F)=C/CN1CCOCC1
2338,9.0,nM,CHEMBL3357640,O=C(Nc1cc2c(Nc3ccc(F)c(Cl)c3)ncnc2cc1O[C@H]1CCOC1)/C(F)=C\CN1CCOCC1
2339,9.795880017344077,nM,CHEMBL3357641,CN(C)C/C=C(\F)C(=O)Nc1cc2c(Nc3ccc(F)c(Cl)c3)ncnc2cc1O[C@H]1CCOC1
2340,9.508638306165729,nM,CHEMBL3357642,CN(C)C/C=C(/F)C(=O)Nc1cc2c(Nc3ccc(F)c(Cl)c3)ncnc2cc1O[C@H]1CCOC1
2341,9.275724130399212,nM,CHEMBL3357643,COc1cc2ncnc(Nc3ccc(F)c(Cl)c3)c2cc1NC(=O)/C(F)=C/CN1CCOCC1
2342,9.522878745280336,nM,CHEMBL3357644,COc1cc2ncnc(Nc3ccc(F)c(Cl)c3)c2cc1NC(=O)/C(F)=C\CN1CCOCC1
2343,8.585026652029182,nM,CHEMBL3357645,O=C(Nc1cc2c(Nc3ccc(F)c(Cl)c3)ncnc2cc1O[C@H]1CCOC1)/C(F)=C/CN1CCCCC1
2344,8.593459819566045,nM,CHEMBL3357646,O=C(Nc1cc2c(Nc3ccc(F)c(Cl)c3)ncnc2cc1O[C@H]1CCOC1)/C(F)=C\CN1CCCCC1
2345,7.889410289700751,nM,CHEMBL3357647,CCOc1cc2ncnc(Nc3ccc(Oc4ccc(C)nc4)c(Cl)c3)c2cc1NC(=O)/C(F)=C/CN1CCCCC1
2346,7.406713932979542,nM,CHEMBL3357648,CCOc1cc2ncnc(Nc3ccc(Oc4ccc(C)nc4)c(Cl)c3)c2cc1NC(=O)/C(F)=C\CN1CCCCC1
2347,8.806875401645538,nM,CHEMBL3357649,COc1cc2ncnc(Nc3ccc(OCc4cccc(F)c4)c(Cl)c3)c2cc1NC(=O)/C(F)=C/CN(C)C
2348,8.346787486224656,nM,CHEMBL3357650,CCOc1cc2ncnc(Nc3ccc(Oc4ccc(C)nc4)c(Cl)c3)c2cc1NC(=O)/C(F)=C/CN(C)C
2349,8.022276394711152,nM,CHEMBL3357651,CCOc1cc2ncnc(Nc3ccc(Oc4ccc(C)nc4)c(Cl)c3)c2cc1NC(=O)/C(F)=C\CN(C)C
2350,8.455931955649724,nM,CHEMBL3357652,CCOc1cc2ncnc(Nc3ccc(OCC4CC4)c(Cl)c3)c2cc1NC(=O)/C(F)=C/CN(C)C
2351,7.950781977329818,nM,CHEMBL3357653,CCOc1cc2ncnc(Nc3ccc(OCC4CC4)c(Cl)c3)c2cc1NC(=O)/C(F)=C\CN(C)C
2352,8.585026652029182,nM,CHEMBL3357654,COc1cc2ncnc(Nc3cccc(Br)c3)c2cc1NC(=O)/C(F)=C/CN(C)C
2353,8.301029995663981,nM,CHEMBL3357655,COc1cc2ncnc(Nc3cccc(Br)c3)c2cc1NC(=O)/C(F)=C\CN(C)C
2354,5.6777807052660805,nM,CHEMBL3358006,C[C@@H]1CN(c2nc(C(F)(F)F)no2)CCN1c1ncc(OCc2ccc(CS(C)(=O)=O)cc2F)cn1
2355,5.455931955649724,nM,CHEMBL335931,CO[C@H]1[C@@H](N(C)C(=O)CNC(=O)OC(C)(C)C)C[C@@H]2O[C@@]1(C)n1c3ccccc3c3c4c(c5c6ccccc6n2c5c31)C(=O)NC4
2356,5.193820026016113,nM,CHEMBL335932,CO[C@H]1[C@@H](N(C)C(=O)C(F)(F)F)C[C@@H]2O[C@@]1(C)n1c3ccccc3c3c4c(c5c6ccccc6n2c5c31)C(=O)NC4
2357,9.113509274827518,nM,CHEMBL3360602,COc1cc2c(Nc3ccc(F)c(Cl)c3)ncnc2cc1OCCCn1ccnc1[N+](=O)[O-]
2358,9.508638306165729,nM,CHEMBL3360603,COc1cc2c(Nc3ccc(F)c(Cl)c3)ncnc2cc1OCCCCn1ccnc1[N+](=O)[O-]
2359,8.84163750790475,nM,CHEMBL3360605,COc1cc2c(Nc3ccc(F)c(Cl)c3)ncnc2cc1OCCCCCCn1ccnc1[N+](=O)[O-]
2360,9.494850021680094,nM,CHEMBL3360606,COc1cc2c(Nc3ccc(F)c(Cl)c3)ncnc2cc1OCCOCCn1ccnc1[N+](=O)[O-]
2361,9.187086643357144,nM,CHEMBL3360607,C#Cc1cccc(Nc2ncnc3cc(OCCCn4ccnc4[N+](=O)[O-])c(OC)cc23)c1
2362,9.585026652029182,nM,CHEMBL3360608,C#Cc1cccc(Nc2ncnc3cc(OCCCCn4ccnc4[N+](=O)[O-])c(OC)cc23)c1
2363,9.244125144327509,nM,CHEMBL3360610,C#Cc1cccc(Nc2ncnc3cc(OCCCCCCn4ccnc4[N+](=O)[O-])c(OC)cc23)c1
2364,9.267606240177033,nM,CHEMBL3360611,C#Cc1cccc(Nc2ncnc3cc(OCCOCCn4ccnc4[N+](=O)[O-])c(OC)cc23)c1
2365,7.515700160653214,nM,CHEMBL3360612,COc1cc2c(Nc3ccc(OCc4cccc(F)c4)c(Cl)c3)ncnc2cc1OCCCn1ccnc1[N+](=O)[O-]
2366,7.924453038607469,nM,CHEMBL3360613,COc1cc2c(Nc3ccc(OCc4cccc(F)c4)c(Cl)c3)ncnc2cc1OCCCCn1ccnc1[N+](=O)[O-]
2367,7.779891911959945,nM,CHEMBL3360614,COc1cc2c(Nc3ccc(OCc4cccc(F)c4)c(Cl)c3)ncnc2cc1OCCCCCn1ccnc1[N+](=O)[O-]
2368,7.449771646944906,nM,CHEMBL3360615,COc1cc2c(Nc3ccc(OCc4cccc(F)c4)c(Cl)c3)ncnc2cc1OCCCCCCn1ccnc1[N+](=O)[O-]
2369,7.696803942579511,nM,CHEMBL3360616,COc1cc2c(Nc3ccc(OCc4cccc(F)c4)c(Cl)c3)ncnc2cc1OCCOCCn1ccnc1[N+](=O)[O-]
2370,9.309803919971486,nM,CHEMBL3360617,COc1cc2c(Nc3cccc(Br)c3)ncnc2cc1OCCCn1ccnc1[N+](=O)[O-]
2371,9.431798275933003,nM,CHEMBL3360618,COc1cc2c(Nc3cccc(Br)c3)ncnc2cc1OCCCCn1ccnc1[N+](=O)[O-]
2372,9.086186147616283,nM,CHEMBL3360620,COc1cc2c(Nc3cccc(Br)c3)ncnc2cc1OCCOCCn1ccnc1[N+](=O)[O-]
2373,6.0,nM,CHEMBL336113,Cc1cccc(Nc2ncnc3ccc(N)cc23)c1
2374,5.130768280269024,nM,CHEMBL336192,COC(=O)c1ccc(C(=O)N(C)[C@H]2C[C@@H]3O[C@](C)([C@H]2OC)n2c4ccccc4c4c5c(c6c7ccccc7n3c6c42)C(=O)NC5)cc1
2375,9.369979148886593,nM,CHEMBL336264,C=CS(=O)(=O)c1cc2c(Nc3cccc(Br)c3)ncnc2cn1
2376,6.045757490560675,nM,CHEMBL336409,N[C@H](Cc1c([Se][Se]c2[nH]c3ccccc3c2C[C@H](N)C(=O)NCc2ccccc2)[nH]c2ccccc12)C(=O)NCc1ccccc1
2377,5.154901959985743,nM,CHEMBL336410,O=C(NCc1ccccc1)[C@H](Cc1c([Se][Se]c2[nH]c3ccccc3c2C[C@@H](NC(=O)C(F)(F)F)C(=O)NCc2ccccc2)[nH]c2ccccc12)NC(=O)C(F)(F)F
2378,6.698970004336019,nM,CHEMBL337026,CN[C@H]1C[C@@H]2O[C@](C)([C@H]1OC)n1c3ccccc3c3c4c(c5c6ccccc6n2c5c31)C(=O)NC4=O
2379,6.795880017344075,nM,CHEMBL337027,CO[C@H]1[C@@H](N(C)C(=O)CCC(=O)O)C[C@@H]2O[C@@]1(C)n1c3ccccc3c3c4c(c5c6ccccc6n2c5c31)C(=O)NC4
2380,4.903089986991944,nM,CHEMBL337035,CNC(=S)N(C)[C@H]1C[C@@H]2O[C@](C)([C@H]1OC)n1c3ccccc3c3c4c(c5c6ccccc6n2c5c31)C(=O)NC4
2381,5.087246696328677,nM,CHEMBL337297,CO[C@H]1[C@@H](N(C)C(=O)c2cnccn2)C[C@@H]2O[C@@]1(C)n1c3ccccc3c3c4c(c5c6ccccc6n2c5c31)C(=O)NC4
2382,7.769551078621726,nM,CHEMBL338049,CN[C@H]1C[C@@H]2O[C@](C)([C@H]1OC)n1c3ccccc3c3c4c(c5c6ccccc6n2c5c31)C(=O)N[C@@H]4O
2383,9.040958607678906,nM,CHEMBL338114,Brc1cccc(Nc2ncnc3cc(NCCc4c[nH]cn4)ncc23)c1
2384,6.585026652029182,nM,CHEMBL338155,CN[C@H]1C[C@@H]2O[C@](C)([C@H]1OC)n1c3ccccc3c3c4c(c5c6ccccc6n2c5c31)[C@H](O)NC4=O
2385,8.823908740944319,nM,CHEMBL338175,O=C(O)CNc1cc2ncnc(Nc3cccc(Br)c3)c2cn1
2386,8.270025714300445,nM,CHEMBL338215,Cc1cccc(Nc2ncnc3cc(NCCCCN(C)C)ncc23)c1
2387,5.721246399047171,nM,CHEMBL338448,CO[C@H]1[C@@H](N(C)C(=O)c2ccccc2)C[C@@H]2O[C@@]1(C)n1c3ccccc3c3c4c(c5c6ccccc6n2c5c31)C(=O)NC4
2388,4.869666231504994,nM,CHEMBL338449,CO[C@H]1[C@@H](N(C)C(=O)OC(C)(C)C)C[C@@H]2O[C@@]1(C)n1c3ccccc3c3c4c(c5c6ccccc6n2c5c31)C(=O)NC4
2389,6.657577319177793,nM,CHEMBL338935,CO[C@H]1[C@@H](N(C)C(=O)CN)C[C@@H]2O[C@@]1(C)n1c3ccccc3c3c4c(c5c6ccccc6n2c5c31)C(=O)NC4
2390,5.337242168318426,nM,CHEMBL338944,CO[C@H]1[C@@H](N(C)C(=O)c2cccc(Cl)c2)C[C@@H]2O[C@@]1(C)n1c3ccccc3c3c4c(c5c6ccccc6n2c5c31)C(=O)NC4
2391,5.071092309756048,nM,CHEMBL3393072,O=C(Cc1c[nH]c2ccccc12)NNC(=S)Nc1ncccc1Br
2392,9.130768280269024,nM,CHEMBL339416,[O-][N+]1(CCCNc2cc3ncnc(Nc4cccc(Br)c4)c3cn2)CCOCC1
2393,5.917214629683551,nM,CHEMBL3397275,Clc1cc(Nc2ncnc3ccc(NC4=NC[C@H](COc5ccccc5)O4)cc23)ccc1OCc1nccs1
2394,6.022276394711152,nM,CHEMBL3397276,Clc1cc(Nc2ncnc3ccc(NC4=NC[C@@H](COc5ccccc5)O4)cc23)ccc1OCc1nccs1
2395,6.789681480173769,nM,CHEMBL3403509,COc1ccc(N(C)c2nc(C)nc3oc(C)cc23)c(OC)c1
2396,7.044312249686494,nM,CHEMBL3403510,COc1ccc(N(C)c2nc(C)nc3oc(C)cc23)cc1OC
2397,6.525492360883025,nM,CHEMBL3403512,Cc1nc(N(C)c2ccc3c(c2)OCO3)c2cc(C)oc2n1
2398,6.645123577483767,nM,CHEMBL3403513,Cc1nc(N(C)c2ccc3c(c2)CCO3)c2cc(C)oc2n1
2399,6.513427849481644,nM,CHEMBL3403514,Cc1nc(N(C)c2ccc3occc3c2)c2cc(C)oc2n1
2400,6.986320302708808,nM,CHEMBL3403515,COc1ccc2c(c1)CCN2c1nc(C)nc2oc(C)cc12
2401,8.468521082957745,nM,CHEMBL3403517,COc1ccc2c(c1)CCCN2c1nc(C)nc2oc(C)cc12
2402,6.990549104201307,nM,CHEMBL3403518,Cc1nc(N(C)c2ccc(OC(C)C)cc2)c2cc(C)oc2n1
2403,8.142667503568731,nM,CHEMBL340399,Cc1cccc(Nc2ncnc3cc(NCCc4c[nH]cn4)ncc23)c1
2404,8.309981219211306,nM,CHEMBL340484,CN1CCN(CCCNc2cc3ncnc(Nc4cccc(Br)c4)c3cn2)CC1
2405,8.15002808767115,nM,CHEMBL340508,NNc1cc2ncnc(Nc3cccc(Br)c3)c2cn1
2406,7.366531544420414,nM,CHEMBL340611,CC[N+](C)(C)[C@H]1C[C@@H]2O[C@](C)([C@H]1OC)n1c3ccccc3c3c4c(c5c6ccccc6n2c5c31)C(=O)NC4
2407,6.251811972993799,nM,CHEMBL340660,CCOc1cc2ncnc(Nc3cccc(-c4csc(N)n4)c3)c2cc1OCC
2408,8.494850021680094,nM,CHEMBL340700,CN(CC(O)CO)c1cc2ncnc(Nc3cccc(Br)c3)c2cn1
2409,8.460046158343603,nM,CHEMBL340898,Cc1cccc(Nc2ncnc3cc(NCCCn4ccnc4)ncc23)c1
2410,7.443697499232713,nM,CHEMBL3409482,CN(CCO)c1cc2c(Nc3ccc4c(cnn4Cc4ccccc4)c3)ncnc2cn1
2411,7.602059991327963,nM,CHEMBL3409484,CS(=O)(=O)CCNCc1ccc(-c2cc3c(Nc4ccc(OCc5ccccc5)cc4)ncnc3cn2)o1
2412,8.590066876668706,nM,CHEMBL341319,CN(CCO)c1cc2ncnc(Nc3cccc(Br)c3)c2cn1
2413,6.73754891026957,nM,CHEMBL3414594,COc1ccccc1-c1cc2c(NCc3ccccn3)ncnc2s1
2414,8.2518119729938,nM,CHEMBL341522,Cc1cccc(Nc2ncnc3cc(NCCCN4CCN(C)CC4)ncc23)c1
2415,6.815308569182402,nM,CHEMBL3416437,COc1ccccc1-c1cc2c(N[C@H](C)c3ccccn3)ncnc2s1
2416,7.275724130399211,nM,CHEMBL3416438,Fc1ccc(Nc2ncnc3sc(Br)cc23)cc1Cl
2417,7.638272163982407,nM,CHEMBL3416439,C#Cc1cccc(Nc2ncnc3sc(Br)cc23)c1
2418,6.590066876668706,nM,CHEMBL3416441,Fc1cccc(COc2ccc(Nc3ncnc4sc(Br)cc34)cc2Cl)c1
2419,7.769551078621726,nM,CHEMBL3416446,COc1ccccc1-c1cc2c(NCc3ccccc3)ncnc2s1
2420,8.045757490560675,nM,CHEMBL3416447,COc1ccccc1-c1cc2c(N[C@H](C)c3ccccc3)ncnc2s1
2421,5.730487055782084,nM,CHEMBL3416590,COc1ccccc1-c1cc2c(N[C@@H](C)c3ccccc3)ncnc2s1
2422,7.721246399047171,nM,CHEMBL3416591,COc1ccccc1-c1cc2c(NC(C)c3ccccc3)ncnc2s1
2423,9.0,nM,CHEMBL3416592,COc1ccccc1-c1cc2c(N[C@H](CO)c3ccccc3)ncnc2s1
2424,6.201349354554731,nM,CHEMBL3416593,COc1ccccc1-c1cc2c(N[C@@H](CO)c3ccccc3)ncnc2s1
2425,8.096910013008056,nM,CHEMBL3416594,COc1ccccc1-c1cc2c(NC(CO)c3ccccc3)ncnc2s1
2426,7.638272163982407,nM,CHEMBL3416595,COC[C@@H](Nc1ncnc2sc(-c3ccccc3OC)cc12)c1ccccc1
2427,7.568636235841013,nM,CHEMBL3416596,COc1ccccc1-c1cc2c(N[C@H](C)c3ccc(F)cc3)ncnc2s1
2428,6.966576244513051,nM,CHEMBL3416597,COc1ccccc1-c1cc2c(NCc3ccncc3)ncnc2s1
2429,6.560667306169737,nM,CHEMBL3416598,COc1ccccc1-c1cc2c(NCc3cccnc3)ncnc2s1
2430,6.6179829574251325,nM,CHEMBL3416599,Brc1cc2c(NCc3ccccc3)ncnc2s1
2431,7.42021640338319,nM,CHEMBL3416600,C[C@@H](Nc1ncnc2sc(Br)cc12)c1ccccc1
2432,6.806875401645538,nM,CHEMBL3416602,CC(Nc1ncnc2sc(Br)cc12)c1ccccc1
2433,7.443697499232713,nM,CHEMBL3416603,OC[C@@H](Nc1ncnc2sc(Br)cc12)c1ccccc1
2434,7.080921907623926,nM,CHEMBL3416605,OCC(Nc1ncnc2sc(Br)cc12)c1ccccc1
2435,6.581698708680255,nM,CHEMBL3416606,COC[C@@H](Nc1ncnc2sc(Br)cc12)c1ccccc1
2436,6.73754891026957,nM,CHEMBL3416608,CC[C@@H](Nc1ncnc2sc(Br)cc12)c1ccccc1
2437,6.823908740944319,nM,CHEMBL3416612,C[C@@H](Nc1ncnc2sc(Br)cc12)c1ccc(F)cc1
2438,5.410832609453953,nM,CHEMBL3416614,Brc1cc2c(NCc3ccncc3)ncnc2s1
2439,5.862013267276469,nM,CHEMBL3416619,Brc1cc2c(NCc3cccs3)ncnc2s1
2440,6.381951903287908,nM,CHEMBL3416620,C[C@@H](Nc1ncnc2sc(Br)cc12)c1cccs1
2441,7.096910013008056,nM,CHEMBL3416621,Brc1cc2c(Nc3ccccc3)ncnc2s1
2442,6.769551078621726,nM,CHEMBL3416622,COc1ccccc1-c1cc2c(NCc3cccs3)ncnc2s1
2443,7.259637310505756,nM,CHEMBL3416623,COc1ccccc1-c1cc2c(N[C@H](C)c3cccs3)ncnc2s1
2444,6.761953896871205,nM,CHEMBL3416624,COc1ccccc1-c1cc2c(Nc3ccccc3)ncnc2s1
2445,8.301029995663981,nM,CHEMBL3416625,COc1ccccc1-c1cc2c(Nc3ccc(F)c(Cl)c3)ncnc2s1
2446,7.744727494896694,nM,CHEMBL3416626,C#Cc1cccc(Nc2ncnc3sc(-c4ccccc4OC)cc23)c1
2447,6.657577319177793,nM,CHEMBL3416627,COc1ccccc1-c1cc2c(Nc3ccc(OCc4cccc(F)c4)c(Cl)c3)ncnc2s1
2448,6.221848749616356,nM,CHEMBL3416630,OC[C@@H](Nc1ncnc2sc(-c3ccc(CN4CCNCC4)cc3)cc12)c1ccccc1
2449,6.221848749616356,nM,CHEMBL3416631,OCCN1CCN(Cc2ccc(-c3cc4c(N[C@H](CO)c5ccccc5)ncnc4s3)cc2)CC1
2450,7.161150909262744,nM,CHEMBL3416633,C[C@H](N)C#Cc1cc2c(Nc3ccc(OCc4cccc(F)c4)c(Cl)c3)ncnc2s1
2451,7.148741651280925,nM,CHEMBL3416634,C#Cc1cc2c(Nc3ccc(OCc4cccc(F)c4)c(Cl)c3)ncnc2s1
2452,6.962573502059376,nM,CHEMBL3416635,Fc1cccc(COc2ccc(Nc3ncnc4sc(C#CC5CCCN5)cc34)cc2Cl)c1
2453,6.429457060118103,nM,CHEMBL3416636,Nc1cnc(C#Cc2cc3c(Nc4ccc(OCc5cccc(F)c5)c(Cl)c4)ncnc3s2)cn1
2454,6.920818753952375,nM,CHEMBL3425655,COc1cc(N2CCN(C)CC2)ccc1Nc1ncc(Cl)c(Oc2cccc(NC(=O)/C(C#N)=C/c3ccc(F)cc3)c2)n1
2455,6.292429823902064,nM,CHEMBL3425656,COc1cc(N2CCN(C)CC2)ccc1Nc1ncc(Cl)c(Oc2cccc(NC(=O)/C(C#N)=C/c3ccc(SC)cc3)c2)n1
2456,5.920818753952375,nM,CHEMBL3425657,COc1cc(N2CCN(C)CC2)ccc1Nc1ncc(Cl)c(Oc2cccc(NC(=O)/C(C#N)=C/c3ccc([N+](=O)[O-])cc3)c2)n1
2457,6.142667503568732,nM,CHEMBL3425658,COc1cc(N2CCN(C)CC2)ccc1Nc1ncc(Cl)c(Oc2cccc(NC(=O)/C(C#N)=C/c3cccc([N+](=O)[O-])c3)c2)n1
2458,6.026872146400302,nM,CHEMBL3425660,COc1cc(N2CCN(C)CC2)ccc1Nc1ncc(Cl)c(Oc2cccc(NC(=O)/C(C#N)=C/c3ccc(C#N)cc3)c2)n1
2459,7.431798275933005,nM,CHEMBL3425661,COc1cc(N2CCN(C)CC2)ccc1Nc1ncc(Cl)c(Oc2cccc(NC(=O)/C(C#N)=C/c3ccncc3)c2)n1
2460,6.481486060122113,nM,CHEMBL3425662,COc1cc(N2CCN(C)CC2)ccc1Nc1ncc(Cl)c(Oc2cccc(NC(=O)/C(C#N)=C/c3ccco3)c2)n1
2461,7.091514981121351,nM,CHEMBL3425663,COc1cc(N2CCN(C)CC2)ccc1Nc1ncc(Cl)c(Oc2cccc(NC(=O)/C(C#N)=C/c3cnc[nH]3)c2)n1
2462,7.080921907623926,nM,CHEMBL3425664,COc1cc(N2CCN(C)CC2)ccc1Nc1ncc(Cl)c(Oc2cccc(NC(=O)/C(C#N)=C/C3CC3)c2)n1
2463,6.096910013008056,nM,CHEMBL3425665,COc1cc(N2CCN(C)CC2)ccc1Nc1ncc(Cl)c(Oc2cccc(NC(=O)/C(C#N)=C/C(C)C)c2)n1
2464,6.3979400086720375,nM,CHEMBL3425666,COc1cc(N2CCN(C)CC2)ccc1Nc1ncc(Cl)c(Oc2cccc(NC(=O)/C(C#N)=C/C(C)(C)C)c2)n1
2465,5.200659450546419,nM,CHEMBL3425668,COc1cc(N2CCN(C)CC2)ccc1Nc1ncc(Cl)c(Oc2cccc(NC(=O)/C(=C/c3ccc(F)cc3)C(F)(F)F)c2)n1
2466,5.657577319177794,nM,CHEMBL3425669,COc1cc(N2CCN(C)CC2)ccc1Nc1ncc(Cl)c(Oc2cccc(NC(=O)/C(=C/c3ccc(N(C)C)cc3)C(F)(F)F)c2)n1
2467,5.050609993355088,nM,CHEMBL3425670,COc1ccc(/C=C(/C(=O)Nc2cccc(Oc3nc(Nc4ccc(N5CCN(C)CC5)cc4OC)ncc3Cl)c2)C(F)(F)F)cc1
2468,6.080921907623926,nM,CHEMBL3425672,COc1cc(N2CCN(C)CC2)ccc1Nc1ncc(Cl)c(Oc2cccc(NC(=O)/C=C/C3CC3)c2)n1
2469,6.113509274827519,nM,CHEMBL3425673,COc1cc(N2CCN(C)CC2)ccc1Nc1ncc(Cl)c(Oc2cccc(NC(=O)CCC3CC3)c2)n1
2470,5.453704164878557,nM,CHEMBL3426225,CCn1nc(C#Cc2cc(C(=O)Nc3ccc(CN4CCN(C)CC4)c(C(F)(F)F)c3)ccc2C)c2c(N)ncnc21
2471,6.026872146400302,nM,CHEMBL342792,COc1cc(/C=C(\C#N)S(=O)(=O)/C(C#N)=C/c2cc(O)c(O)c(OC)c2)cc(O)c1O
2472,9.2518119729938,nM,CHEMBL342828,O=C(/C=C/C(=O)Nc1cc2c(Nc3cccc(Br)c3)ncnc2cn1)NCCCn1ccnc1
2473,5.7447274948966935,nM,CHEMBL342929,CNC(=O)c1c(SSc2c(C(=O)NC)c3ccccc3n2C)n(C)c2ccccc12
2474,7.585026652029182,nM,CHEMBL3436354,Cc1ccc(S(=O)(=O)O)cc1.Fc1cccc(COc2ccc(Nc3ncnc4ccc(-c5ccc(CN6CCOCC6)o5)cc34)cc2Cl)c1
2475,7.903089986991944,nM,CHEMBL3436355,CN1CCN(Cc2ccc(-c3ccc4ncnc(Nc5ccc(OCc6cccc(F)c6)c(Cl)c5)c4c3)o2)CC1.Cc1ccc(S(=O)(=O)O)cc1
2476,7.966576244513051,nM,CHEMBL3436356,Cc1ccc(S(=O)(=O)O)cc1.Fc1cccc(COc2ccc(Nc3ncnc4ccc(-c5ccc(CN6CCNCC6)o5)cc34)cc2Cl)c1
2477,7.552841968657781,nM,CHEMBL3436357,CCOC(=O)N1CCN(Cc2ccc(-c3ccc4ncnc(Nc5ccc(OCc6cccc(F)c6)c(Cl)c5)c4c3)o2)CC1.Cc1ccc(S(=O)(=O)O)cc1
2478,7.222573177610689,nM,CHEMBL3436358,CS(=O)(=O)N1CCN(Cc2ccc(-c3ccc4ncnc(Nc5ccc(OCc6cccc(F)c6)c(Cl)c5)c4c3)o2)CC1.Cc1ccc(S(=O)(=O)O)cc1
2479,7.943095148663527,nM,CHEMBL3436359,CC(=O)N1CCN(Cc2ccc(-c3ccc4ncnc(Nc5ccc(OCc6cccc(F)c6)c(Cl)c5)c4c3)o2)CC1.Cc1ccc(S(=O)(=O)O)cc1
2480,6.633763876281707,nM,CHEMBL3436360,CN1CCN(C(=O)c2ccc(-c3ccc4ncnc(Nc5ccc(OCc6cccc(F)c6)c(Cl)c5)c4c3)o2)CC1.Cc1ccc(S(=O)(=O)O)cc1
2481,8.795880017344075,nM,CHEMBL343722,C=C=CC(=O)Nc1ccc2ncnc(Nc3cccc(Br)c3)c2c1
2482,3.7800000019463225,nM,CHEMBL343875,CCOc1ccc2sc(SCc3cc(/C=C(\C#N)C(N)=O)cc(OC)c3O)nc2c1
2483,5.657577319177794,nM,CHEMBL343887,N#C/C(=C\c1ccc(O)c(O)c1)C(=O)NCCN1CCN(C(=O)/C(C#N)=C/c2ccc(O)c(O)c2)CC1
2484,9.161150909262744,nM,CHEMBL344177,O=C(/C=C/Cl)Nc1cc2c(Nc3cccc(Br)c3)ncnc2cn1
2485,8.568636235841012,nM,CHEMBL344486,CCOC(=O)/C=C/C(=O)Nc1ccc2ncnc(Nc3cccc(Br)c3)c2c1
2486,4.874518734299406,nM,CHEMBL344652,CN(C)/N=N/c1ccc2ncnc(N(C)c3ccccc3)c2c1
2487,8.33998877871067,nM,CHEMBL345077,C=C[S+]([O-])c1cc2c(Nc3cccc(Br)c3)ncnc2cn1
2488,9.356547323513812,nM,CHEMBL345109,CN(C)CCCNC(=O)/C=C/C(=O)Nc1ccc2ncnc(Nc3cccc(Br)c3)c2c1
2489,5.026872146400303,nM,CHEMBL345203,CNC(=O)CCc1c(SSc2[nH]c3ccccc3c2CCC(=O)NC)[nH]c2ccccc12
2490,5.0,nM,CHEMBL345211,Cn1c(SSc2c(C(=O)NCC(=O)O)c3ccccc3n2C)c(C(=O)NCC(=O)O)c2ccccc21
2491,7.958607314841775,nM,CHEMBL345294,Brc1cccc(Nc2ncnc3ccsc23)c1
2492,4.0,nM,CHEMBL345641,O=C(Nc1ccccc1)c1c(SSc2[nH]c3ccccc3c2C(=O)Nc2ccccc2)[nH]c2ccccc12
2493,4.920818753952376,nM,CHEMBL345837,Cn1c(SSc2c(C(=O)Nc3cccc(C(=O)O)c3)c3ccccc3n2C)c(C(=O)Nc2cccc(C(=O)O)c2)c2ccccc21
2494,4.327902142064283,nM,CHEMBL345862,Cn1c(SSc2c(C(=O)Nc3ccccc3C(=O)O)c3ccccc3n2C)c(C(=O)Nc2ccccc2C(=O)O)c2ccccc21
2495,6.832682665251824,nM,CHEMBL345988,Nc1nc(Nc2cccc(Br)c2)c2c(n1)[nH]c1ccccc12
2496,5.214670164989233,nM,CHEMBL346553,COC(=O)c1ccc(C(=O)c2c(SSc3c(C(=O)c4ccc(C(=O)OC)cc4)c4ccccc4n3C)n(C)c3ccccc23)cc1
2497,5.259637310505757,nM,CHEMBL346770,Cn1c(SSc2c(C(=O)c3ccc(C(=O)O)cc3)c3ccccc3n2C)c(C(=O)c2ccc(C(=O)O)cc2)c2ccccc21
2498,7.096910013008056,nM,CHEMBL346846,COc1ccc2c(c1)sc1c(Nc3cccc(Br)c3)ncnc12
2499,7.397940008672037,nM,CHEMBL346863,Brc1cccc(Nc2ncnc3c2sc2ncsc23)c1.CO
2500,4.772113295386327,nM,CHEMBL347161,Cn1c(SSc2c(C(=O)Nc3ccc(C(=O)O)cc3)c3ccccc3n2C)c(C(=O)Nc2ccc(C(=O)O)cc2)c2ccccc21
2501,7.327902142064283,nM,CHEMBL347282,Nc1ccc2sc3c(Nc4cccc(C(F)(F)F)c4)ncnc3c2c1
2502,4.5421181032660085,nM,CHEMBL347854,Cc1ccc(S(=O)(=O)c2c(SSc3[nH]c4ccccc4c3S(=O)(=O)c3ccc(C)cc3)[nH]c3ccccc23)cc1
2503,4.494850021680095,nM,CHEMBL348116,N#CCc1c(SSc2[nH]c3ccccc3c2CC#N)[nH]c2ccccc12
2504,4.756961951313706,nM,CHEMBL348554,CN(C)CCNC(=O)c1c(SSc2c(C(=O)NCCN(C)C)c3ccccc3n2C)n(C)c2ccccc12
2505,8.744727494896694,nM,CHEMBL349070,CN(C)CCCCNc1cc2c(Nc3cccc(Br)c3)ncnc2cn1
2506,9.356547323513812,nM,CHEMBL351629,CN(CC(=O)O)c1cc2c(Nc3cccc(Br)c3)ncnc2cn1
2507,5.251811972993799,nM,CHEMBL351920,CC(=O)c1c(SSc2c(C(C)=O)c3ccccc3n2C)n(C)c2ccccc12
2508,6.376750709602099,nM,CHEMBL352801,COc1cccc(-c2cn(C3CC(CO)C3)c3ncnc(N)c23)c1
2509,6.301029995663981,nM,CHEMBL352954,Nc1ncnc2c1c(-c1ccccc1)cn2C1CCCC1
2510,5.080921907623926,nM,CHEMBL353823,CC(C)(C)OC(=O)N1CCC(n2cc(-c3ccccc3)c3c(N)ncnc32)C1
2511,5.573488738635425,nM,CHEMBL354033,Nc1ncnc2c1c(-c1ccc(O)cc1)cn2C1CCNC1
2512,8.2958494831602,nM,CHEMBL3542268,OCc1ccc(-c2ccc3ncnc(Nc4ccc(OCc5cccc(F)c5)c(Cl)c4)c3c2)o1
2513,6.481486060122113,nM,CHEMBL354310,COc1cccc(-c2cn(C3CC(C(=O)NCCO)C3)c3ncnc(N)c23)c1
2514,8.10738311107713,nM,CHEMBL3545308,C=CC(=O)Nc1cccc(Nc2nc(Nc3ccc(N4CCN(C(C)=O)CC4)cc3OC)ncc2C(F)(F)F)c1
2515,8.388808955342833,nM,CHEMBL3545311,COc1cc(N2CCC(N3CCN(C)CC3)CC2)ccc1Nc1ncc(Cl)c(Nc2ccccc2P(C)(C)=O)n1
2516,6.130768280269024,nM,CHEMBL355019,COC(=O)CN1CCC(n2cc(-c3cccc(O)c3)c3c(N)ncnc32)C1
2517,6.346787486224656,nM,CHEMBL355191,COc1cccc(-c2cn(C3CCC3)c3ncnc(N)c23)c1
2518,6.1249387366083,nM,CHEMBL355269,COc1cccc(-c2cn(C3CCN(CC(=O)N(C)C)CC3)c3ncnc(N)c23)c1
2519,6.356547323513813,nM,CHEMBL355322,COc1cccc(-c2cn(C3CCN(CC(N)=O)C3)c3ncnc(N)c23)c1
2520,6.522878745280337,nM,CHEMBL355330,Nc1ncnc2c1c(-c1cccc(O)c1)cn2C1CCC1
2521,9.55284196865778,nM,CHEMBL355816,O=C(O)CNc1cc2c(Nc3cccc(Br)c3)ncnc2cn1
2522,6.080921907623926,nM,CHEMBL355891,COC(=O)CN1CCC(n2cc(-c3cccc(OC)c3)c3c(N)ncnc32)C1
2523,7.455931955649724,nM,CHEMBL355982,Brc1cccc(Nc2ncnc3sccc23)c1
2524,6.42021640338319,nM,CHEMBL356324,N#C/C(=C\c1ccc(O)c(O)c1)S(=O)(=O)/C(C#N)=C/c1ccc(O)c(O)c1
2525,8.744727494896694,nM,CHEMBL356850,Brc1cccc(Nc2ncnc3c2sc2ccccc23)c1
2526,6.337242168318426,nM,CHEMBL357097,c1ccc(CNc2[nH]cnc3c4ccccc4nc2-3)cc1
2527,5.7447274948966935,nM,CHEMBL357161,N#C/C(=C\c1ccc(O)c(O)c1)C(=O)NCC1CCCC(CNC(=O)/C(C#N)=C/c2ccc(O)c(O)c2)C1
2528,8.0268721464003,nM,CHEMBL357367,CCO.Nc1ccc2sc3c(Nc4ccccc4)ncnc3c2c1
2529,3.991399828238083,nM,CHEMBL357400,COc1cc(/C=C(\C#N)C(=O)NCCCCNC(=O)/C(C#N)=C/c2cc(Br)c(O)c(OC)c2)cc(Br)c1O
2530,8.102372908709558,nM,CHEMBL357570,CCNc1cc2sc3c(Nc4cccc(Br)c4)ncnc3c2cc1F.CCO
2531,4.853871964321763,nM,CHEMBL358092,COC(=O)c1ccc(-c2ccc(-c3ccccc3)cc2O)cc1
2532,11.221848749616356,nM,CHEMBL35820,CCOc1cc2ncnc(Nc3cccc(Br)c3)c2cc1OCC
2533,5.3979400086720375,nM,CHEMBL358494,N#C/C(=C\c1ccc(O)c(O)c1)C(=O)N1CCN(C(=O)/C(C#N)=C/c2ccc(O)c(O)c2)CC1
2534,5.091514981121351,nM,CHEMBL3586174,O=C1N=C(N2CCC[C@H]2C(=O)Nc2ccc3ncnc(Nc4cccc(Cl)c4)c3c2)S/C1=C/c1cccs1
2535,4.503070351926786,nM,CHEMBL3586175,O=C1N=C(N2CCC[C@H]2C(=O)Nc2ccc3ncnc(Nc4cccc(Cl)c4)c3c2)S/C1=C/c1ccc(Br)s1
2536,5.187086643357145,nM,CHEMBL3586176,Cc1cccc(/C=C2/SC(N3CCC[C@H]3C(=O)Nc3ccc4ncnc(Nc5cccc(Cl)c5)c4c3)=NC2=O)n1
2537,5.508638306165728,nM,CHEMBL3586177,O=C1N=C(N2CCC[C@H]2C(=O)Nc2ccc3ncnc(Nc4cccc(Cl)c4)c3c2)S/C1=C/c1cccc(Br)n1
2538,5.130768280269024,nM,CHEMBL3586178,O=C1N=C(N2CCC[C@H]2C(=O)Nc2ccc3ncnc(Nc4cccc(Cl)c4)c3c2)S/C1=C/c1cccnc1Cl
2539,5.008773924307505,nM,CHEMBL3586179,O=C1N=C(N2CCC[C@H]2C(=O)Nc2ccc3ncnc(Nc4cccc(Cl)c4)c3c2)S/C1=C/c1cccnc1
2540,5.119186407719209,nM,CHEMBL3586185,O=C1N=C(N2CCC[C@H]2C(=O)Nc2ccc3ncnc(Nc4cccc(Cl)c4)c3c2)S/C1=C/c1ccc(Cl)cc1
2541,4.87942606879415,nM,CHEMBL3586189,O=C1N=C(N2CCC[C@H]2C(=O)Nc2ccc3ncnc(Nc4cccc(Cl)c4)c3c2)S/C1=C/c1ccc(-c2ccccc2)cc1
2542,6.221848749616356,nM,CHEMBL358746,N#C/C(=C\c1cc(O)c(O)c(O)c1)C(=O)NCCCCNC(=O)/C(C#N)=C/c1cc(O)c(O)c(O)c1
2543,8.958607314841775,nM,CHEMBL358934,CCO.CNc1ccc2sc3c(Nc4cccc(Br)c4)ncnc3c2c1
2544,5.0,nM,CHEMBL359830,O=C(Nc1ccc(F)cc1)Nc1ncnc2nn3ccccc3c12
2545,6.388276691992658,nM,CHEMBL3601223,C=CC(=O)Nc1cccc(CNc2nc(Nc3ccc(N4CCN(C)CC4)cc3OC)ncc2Cl)c1
2546,5.823908740944319,nM,CHEMBL360190,O=C1N/C=C/c2ccc(c(Br)c2)Oc2cc(cc(Br)c2O)CCNC(=O)/C(=N/O)Cc2ccc(c(Br)c2)Oc2cc(cc(Br)c2O)C/C1=N\O
2547,5.657577319177794,nM,CHEMBL360209,COc1cc2ncnc(Nc3ccc(Cl)c(NC(=O)c4ccccc4)c3)c2cc1OC
2548,5.6777807052660805,nM,CHEMBL3604910,CCC(=O)Nc1ccc2c(Nc3cc[nH]n3)nc(-c3ccccc3)nc2c1
2549,5.958607314841776,nM,CHEMBL3604911,C=CC(=O)Nc1ccccc1-c1nc(Nc2cc[nH]n2)c2ccccc2n1
2550,7.0,nM,CHEMBL3604912,C=CC(=O)Nc1cccc(-c2nc(Nc3cc[nH]n3)c3ccccc3n2)c1
2551,6.3979400086720375,nM,CHEMBL3604915,CCC(=O)Nc1cccc(-c2nc(Nc3cc[nH]n3)c3ccccc3n2)c1
2552,6.522878745280337,nM,CHEMBL3604917,C=CC(=O)Nc1cc(Nc2cc[nH]n2)nc(-c2ccccc2)n1
2553,5.4685210829577455,nM,CHEMBL3604918,CCC(=O)Nc1cc(Nc2cc[nH]n2)nc(-c2ccccc2)n1
2554,5.6020599913279625,nM,CHEMBL3604919,C=CC(=O)Nc1cccc(-c2nccc(Nc3cc(C)[nH]n3)n2)c1
2555,6.221848749616356,nM,CHEMBL3604920,C=CC(=O)Nc1ccccc1Oc1nc(Nc2cc(C)[nH]n2)cc(N2CCN(C)CC2)n1
2556,5.7447274948966935,nM,CHEMBL3604922,C=CC(=O)Nc1ccc(Oc2nc(Nc3cc(C)[nH]n3)cc(N3CCN(C)CC3)n2)cc1
2557,5.721246399047171,nM,CHEMBL3604924,CCC(=O)Nc1cccc(Oc2nc(Nc3cc(C)[nH]n3)cc(N3CCN(C)CC3)n2)c1
2558,6.154901959985743,nM,CHEMBL3604925,CCC(=O)Nc1ccc(Oc2nc(Nc3cc(C)[nH]n3)cc(N3CCN(C)CC3)n2)cc1
2559,5.795880017344075,nM,CHEMBL3604926,Cc1cc(Nc2cc(N3CCN(C)CC3)nc(Oc3ccccc3[N+](=O)[O-])n2)n[nH]1
2560,6.221848749616356,nM,CHEMBL3604927,Cc1cc(Nc2cc(N3CCN(C)CC3)nc(Oc3cccc([N+](=O)[O-])c3)n2)n[nH]1
2561,6.045757490560675,nM,CHEMBL3604928,Cc1cc(Nc2cc(N3CCN(C)CC3)nc(Oc3ccc([N+](=O)[O-])cc3)n2)n[nH]1
2562,5.309803919971486,nM,CHEMBL3604929,Cc1cc(Nc2cc(N3CCN(C)CC3)nc(Oc3cccc(N)c3)n2)n[nH]1
2563,5.853871964321762,nM,CHEMBL3604930,Cc1cc(Nc2cc(N3CCN(C)CC3)nc(Oc3ccc(N)cc3)n2)n[nH]1
2564,5.721246399047171,nM,CHEMBL3604933,C=CC(=O)Nc1cccc(Oc2nc(Nc3cc[nH]n3)cc(N3CCN(C)CC3)n2)c1
2565,5.769551078621726,nM,CHEMBL3604935,Cc1cc(Nc2cc(N3CCN(C)CC3)nc(Oc3ccc(NC(=O)/C=C/CN(C)C)cc3)n2)n[nH]1
2566,5.823908740944319,nM,CHEMBL3604936,Cc1cc(Nc2cc(N3CCN(C)CC3)nc(Oc3ccc(NC(=O)/C=C/C(F)(F)F)cc3)n2)n[nH]1
2567,5.0655015487564325,nM,CHEMBL3604938,CCC(=O)Nc1cccc(Oc2nc(Nc3n[nH]c4ccccc34)cc(N3CCN(C)CC3)n2)c1
2568,6.154901959985743,nM,CHEMBL3604939,CN(C)C/C=C/C(=O)Nc1cccc(Oc2nc(Nc3n[nH]c4ccccc34)cc(N3CCN(C)CC3)n2)c1
2569,6.522878745280337,nM,CHEMBL3604940,C=CC(=O)Nc1cccc(Oc2nc(Nc3n[nH]c4ccc(Br)cc34)cc(N3CCN(C)CC3)n2)c1
2570,6.698970004336019,nM,CHEMBL3604941,C=CC(=O)Nc1cccc(Oc2nc(Nc3n[nH]c4ccccc34)cc(N3CCN(C(C)=O)CC3)n2)c1
2571,5.309803919971486,nM,CHEMBL3604942,C=CC(=O)Nc1cccc(-c2nc(Nc3n[nH]c4ccccc34)cc(N3CCN(C)CC3)n2)c1
2572,9.0,nM,CHEMBL3604943,C=CC(=O)Nc1cc(Nc2nccc(-c3cn(C)c4ccccc34)n2)c(OC)cc1N1CCN(C)CC1
2573,8.698970004336019,nM,CHEMBL3608429,C=CC(=O)N[C@@H]1CN(c2nc(Nc3cnn(C)c3)c3ncn(C(C)C)c3n2)C[C@H]1F
2574,8.154901959985743,nM,CHEMBL3608431,C=CC(=O)N[C@H]1CCN(c2nc(Nc3ccc(N4CCN(C)CC4)cc3)c3ncn(CCO)c3n2)C1
2575,8.522878745280337,nM,CHEMBL3608433,C=CC(=O)N[C@@H]1CN(c2nc(Nc3cn(C4CCN(C)C4)nc3OC)c3ncn(C(C)C)c3n2)C[C@H]1F
2576,9.0,nM,CHEMBL3608434,C=CC(=O)N[C@@H]1CN(c2nc(Nc3cn(CC)nc3OC)c3ncn(C)c3n2)C[C@H]1F
2577,6.327902142064283,nM,CHEMBL3612561,COCCn1c(=O)oc2cc3ncnc(Nc4ccc(F)c(Cl)c4)c3cc21
2578,6.721246399047171,nM,CHEMBL3612562,C#Cc1cccc(Nc2ncnc3cc4oc(=O)n(CCOC)c4cc23)c1
2579,7.585026652029182,nM,CHEMBL3612563,COCCn1c(=O)oc2cc3ncnc(Nc4ccc(F)c(F)c4)c3cc21
2580,5.292429823902063,nM,CHEMBL3612564,COCCn1c(=O)oc2cc3ncnc(Nc4ccc(OC)cc4)c3cc21
2581,6.468521082957745,nM,CHEMBL3612567,COCCn1c(=O)oc2cc3ncnc(Nc4ccc(OCc5nccc(OCC(F)(F)F)c5C)cc4)c3cc21
2582,6.251811972993799,nM,CHEMBL3612570,COCCn1c(=O)oc2cc3ncnc(Nc4cccc(C(C)=O)c4)c3cc21
2583,5.886056647693163,nM,CHEMBL3612571,COCCn1c(=O)oc2cc3ncnc(Nc4ccc(OCc5ccc(Cl)cc5)c(Cl)c4)c3cc21
2584,5.259637310505757,nM,CHEMBL3612572,COCCn1c(=O)oc2cc3ncnc(Nc4ccc(OC)c(OC)c4)c3cc21
2585,6.356547323513813,nM,CHEMBL3612573,CCOC(=O)c1ccc(O)c(Nc2ncnc3cc4oc(=O)n(CCOC)c4cc23)c1
2586,5.10790539730952,nM,CHEMBL3612574,CCOC(=O)CCCn1c(=O)oc2cc3ncnc(Nc4ccc(F)c(Cl)c4)c3cc21
2587,5.2441251443275085,nM,CHEMBL3612575,C#Cc1cccc(Nc2ncnc3cc4oc(=O)n(CCCC(=O)OCC)c4cc23)c1
2588,5.920818753952375,nM,CHEMBL3612578,CCOC(=O)CCCn1c(=O)oc2cc3ncnc(Nc4ccc(Cl)cc4)c3cc21
2589,5.1249387366083,nM,CHEMBL3612580,CCOC(=O)CCCn1c(=O)oc2cc3ncnc(Nc4ccc(OC)cc4)c3cc21
2590,6.107905397309519,nM,CHEMBL3612585,CCOC(=O)CCCn1c(=O)oc2cc3ncnc(Nc4ccc(OCc5nccc(OCC(F)(F)F)c5C)cc4)c3cc21
2591,8.136677139879545,nM,CHEMBL3612587,CCOC(=O)CCCn1c(=O)oc2cc3ncnc(Nc4cc(C(=O)OCC)ccc4O)c3cc21
2592,6.886056647693163,nM,CHEMBL3612590,CCOC(=O)CCCn1c(=O)oc2cc3ncnc(Nc4ccc5[nH]ncc5c4)c3cc21
2593,5.638272163982407,nM,CHEMBL3612591,CCOC(=O)CCCn1c(=O)oc2cc3ncnc(Nc4ccc(OCc5ccccn5)cc4)c3cc21
2594,6.853871964321762,nM,CHEMBL3612592,CCOC(=O)CCCn1c(=O)oc2cc3ncnc(Nc4ccc(F)c(F)c4)c3cc21
2595,7.275724130399211,nM,CHEMBL3612593,CCOC(=O)CCCn1c(=O)oc2cc3ncnc(Nc4ccc(OCc5ccc(Cl)cc5)c(Cl)c4)c3cc21
2596,7.698970004336019,nM,CHEMBL3612594,CCOC(=O)CCCn1c(=O)oc2cc3ncnc(Nc4ccc(O)cc4)c3cc21
2597,8.060480747381382,nM,CHEMBL3612595,CCOC(=O)CCCn1c(=O)oc2cc3ncnc(Nc4cccc(O)c4)c3cc21
2598,6.795880017344075,nM,CHEMBL3612596,CCOC(=O)CCCn1c(=O)oc2cc3ncnc(Nc4ccc(OC(C)C)cc4)c3cc21
2599,6.180456064458132,nM,CHEMBL3612598,CCOC(=O)CCCn1c(=O)oc2cc3ncnc(Nc4ccc(C(=O)OCc5ccc(Cl)cc5)cc4)c3cc21
2600,5.823908740944319,nM,CHEMBL3612599,CCOC(=O)CCCn1c(=O)oc2cc3ncnc(Nc4cc(C)cc(C)c4)c3cc21
2601,5.300162274132754,nM,CHEMBL361322,c1ccc(Cc2nc3cc(Nc4ncnc5nn6ccccc6c45)ccc3[nH]2)cc1
2602,5.277119389313061,nM,CHEMBL3613691,CN(C)c1ccc(/C=C/C(=O)c2ccc3ncc(C(N)=O)c(Nc4ccc(Cl)cc4)c3c2)cc1
2603,5.316592700867906,nM,CHEMBL3613695,NC(=O)c1cnc2ccc(C(=O)/C=C/c3ccc(Cl)cc3)cc2c1Nc1ccc(Br)cc1
2604,10.431798275933003,nM,CHEMBL3613702,C=CC(=O)Nc1ccc2ncnc(Nc3cc(F)c(Cl)c(Cl)c3)c2c1
2605,6.990549104201307,nM,CHEMBL3621220,C=CC(=O)Nc1cc2c(Nc3ccc(OCc4cccc(F)c4)c(Cl)c3)ncnc2cc1OCCOC
2606,8.744727494896694,nM,CHEMBL3622617,C#Cc1cccc(Nc2ncnc3cc(OCCOC)c(NC(=O)C=C)cc23)c1
2607,6.938924676370208,nM,CHEMBL3622619,C=CC(=O)Nc1cc2c(Nc3ccc(NC(=O)C=C)c(C(F)(F)F)c3)ncnc2cc1OCCOC
2608,6.708187312532882,nM,CHEMBL3622620,C=CC(=O)Nc1cc2c(Nc3ccc(F)c(C#N)c3)ncnc2cc1OCCOC
2609,6.251501873386264,nM,CHEMBL3622621,C=CC(=O)Nc1cc2c(Nc3ccc(OCc4cccc(F)c4)c(Cl)c3)ncnc2cc1O[C@H]1CCOC1
2610,7.141462802430361,nM,CHEMBL3622622,C=CC(=O)Nc1cc2c(Nc3ccc(OCc4cccc(F)c4)cc3)ncnc2cc1O[C@H]1CCOC1
2611,6.869988050328097,nM,CHEMBL3622623,C=CC(=O)Nc1cc2c(Nc3ccc(OCc4ccccn4)c(Cl)c3)ncnc2cc1O[C@H]1CCOC1
2612,6.999565922520682,nM,CHEMBL3622624,C=CC(=O)Nc1cc2c(Nc3ccc(OCc4ccccn4)cc3)ncnc2cc1O[C@H]1CCOC1
2613,7.492144128304169,nM,CHEMBL3622625,C#Cc1cccc(Nc2ncnc3cc(O[C@H]4CCOC4)c(NC(=O)C=C)cc23)c1
2614,6.980053318321158,nM,CHEMBL3622626,C=CC(=O)Nc1cc2c(Nc3ccc(Cl)c(C(F)(F)F)c3)ncnc2cc1O[C@H]1CCOC1
2615,6.776504059037606,nM,CHEMBL3622628,C=CC(=O)Nc1cc2c(Nc3ccc(F)c(C#N)c3)ncnc2cc1O[C@H]1CCOC1
2616,8.236572006437063,nM,CHEMBL3622629,C=CC(=O)Nc1cc2c(Nc3ccc(F)c(Cl)c3)ncnc2cc1O[C@H]1CCOC1
2617,6.916855856856948,nM,CHEMBL3622630,C=CC(=O)Nc1cc2c(Nc3ccc(Br)cc3F)ncnc2cc1O[C@H]1CCOC1
2618,8.920818753952375,nM,CHEMBL3622632,C#Cc1cccc(Nc2ncnc3cc(OCCOC)c(NC(=O)/C=C/CN(C)C)cc23)c1
2619,6.241390857340257,nM,CHEMBL3622633,COCCOc1cc2ncnc(Nc3ccc(Cl)c(C(F)(F)F)c3)c2cc1NC(=O)/C=C/CN(C)C
2620,6.99012436628784,nM,CHEMBL3622634,COCCOc1cc2ncnc(Nc3ccc(NC(=O)/C=C/CN(C)C)c(C(F)(F)F)c3)c2cc1NC(=O)/C=C/CN(C)C
2621,7.040958607678907,nM,CHEMBL3622636,COCCOc1cc2ncnc(Nc3ccc(OCc4cccc(F)c4)cc3)c2cc1NC(=O)/C=C/CN(C)C
2622,8.267606240177031,nM,CHEMBL3622637,COCCOc1cc2ncnc(Nc3ccc(OCc4ccccn4)c(Cl)c3)c2cc1NC(=O)/C=C/CN(C)C
2623,8.0,nM,CHEMBL3622638,COCCOc1cc2ncnc(Nc3ccc(OCc4ccccn4)cc3)c2cc1NC(=O)/C=C/CN(C)C
2624,8.920818753952375,nM,CHEMBL3622639,COCCOc1cc2ncnc(Nc3ccc(F)c(Cl)c3)c2cc1NC(=O)/C=C/CN(C)C
2625,8.522878745280337,nM,CHEMBL3622640,COCCOc1cc2ncnc(Nc3ccc(Br)cc3F)c2cc1NC(=O)/C=C/CN(C)C
2626,6.292259545726228,nM,CHEMBL3622641,CN(C)C/C=C/C(=O)Nc1cc2c(Nc3ccc(OCc4cccc(F)c4)c(Cl)c3)ncnc2cc1O[C@H]1CCOC1
2627,6.873219422987991,nM,CHEMBL3622642,CN(C)C/C=C/C(=O)Nc1cc2c(Nc3ccc(OCc4cccc(F)c4)cc3)ncnc2cc1O[C@H]1CCOC1
2628,8.09151498112135,nM,CHEMBL3622643,CN(C)C/C=C/C(=O)Nc1cc2c(Nc3ccc(OCc4ccccn4)c(Cl)c3)ncnc2cc1O[C@H]1CCOC1
2629,8.045757490560675,nM,CHEMBL3622644,CN(C)C/C=C/C(=O)Nc1cc2c(Nc3ccc(OCc4ccccn4)cc3)ncnc2cc1O[C@H]1CCOC1
2630,6.831502516476968,nM,CHEMBL3622647,CN(C)C/C=C/C(=O)Nc1cc2c(Nc3ccc(F)c(C#N)c3)ncnc2cc1O[C@H]1CCOC1
2631,8.221848749616356,nM,CHEMBL3622648,C#Cc1cccc(Nc2ncnc3cc(OC4CCOCC4)c(NC(=O)/C=C/CN(C)C)cc23)c1
2632,8.09151498112135,nM,CHEMBL3622649,C#Cc1cccc(Nc2ncnc3cc(OC4CCN(C)CC4)c(NC(=O)/C=C/CN(C)C)cc23)c1
2633,8.275724130399212,nM,CHEMBL3622650,O=C(/C=C/CN1CCCCC1)Nc1cc2c(Nc3ccc(F)c(Cl)c3)ncnc2cc1O[C@H]1CCOC1
2634,8.67778070526608,nM,CHEMBL3622651,COCCOc1cc2ncnc(Nc3ccc(F)c(Cl)c3)c2cc1NC(=O)/C=C/CN1CCCCC1
2635,6.283829652140146,nM,CHEMBL3622652,O=C1CCN(C/C=C/C(=O)Nc2cc3c(Nc4ccc(F)c(Cl)c4)ncnc3cc2O[C@H]2CCOC2)CC1
2636,7.570247719997592,nM,CHEMBL3622653,COc1cc2ncnc(Nc3ccc(F)c(Cl)c3)c2cc1NC(=O)/C=C/CN(C)C1CC1
2637,8.050609993355087,nM,CHEMBL3622654,COCCOc1cc2ncnc(Nc3ccc(F)c(Cl)c3)c2cc1NC(=O)/C=C/CN(C)C1CC1
2638,8.259637310505756,nM,CHEMBL3622655,CCOc1cc2ncnc(Nc3ccc(F)c(Cl)c3)c2cc1NC(=O)/C=C/CN(C)C1CC1
2639,6.960982678002589,nM,CHEMBL3622658,O=C(/C=C/CN1CC[S+]([O-])CC1)Nc1cc2c(Nc3ccc(F)c(Cl)c3)ncnc2cc1O[C@H]1CCOC1
2640,6.447818661160664,nM,CHEMBL3622659,COCCOc1cc2ncnc(Nc3ccc(F)c(Cl)c3)c2cc1NC(=O)/C=C/CN1CC[S+]([O-])CC1
2641,9.045757490560677,nM,CHEMBL3622664,CCOc1cc2ncnc(Nc3ccc(F)c(Cl)c3)c2cc1NC(=O)/C=C/CNC1CC1
2642,8.67778070526608,nM,CHEMBL3622665,COc1cc2ncnc(Nc3ccc(F)c(Cl)c3)c2cc1NC(=O)/C=C/CNC1CC1
2643,8.187086643357144,nM,CHEMBL3622666,O=C(/C=C/CNC1CC1)Nc1cc2c(Nc3ccc(F)c(Cl)c3)ncnc2cc1O[C@H]1CCOC1
2644,8.017728766960431,nM,CHEMBL3622667,O=C(/C=C/CNC1CC1)Nc1cc2c(Nc3ccc(F)c(Cl)c3)ncnc2cc1OC(F)F
2645,8.161150909262744,nM,CHEMBL3622668,O=C(/C=C/CNC1CC1)Nc1cc2c(Nc3ccc(F)c(Cl)c3)ncnc2cc1OCC(F)(F)F
2646,8.154901959985743,nM,CHEMBL3622670,CC(C)NC/C=C/C(=O)Nc1cc2c(Nc3ccc(F)c(Cl)c3)ncnc2cc1O[C@H]1CCOC1
2647,8.275724130399212,nM,CHEMBL3622671,C#Cc1cccc(Nc2ncnc3cc(O[C@H]4CCOC4)c(NC(=O)/C=C/CN4CCCCC4)cc23)c1
2648,8.214670164989233,nM,CHEMBL3622673,C#Cc1cccc(Nc2ncnc3cc(OCC)c(NC(=O)/C=C/CN4CCCCC4)cc23)c1
2649,8.481486060122112,nM,CHEMBL3622674,C#Cc1cccc(Nc2ncnc3cc(OC)c(NC(=O)/C=C/CN(C)C4CC4)cc23)c1
2650,8.619788758288394,nM,CHEMBL3622675,C#Cc1cccc(Nc2ncnc3cc(OCC)c(NC(=O)/C=C/CN(C)C4CC4)cc23)c1
2651,8.2518119729938,nM,CHEMBL3622676,C#Cc1cccc(Nc2ncnc3cc(O[C@H]4CCOC4)c(NC(=O)/C=C/CNC4CC4)cc23)c1
2652,8.102372908709558,nM,CHEMBL3622677,C#Cc1cccc(Nc2ncnc3cc(OC)c(NC(=O)/C=C/CNC4CC4)cc23)c1
2653,8.3767507096021,nM,CHEMBL3622678,C#Cc1cccc(Nc2ncnc3cc(OCC)c(NC(=O)/C=C/CNC4CC4)cc23)c1
2654,8.193820026016112,nM,CHEMBL3622679,C#Cc1cccc(Nc2ncnc3cc(O[C@H]4CCOC4)c(NC(=O)/C=C/CNC(C)C)cc23)c1
2655,8.18045606445813,nM,CHEMBL3623278,COc1cc2ncnc(Nc3cccc(Cl)c3F)c2cc1CN1CCOCC1
2656,8.823908740944319,nM,CHEMBL3623279,COc1cc2ncnc(Nc3cccc(Cl)c3F)c2cc1N1CCOCC1
2657,6.779891911959945,nM,CHEMBL3623280,COc1cc2ncnc(Nc3cccc(Cl)c3F)c2cc1C(=O)N1CCOCC1
2658,8.387216143280265,nM,CHEMBL3623281,COc1cc2ncnc(Nc3cccc(Cl)c3F)c2cc1OC(=O)N1CCOCC1
2659,8.301029995663981,nM,CHEMBL3623282,COc1cc2ncnc(Nc3cccc(Cl)c3F)c2cc1OC(=O)N1CCN(C)CC1
2660,8.823908740944319,nM,CHEMBL3623283,COc1cc2ncnc(Nc3ccc(F)c(Cl)c3)c2cc1N1CCOCC1
2661,8.958607314841775,nM,CHEMBL3623284,COc1cc2ncnc(Nc3cccc(Cl)c3F)c2cc1OC(=O)N1CC[C@@H](N(C)C)C1
2662,8.568636235841012,nM,CHEMBL3623285,COc1cc2ncnc(Nc3cccc(Cl)c3F)c2cc1OC(=O)N1CC[C@H](N(C)C)C1
2663,8.638272163982407,nM,CHEMBL3623286,COc1cc2ncnc(Nc3cccc(Cl)c3F)c2cc1OC(=O)N1C[C@@H]2C[C@H]1CN2C
2664,8.356547323513812,nM,CHEMBL3623287,COc1cc2ncnc(Nc3cccc(Cl)c3F)c2cc1OC(=O)N1CCN(C)C2CC21
2665,7.772113295386326,nM,CHEMBL3623288,COc1cc2ncnc(Nc3cccc(Cl)c3F)c2cc1OC(=O)N1CCN(C)[C@@H](C)C1
2666,7.667561540084395,nM,CHEMBL3623289,COc1cc2ncnc(Nc3cccc(Cl)c3F)c2cc1OC(=O)N1CCN(C)[C@H](C)C1
2667,9.69897000433602,nM,CHEMBL3623290,COc1cc2ncnc(Nc3cccc(Cl)c3F)c2cc1OC(=O)N1CCN(C)C[C@H]1C
2668,8.161150909262744,nM,CHEMBL3623291,COc1cc2ncnc(Nc3cccc(Cl)c3F)c2cc1OC(=O)N1CCN(C)C[C@@H]1C
2669,5.525783735923745,nM,CHEMBL3628791,Fc1ccc(Nc2ncnc3sccc23)cc1Cl
2670,5.876148359032914,nM,CHEMBL3628792,Fc1ccc(Nc2ncnc3sc4c(c23)CCCC4)cc1Cl
2671,5.112945621949043,nM,CHEMBL3628796,COc1cc2ncnc(Nc3ccc(NC(=O)Nc4cccc(Br)c4)cc3)c2cc1OC
2672,5.40340290437354,nM,CHEMBL3628799,O=C(Nc1ccc(Nc2ncnc3sc4c(c23)CCCC4)cc1)Nc1cccc(Br)c1
2673,6.229147988357856,nM,CHEMBL3628800,Fc1ccc(Oc2ncnc3ccccc23)cc1Cl
2674,4.674074044228534,nM,CHEMBL3628816,Clc1ccc2c(c1)SCc1cnc(Nc3ccccc3)nc1-2
2675,4.666351243485299,nM,CHEMBL3628817,COc1ccc(Nc2ncc3c(n2)-c2ccc(Cl)cc2SC3)cc1
2676,4.34008379993015,nM,CHEMBL3628818,Clc1ccc(Nc2ncc3c(n2)-c2ccc(Cl)cc2SC3)cc1
2677,5.482804102050026,nM,CHEMBL3628906,Cc1cc(Oc2ncnc3sc4c(c23)CCCC4)ccc1NC(=O)Nc1cccc(Br)c1
2678,5.8996294548824375,nM,CHEMBL3628907,O=C(Nc1cccc(Br)c1)Nc1ccc(Oc2ncnc3sc4c(c23)CCCC4)cc1Cl
2679,5.075720713938118,nM,CHEMBL363130,Cc1ccsc1C(=O)n1nc(Nc2ccc(S(N)(=O)=O)cc2)nc1N
2680,5.991399828238083,nM,CHEMBL3632637,CCOC(=O)C(=CNc1ccc2ncnc(Nc3ccc(OCc4ccccn4)c(Cl)c3)c2c1)C(=O)OCC
2681,7.823908740944319,nM,CHEMBL3633141,C=CC(=O)Nc1cc(Nc2cncc(-c3cn(C)c4ccccc34)n2)c(OC)cc1N(C)CCN(C)C
2682,8.687549698897755,nM,CHEMBL3633143,C=CC(=O)Nc1cccc(-n2c(=O)cc(C)c3cnc(Nc4ccc(N5CCN(C)CC5)cc4OC)nc32)c1
2683,8.221848749616356,nM,CHEMBL3633151,C=CC(=O)Nc1cccc(-n2c(=O)cc(C)c3cnc(Nc4ccc(N(C)CCN(C)C)cc4OC)nc32)c1
2684,8.522878745280337,nM,CHEMBL3633929,CC(=O)Nc1ccc2ncnc(Nc3ccc(OCc4ccccn4)c(Cl)c3)c2c1
2685,7.455931955649724,nM,CHEMBL3633932,CCNC(=O)Nc1ccc2ncnc(Nc3ccc(OCc4cccc(F)c4)c(Cl)c3)c2c1
2686,6.6439741428068775,nM,CHEMBL3633933,CCNC(=O)Nc1ccc2ncnc(Nc3ccc(OCc4ccccn4)c(Cl)c3)c2c1
2687,6.090443970758825,nM,CHEMBL3633936,CCOC(=O)C(=CNc1ccc2ncnc(Nc3ccc(OCc4cccc(F)c4)c(Cl)c3)c2c1)C(=O)OCC
2688,6.351639989019069,nM,CHEMBL3633938,N#CC(C#N)=CNc1ccc2ncnc(Nc3ccc(OCc4cccc(F)c4)c(Cl)c3)c2c1
2689,5.515700160653214,nM,CHEMBL3633939,N#CC(C#N)=CNc1ccc2ncnc(Nc3ccc(OCc4ccccn4)c(Cl)c3)c2c1
2690,10.431798275933003,nM,CHEMBL363815,C=CC(=O)Nc1ccc2ncnc(Nc3cc(Cl)c(Cl)cc3F)c2c1
2691,8.036212172654444,nM,CHEMBL3639542,CC(C)N(C)C/C=C/C(=O)N1CCc2sc3ncnc(Nc4ccc(Cl)c(Cl)c4)c3c2C1
2692,7.167491087293763,nM,CHEMBL3639703,C=CC(=O)Nc1cc2c(Nc3ccc(Br)cc3F)ncnc2cc1OCCCNC(=O)CS(C)(=O)=O
2693,7.920818753952375,nM,CHEMBL3639752,C=CC(=O)Nc1cc2c(Nc3cc(F)c(Br)cc3F)ncnc2cc1OCCNC(C)=O
2694,7.187086643357144,nM,CHEMBL3639984,C=CC(=O)Nc1cccc(Nc2nc(Nc3ccc(N4CCN(C(=O)CO)CC4)cc3OC(F)(F)F)ncc2C(F)(F)F)c1
2695,7.443697499232713,nM,CHEMBL3647419,CCOc1cc2ncc(C#N)c(Nc3ccc(OCc4ccccn4)c(Cl)c3)c2cc1NC(=O)/C=C/[C@@H]1C[C@@H](O)CN1C
2696,8.698970004336019,nM,CHEMBL3647422,COCCOc1cc2ncnc(Nc3ccc(F)c(Cl)c3)c2cc1NC(=O)/C=C/[C@H]1CCCN1C
2697,8.698970004336019,nM,CHEMBL3647423,CCOc1cc2ncnc(Nc3ccc(F)c(Cl)c3)c2cc1NC(=O)/C=C/[C@H]1CCCN1C
2698,8.920818753952375,nM,CHEMBL3647964,C=CC(=O)N1CCC[C@H](n2nc(-c3ccc(Oc4ccccc4)cc3)c3c(N)ncnc32)C1
2699,7.686132779630847,nM,CHEMBL3647967,C=CC(=O)N[C@H]1CC[C@@H](n2nc(-c3ccc(Oc4ccccc4)cc3)c3c(N)ncnc32)CC1
2700,7.311580177997289,nM,CHEMBL3647970,CN(C)C/C=C/C(=O)N1CCC[C@@H](n2nc(-c3ccc(Oc4ccccc4)cc3)c3c(N)ncnc32)C1
2701,7.215382707367125,nM,CHEMBL3647973,C=CC(=O)N1CCC(n2nc(-c3ccc(Oc4ccccc4)cc3)c3c(N)ncnc32)CC1
2702,6.017728766960432,nM,CHEMBL3651854,Cc1cc(Nc2nc(Nc3ccccc3S(=O)(=O)C(C)C)c3c(C)[nH]nc3n2)c(OC(C)C)cc1C1CCN(C)CC1
2703,9.0,nM,CHEMBL3655336,O=C(/C=C/CN1CCCOCC1)N1CCc2c(sc3ncnc(Nc4ccc(F)c(Cl)c4)c23)C1
2704,8.958607314841775,nM,CHEMBL3655337,O=C(/C=C/CN1C2CCC1CC2)N1CCc2c(sc3ncnc(Nc4ccc(F)c(Cl)c4)c23)C1
2705,9.0,nM,CHEMBL3655338,CC(C)(CN1CCOCC1)NC/C=C/C(=O)N1CCc2c(sc3ncnc(Nc4ccc(F)c(Cl)c4)c23)C1
2706,8.698970004336019,nM,CHEMBL3655339,O=C(/C=C/[C@@H]1CCCN1)N1CCc2c(sc3ncnc(Nc4ccc(F)c(Cl)c4)c23)C1
2707,9.0,nM,CHEMBL3655340,CN1CCC[C@H]1/C=C/C(=O)N1CCc2c(sc3ncnc(Nc4ccc(F)c(Cl)c4)c23)C1
2708,9.0,nM,CHEMBL3655341,COCCN(C/C=C/C(=O)N1CCc2c(sc3ncnc(Nc4ccc(F)c(Cl)c4)c23)C1)CCOC
2709,9.0,nM,CHEMBL3655342,CN(C)C(=O)N1CCN(C/C=C/C(=O)N2CCc3c(sc4ncnc(Nc5ccc(F)c(Cl)c5)c34)C2)CC1
2710,7.920818753952375,nM,CHEMBL3655343,CN(C)C/C=C/C(=O)N1Cc2sc3ncnc(Nc4ccc(F)c(Cl)c4)c3c2C1
2711,8.853871964321762,nM,CHEMBL3655344,CC(C)N(C)C/C=C/C(=O)N1Cc2sc3ncnc(Nc4ccc(Cl)c(Cl)c4)c3c2C1
2712,8.301029995663981,nM,CHEMBL3655345,CN(C)C/C=C/C(=O)N1Cc2sc3ncnc(Nc4ccc(OCc5cccc(F)c5)c(Cl)c4)c3c2C1
2713,7.721246399047171,nM,CHEMBL3655346,CN(C)C/C=C/C(=O)N1Cc2sc3ncnc(Nc4ccc(OCc5ccccn5)c(Cl)c4)c3c2C1
2714,9.0,nM,CHEMBL3655347,CC(C)N(C)C/C=C/C(=O)N1CCc2c(oc3ncnc(Nc4ccc(F)c(Cl)c4)c23)C1
2715,8.0,nM,CHEMBL3655348,CN(C)C/C=C/C(=O)N1CCc2c(sc3ncc(C#N)c(Nc4ccc(F)c(Cl)c4)c23)C1
2716,9.0,nM,CHEMBL3655349,O=C(/C=C/CNC12CC3CC(CC(C3)C1)C2)N1CCc2c(sc3ncnc(Nc4ccc(Cl)c(Cl)c4)c23)C1
2717,9.0,nM,CHEMBL3655350,CC(C)C(C)C/C=C/C(=O)N1CCc2c(sc3ncnc(Nc4cc(O)cc(Cl)c4)c23)C1
2718,9.0,nM,CHEMBL3655351,CN(C/C=C/C(=O)N1CCc2c(sc3ncnc(Nc4cc(O)c(Cl)c(Cl)c4)c23)C1)C(C)(C)C
2719,9.0,nM,CHEMBL3655352,O=C(/C=C/CN1CCCOCC1)N1CCCc2c(sc3ncnc(Nc4ccc(Cl)c(Cl)c4)c23)C1
2720,8.366531544420413,nM,CHEMBL3655353,N#Cc1cnc2sc3c(c2c1Nc1ccc(Cl)c(Cl)c1)CCN(C(=O)/C=C/CN1CCCOCC1)C3
2721,8.193820026016112,nM,CHEMBL3655354,CC(C)N(C)C/C=C/C(=O)N1CCc2c(sc3ncc(C#N)c(Nc4ccc5c(cnn5Cc5cccc(F)c5)c4)c23)C1
2722,6.698970004336019,nM,CHEMBL365606,CCOC(=O)c1cn2ncnc(Nc3ccc4c(cnn4Cc4ccccc4)c3)c2c1C(C)C
2723,6.6020599913279625,nM,CHEMBL365805,C=CC(=O)Nc1cc2c(Nc3cccc(Br)c3)ncnc2cc1N1CCN(C)CC1
2724,8.886056647693163,nM,CHEMBL3663921,C=CC(=O)Nc1cccc(Oc2nc(Nc3ccc(N4CCN(C)CC4)cc3)c(C(N)=O)nc2CC)c1
2725,8.853871964321762,nM,CHEMBL3663922,CCc1nc(C(N)=O)c(Nc2ccc(N3CCN(C)CC3)cc2)nc1Oc1cccc(NC(=O)/C=C/CN(C)C)c1
2726,8.958607314841775,nM,CHEMBL3663923,C=CC(=O)Nc1cccc(Oc2nc(Nc3ccc(N4CCN(C)CC4)cc3)c(C(N)=O)nc2CC)c1C
2727,8.823908740944319,nM,CHEMBL3663924,C=CC(=O)Nc1cccc(Oc2nc(Nc3ccc(N4CCN(C)CC4)cc3)c(C(N)=O)nc2C(C)C)c1
2728,9.036212172654444,nM,CHEMBL3663926,C=CC(=O)Nc1cccc(Oc2cnc(C(N)=O)c(Nc3ccc(N4CCN(C)CC4)cc3)n2)c1
2729,8.920818753952375,nM,CHEMBL3663927,C=CC(=O)Nc1cccc(Oc2nc(Nc3ccc(OC)c(N4CCN(C)CC4)c3)c(C(N)=O)nc2CC)c1
2730,9.18045606445813,nM,CHEMBL3663928,C=CC(=O)Nc1cccc(Oc2nc(Nc3ccc(N4CCN(CC)CC4)cc3)c(C(N)=O)nc2CC)c1
2731,8.886056647693163,nM,CHEMBL3663930,C=CC(=O)Nc1cccc(Oc2nc(Nc3cnn(C4CCN(C)CC4)c3)c(C(N)=O)nc2C(C)C)c1
2732,8.920818753952375,nM,CHEMBL3663931,C=CC(=O)Nc1cccc(Oc2nc(Nc3ccc(N4CCN(C)[C@@H](C)C4)cc3)c(C(N)=O)nc2CC)c1
2733,9.2518119729938,nM,CHEMBL3663932,C=CC(=O)Nc1cccc(Oc2nc(Nc3ccc(N4CCN(C)[C@H](C)C4)cc3)c(C(N)=O)nc2CC)c1
2734,8.920818753952375,nM,CHEMBL3663934,CCC(=O)N1CC[C@@H](Oc2nc(Nc3ccc(N4CCN(C)CC4)cc3)c(C(N)=O)nc2CC)C1
2735,8.886056647693163,nM,CHEMBL3663935,C=CC(=O)N1CCC[C@@H](Oc2nc(Nc3ccc(N4CCC(N5CCN(C)CC5)CC4)cc3)c(C(N)=O)nc2CC)C1
2736,8.920818753952375,nM,CHEMBL3663936,C=CC(=O)N1CCC[C@@H](Oc2nc(Nc3ccc(N4CCC(N5CCN(C)CC5)CC4)c(C)c3)c(C(N)=O)nc2CC)C1
2737,8.823908740944319,nM,CHEMBL3663937,C=CC(=O)Nc1ccc(F)c(Oc2nc(Nc3ccc(N4CCN(C)CC4)cc3)c(C(N)=O)nc2CC)c1
2738,9.468521082957745,nM,CHEMBL366580,Brc1cccc(Nc2ncnc3cc4c[nH]nc4cc23)c1
2739,7.489454989793388,nM,CHEMBL3666714,O=S(=O)(NCc1ccc(-c2ccc3ncnc(Nc4ccc(OCc5cccc(F)c5)c(Cl)c4)c3c2)o1)C(F)(F)F
2740,4.508638306165728,nM,CHEMBL366831,CNc1ncnc2c1c(-c1ccccc1)cn2-c1ccccc1
2741,8.522878745280337,nM,CHEMBL3671475,C=CC(=O)Nc1cc2c(Nc3ccc(Br)cc3F)ncnc2cc1OCC1CCN(C(C)=O)CC1
2742,7.327902142064283,nM,CHEMBL3671476,C=CC(=O)Nc1cc2c(Nc3ccc(Br)cc3F)ncnc2cc1OCC1CCN(C(=O)C(F)(F)F)CC1
2743,7.585026652029182,nM,CHEMBL3671477,C=CC(=O)Nc1cc2c(Nc3ccc(Br)cc3F)ncnc2cc1OCC1CCN(C(=O)CS(C)(=O)=O)CC1
2744,7.823908740944319,nM,CHEMBL3671478,C=CC(=O)Nc1cc2c(Nc3ccc(Br)cc3F)ncnc2cc1OCC1CCN(C(N)=O)CC1
2745,8.522878745280337,nM,CHEMBL3671479,C=CC(=O)Nc1cc2c(Nc3ccc(Br)cc3F)ncnc2cc1OCC1CCN(C(=O)C=C)CC1
2746,7.251811972993799,nM,CHEMBL3671480,C=CC(=O)Nc1cc2c(Nc3ccc(Br)cc3F)ncnc2cc1OCc1ccncc1
2747,7.585026652029182,nM,CHEMBL3671481,C=CC(=O)Nc1cc2c(Nc3ccc(F)c(F)c3F)ncnc2cc1OCC1CCN(C(C)=O)CC1
2748,7.886056647693163,nM,CHEMBL3671482,C=CC(=O)Nc1cc2c(Nc3c(F)cc(Br)cc3F)ncnc2cc1OCC1CCN(C(C)=O)CC1
2749,7.443697499232713,nM,CHEMBL3671483,C=CC(=O)Nc1cc2c(Nc3ccc(Br)cc3F)ncnc2cc1OCC1CCN(C(=O)NCCC)CC1
2750,8.221848749616356,nM,CHEMBL3671484,C=CC(=O)Nc1cc2c(Nc3ccc(Br)cc3F)ncnc2cc1OCC1CCN(C(=O)CN(C)C)CC1
2751,7.853871964321762,nM,CHEMBL3671485,C=CC(=O)Nc1cc2c(Nc3ccc(Br)cc3F)ncnc2cc1OCC1CCN(C(=O)NC(C)(C)C)CC1
2752,8.698970004336019,nM,CHEMBL3671486,C=CC(=O)Nc1cc2c(Nc3ccc(Br)cc3F)ncnc2cc1OCCCNC(=O)CN(C)C
2753,8.397940008672037,nM,CHEMBL3671487,C=CC(=O)Nc1cc2c(Nc3ccc(Br)cc3F)ncnc2cc1OCCCNC(C)=O
2754,7.229147988357855,nM,CHEMBL3671488,C=CC(=O)Nc1cc2c(Nc3ccc(Br)cc3F)ncnc2cc1OCCCNC(=O)C(F)(F)F
2755,7.958607314841775,nM,CHEMBL3671489,C=CC(=O)Nc1cc2c(Nc3ccc(Br)cc3F)ncnc2cc1OCCCNC(=O)NCC
2756,8.522878745280337,nM,CHEMBL3671490,C=CC(=O)Nc1cc2c(Nc3ccc(Br)cc3F)ncnc2cc1OCCCNC
2757,8.698970004336019,nM,CHEMBL3671491,C=CC(=O)Nc1cc2c(Nc3ccc(Br)cc3F)ncnc2cc1OCCNC(C)=O
2758,8.045757490560675,nM,CHEMBL3671492,C=CC(=O)Nc1cc2c(Nc3ccc(Br)cc3F)ncnc2cc1OCCN(C)C
2759,8.0,nM,CHEMBL3671493,C=CC(=O)Nc1cc2c(Nc3ccc(Br)cc3F)ncnc2cc1OCCCCNC(C)=O
2760,8.301029995663981,nM,CHEMBL3671495,C=CC(=O)Nc1cc2c(Nc3ccc(Br)cc3F)ncnc2cc1OCCNC(=O)C(F)F
2761,8.698970004336019,nM,CHEMBL3671496,C=CC(=O)Nc1cc2c(Nc3ccc(Br)cc3F)ncnc2cc1OCCNC(=O)NCC
2762,8.397940008672037,nM,CHEMBL3671497,C=CC(=O)Nc1cc2c(Nc3ccc(Br)cc3F)ncnc2cc1OCCNC(N)=O
2763,8.698970004336019,nM,CHEMBL3671498,C=CC(=O)Nc1cc2c(Nc3ccc(Br)cc3F)ncnc2cc1OCCNC(=O)CN(C)C
2764,8.301029995663981,nM,CHEMBL3671499,C=CC(=O)NCCOc1cc2ncnc(Nc3ccc(Br)cc3F)c2cc1NC(=O)C=C
2765,8.522878745280337,nM,CHEMBL3671500,C=CC(=O)Nc1cc2c(Nc3ccc(Br)cc3F)ncnc2cc1OCCNCC(C)=O
2766,7.638272163982407,nM,CHEMBL3671501,C=CC(=O)Nc1cc2c(Nc3ccc(Br)cc3F)ncnc2cc1OCCNC(=O)C(F)(F)F
2767,8.397940008672037,nM,CHEMBL3671502,C=CC(=O)Nc1cc2c(Nc3ccc(Br)cc3F)ncnc2cc1OCCN
2768,7.017728766960432,nM,CHEMBL3671503,C=CC(=O)Nc1cc2c(Nc3ccc(Br)cc3F)ncnc2cc1OCCNC
2769,7.045757490560675,nM,CHEMBL3671504,C=CCCOc1cc2ncnc(Nc3ccc(Br)cc3F)c2cc1NC(=O)C=C
2770,7.602059991327963,nM,CHEMBL3671505,C=CC(=O)Nc1cc2c(Nc3ccc(Br)cc3F)ncnc2cc1OCCOC
2771,7.602059991327963,nM,CHEMBL3671506,C=CC(=O)Nc1cc2c(Nc3ccc(Br)cc3F)ncnc2cc1OCCNS(C)(=O)=O
2772,7.585026652029182,nM,CHEMBL3671507,C=CC(=O)Nc1cc2c(Nc3ccc(Br)cc3F)ncnc2cc1OCCNC(=O)NCCC
2773,7.008773924307505,nM,CHEMBL3671508,C=CC(=O)Nc1cc2c(Nc3ccc(Br)cc3F)ncnc2cc1OCCNC(=S)NC
2774,7.040958607678907,nM,CHEMBL3671509,C=CC(=O)Nc1cc2c(Nc3ccc(Br)cc3F)ncnc2cc1OCCNC(=S)NCC
2775,7.443697499232713,nM,CHEMBL3671510,C=CC(=O)Nc1cc2c(Nc3ccc(Br)cc3F)ncnc2cc1OCCNC(=O)NC(C)C
2776,7.698970004336019,nM,CHEMBL3671511,C=CC(=O)Nc1cc2c(Nc3ccc(Br)cc3F)ncnc2cc1OCCNC(=O)NC(C)CC
2777,7.537602002101044,nM,CHEMBL3671512,C=CNC(=O)NCCOc1cc2ncnc(Nc3ccc(Br)cc3F)c2cc1NC(=O)C=C
2778,7.721246399047171,nM,CHEMBL3671513,C=CCNC(=O)NCCOc1cc2ncnc(Nc3ccc(Br)cc3F)c2cc1NC(=O)C=C
2779,7.455931955649724,nM,CHEMBL3671514,C=CC(=O)Nc1cc2c(Nc3ccc(Br)c(Cl)c3F)ncnc2cc1OCCNC(=O)N1CCOCC1
2780,7.229147988357855,nM,CHEMBL3671515,C=CC(=O)Nc1cc2c(Nc3ccc(Br)cc3F)ncnc2cc1OCCN(C)C(C)=O
2781,6.962573502059376,nM,CHEMBL3671516,C=CC(=O)Nc1cc2c(Nc3ccc(Br)cc3F)ncnc2cc1SCCNC(C)=O
2782,7.853871964321762,nM,CHEMBL3671517,C=CC(=O)Nc1cc2c(Nc3ccc(Br)cc3F)ncnc2cc1OCCNC(=O)COC
2783,7.494850021680094,nM,CHEMBL3671518,C=CC(=O)Nc1cc2c(Nc3ccc(Br)cc3F)ncnc2cc1OCCNC(=O)CO
2784,7.4089353929735005,nM,CHEMBL3671519,C=CC(=O)Nc1cc2c(Nc3ccc(Br)cc3F)ncnc2cc1OCCNC(=O)CSC
2785,7.619788758288394,nM,CHEMBL3671520,C=CC(=O)Nc1cc2c(Nc3ccc(Br)cc3F)ncnc2cc1OCCNC(=O)CS(C)(=O)=O
2786,6.892790030352132,nM,CHEMBL3671521,C=CC(=O)Nc1cc2c(Nc3ccc(Br)cc3F)ncnc2cc1OCCNC(=O)C(C)C
2787,7.161150909262744,nM,CHEMBL3671522,C=CC(=O)Nc1cc2c(Nc3ccc(Br)cc3F)ncnc2cc1OCCNC(=O)C(=C)C
2788,7.721246399047171,nM,CHEMBL3671523,C=CC(=O)Nc1cc2c(Nc3ccc(Br)cc3F)ncnc2cc1OCCNC(=O)/C=C/C
2789,7.494850021680094,nM,CHEMBL3671524,C=CC(=O)Nc1cc2c(Nc3ccc(Br)cc3F)ncnc2cc1OCCNC(=O)CCC
2790,7.443697499232713,nM,CHEMBL3671525,C=CC(=O)Nc1cc2c(Nc3ccc(Br)cc3F)ncnc2cc1OCCNC(=O)/C=C/CC
2791,7.795880017344075,nM,CHEMBL3671526,C=CC(=O)Nc1cc2c(Nc3ccc(Br)cc3F)ncnc2cc1OCCNC(=O)/C=C/CN(C)C
2792,7.346787486224656,nM,CHEMBL3671527,C=CC(=O)Nc1cc2c(Nc3ccc(Br)c(Cl)c3F)ncnc2cc1OCCNC(=O)NC(C)(C)C
2793,6.703334809738469,nM,CHEMBL3671528,C=CC(=O)Nc1cc2c(Nc3ccc(Br)cc3F)ncnc2cc1OCCNC(=O)CN(C)CC
2794,7.050609993355088,nM,CHEMBL3671529,C=CC(=O)Nc1cc2c(Nc3ccc(Br)cc3F)ncnc2cc1OCCNC(=O)CN
2795,6.903089986991944,nM,CHEMBL3671530,C=CC(=O)Nc1cc2c(Nc3ccc(Br)cc3F)ncnc2cc1OCCNC(=O)C(C)N(C)C
2796,7.356547323513813,nM,CHEMBL3671531,C=CC(=O)Nc1cc2c(Nc3ccc(Br)cc3F)ncnc2cc1OCCNC(=O)CCN(CC)CC
2797,6.866461091629782,nM,CHEMBL3671532,C=CC(=O)Nc1cc2c(Nc3ccc(Br)cc3F)ncnc2cc1OCCNC(=O)CNC
2798,8.045757490560675,nM,CHEMBL3671533,C=CC(=O)Nc1cc2c(Nc3ccc(Br)cc3F)ncnc2cc1OCCNC(=O)CCN(C)C
2799,6.58838029403677,nM,CHEMBL3671534,C=CC(=O)Nc1cc2c(Nc3ccc(Br)cc3F)ncnc2cc1OCCNC(=O)CCN
2800,6.801342913045577,nM,CHEMBL3671535,C=CC(=O)Nc1cc2c(Nc3ccc(Br)cc3F)ncnc2cc1OCCNC(=O)OC
2801,7.154901959985743,nM,CHEMBL3671536,C=CC(=O)Nc1cc2c(Nc3ccc(Br)cc3F)ncnc2cc1OCCNC(=O)CCOC
2802,6.185752404268079,nM,CHEMBL3671537,C=CC(=O)Nc1cc2c(Nc3ccc(Br)cc3F)ncnc2cc1OCC(=O)NCCN(CC)CC
2803,7.67778070526608,nM,CHEMBL3671538,C=CC(=O)Nc1cc2c(Nc3ccc(Br)cc3F)ncnc2cc1OCCNC(=O)CCCN(C)C
2804,7.050609993355088,nM,CHEMBL3671539,C=CC(=O)Nc1cc2c(Nc3ccc(Br)cc3F)ncnc2cc1OCCNC(=O)CCO
2805,6.806875401645538,nM,CHEMBL3671540,C=CC(=O)Nc1cc2c(Nc3ccc(F)cc3F)ncnc2cc1OCCNC(=O)CN(C)C
2806,7.008773924307505,nM,CHEMBL3671541,C=CC(=O)Nc1cc2c(Nc3ccc(Br)cc3F)ncnc2cc1OCCNC(=O)C(=O)OCC
2807,6.991399828238083,nM,CHEMBL3671542,C=CC(=O)Nc1cc2c(Nc3ccc(Br)cc3F)ncnc2cc1OCCNC(=O)C(=O)O
2808,6.591760034688151,nM,CHEMBL3671543,C=CC(=O)Nc1cc2c(Nc3ccc(Br)cc3F)ncnc2cc1OCCNC(=O)/C=N/OC
2809,6.6003262785189625,nM,CHEMBL3671544,C=CC(=O)Nc1cc2c(Nc3ccc(Br)cc3F)ncnc2cc1OCCNC(=O)C(C)CN(C)C
2810,6.488116639021126,nM,CHEMBL3671545,C=CC(=O)Nc1cc2c(Nc3ccc(Br)cc3F)ncnc2cc1OCCNC(=O)CC(C)N(C)C
2811,5.991399828238083,nM,CHEMBL3671546,C=C(C)C(=O)Nc1cc2c(Nc3ccc(Br)cc3F)ncnc2cc1OCCNC(C)=O
2812,6.062482107982653,nM,CHEMBL3671547,CCC(=O)Nc1cc2c(Nc3ccc(Br)cc3F)ncnc2cc1OCCNC(C)=O
2813,6.410050398674293,nM,CHEMBL3671548,C=CC(=O)N(C)c1cc2c(Nc3ccc(Br)cc3F)ncnc2cc1OCCNC(C)=O
2814,7.10790539730952,nM,CHEMBL3671549,C=CC(=O)Nc1cc2c(Nc3ccc(Br)c(F)c3)ncnc2cc1OCCNC(=O)CN(C)C
2815,7.443697499232713,nM,CHEMBL3671550,C=CC(=O)Nc1cc2c(Nc3ccc(Br)cc3F)ncnc2cc1OC(C)CNC(C)=O
2816,6.8124792791635365,nM,CHEMBL3671551,C=CC(=O)Nc1cc2c(Nc3ccc(Br)cc3F)ncnc2cc1OCC(C)NC(C)=O
2817,7.537602002101044,nM,CHEMBL3671552,C=CC(=O)Nc1cc2c(Nc3ccc(Br)cc3F)ncnc2cc1OC[C@@H](C)NC(C)=O
2818,7.008773924307505,nM,CHEMBL3671553,C=CC(=O)Nc1cc2c(Nc3ccc(Br)cc3F)ncnc2cc1OC[C@H](C)NC(C)=O
2819,7.585026652029182,nM,CHEMBL3671554,C=CC(=O)Nc1cc2c(Nc3ccc(Br)cc3F)ncnc2cc1OCCCNCC(C)=O
2820,7.537602002101044,nM,CHEMBL3671555,C=CC(=O)Nc1cc2c(Nc3ccc(Br)cc3F)ncnc2cc1OCC(C)NC(=O)NCCC
2821,7.161150909262744,nM,CHEMBL3671556,C=CC(=O)Nc1cc2c(Nc3ccc(Br)cc3F)ncnc2cc1OCC(CC)NC(C)=O
2822,7.397940008672037,nM,CHEMBL3671557,C=CC(=O)Nc1cc2c(Nc3ccc(Br)cc3F)ncnc2cc1OCCCNCCC=O
2823,7.026872146400302,nM,CHEMBL3671558,C=CC(=O)Nc1cc2c(Nc3ccc(Br)cc3F)ncnc2cc1OC1CCN(C(C)=O)C1
2824,6.892790030352132,nM,CHEMBL3671559,C=CC(=O)Nc1cc2c(Nc3ccc(Br)cc3F)ncnc2cc1OC1CCCN(C(C)=O)C1
2825,7.769551078621726,nM,CHEMBL3671561,C=CC(=O)Nc1cc2c(Nc3ccc(Br)cc3F)ncnc2cc1OCC1CNC(=O)O1
2826,7.327902142064283,nM,CHEMBL3671562,C=CC(=O)Nc1cc2c(Nc3ccc(Br)cc3F)ncnc2cc1OCCNC(=O)c1cccs1
2827,7.443697499232713,nM,CHEMBL3671563,C=CC(=O)Nc1cc2c(Nc3ccc(Br)cc3F)ncnc2cc1OCCNC(=O)N1CCOCC1
2828,6.156144577376839,nM,CHEMBL3671564,C=CC(=O)Nc1cc2c(Nc3ccc(Br)cc3F)ncnc2cc1OCCNC(=O)N1CCNCC1
2829,7.119186407719209,nM,CHEMBL3671565,C=CC(=O)Nc1cc2c(Nc3ccc(Br)cc3F)ncnc2cc1OCCNC(=O)N1CCN(C(C)=O)CC1
2830,7.886056647693163,nM,CHEMBL3671566,C=CC(=O)Nc1cc2c(Nc3ccc(Br)cc3F)ncnc2cc1OCCNC(=O)N1CCN(C)CC1
2831,5.709075440617246,nM,CHEMBL3671567,C=CC(=O)Nc1cc2c(Nc3ccc(Br)cc3F)ncnc2cc1OCCNC(=O)C1CCCN1
2832,7.619788758288394,nM,CHEMBL3671568,C=CC(=O)Nc1cc2c(Nc3ccc(Br)cc3F)ncnc2cc1OCCNC(=O)C1CCCN1C
2833,6.434152181326482,nM,CHEMBL3671569,C=CC(=O)Nc1cc2c(Nc3ccc(Br)cc3F)ncnc2cc1OCCNC(=O)c1ccc[nH]1
2834,8.154901959985743,nM,CHEMBL3671570,C=CC(=O)Nc1cc2c(Nc3ccc(Br)cc3F)ncnc2cc1OCCNC(=O)CN1CCCCC1
2835,7.920818753952375,nM,CHEMBL3671571,C=CC(=O)Nc1cc2c(Nc3ccc(Br)cc3F)ncnc2cc1OCCNC(=O)CN1CCN(C)CC1
2836,7.494850021680094,nM,CHEMBL3671572,C=CC(=O)Nc1cc2c(Nc3ccc(Br)cc3F)ncnc2cc1OCCNC(=O)CN1CCOCC1
2837,7.853871964321762,nM,CHEMBL3671573,C=CC(=O)Nc1cc2c(Nc3ccc(Br)cc3F)ncnc2cc1OCCNC(=O)CCN1CCCCC1
2838,7.602059991327963,nM,CHEMBL3671574,C=CC(=O)Nc1cc2c(Nc3ccc(Br)cc3F)ncnc2cc1OCCNC(=O)C1CCCN1C(C)=O
2839,6.7077439286435245,nM,CHEMBL3671575,C=CC(=O)Nc1cc2c(Nc3ccc(Br)cc3F)ncnc2cc1OCCNC(=O)C1CCCN1C(=O)CC
2840,7.346787486224656,nM,CHEMBL3671576,C=CC(=O)Nc1cc2c(Nc3ccc(Br)cc3F)ncnc2cc1OCCNC(=O)CN1CCCC1
2841,7.494850021680094,nM,CHEMBL3671577,C=CC(=O)Nc1cc2c(Nc3ccc(Br)cc3F)ncnc2cc1OCCNC(=O)CN1CC=CC1
2842,6.903089986991944,nM,CHEMBL3671578,C=CC(=O)Nc1cc2c(Nc3ccc(Br)cc3F)ncnc2cc1OCC1=NCCO1
2843,6.005682847330363,nM,CHEMBL3671579,C=CC(=O)Nc1cc2c(Nc3ccc(Br)cc3F)ncnc2cc1OCCNC(=O)CN1CCC1
2844,7.920818753952375,nM,CHEMBL3671580,C=CC(=O)Nc1cc2c(Nc3ccc(F)c(Cl)c3)ncnc2cc1OCCNC(C)=O
2845,7.744727494896694,nM,CHEMBL3671581,C=CC(=O)Nc1cc2c(Nc3ccc(Cl)cc3F)ncnc2cc1OCCNC(C)=O
2846,7.309803919971486,nM,CHEMBL3671582,C=CC(=O)Nc1cc2c(Nc3ccc(Cl)cc3Cl)ncnc2cc1OCCNC(C)=O
2847,6.341035157335565,nM,CHEMBL3671583,C=CC(=O)Nc1cc2c(Nc3ccc(Br)cc3C(F)(F)F)ncnc2cc1OCCNC(C)=O
2848,7.376750709602099,nM,CHEMBL3671584,C=CC(=O)Nc1cc2c(Nc3ccc(Br)cc3Cl)ncnc2cc1OCCNC(C)=O
2849,6.377785977033705,nM,CHEMBL3671585,C=CC(=O)Nc1cc2c(Nc3ccc(Cl)cc3F)ncnc2cc1OCCNC(=O)CN(C)C
2850,9.0,nM,CHEMBL3674148,CC(C)n1c(Nc2ccc(F)c(Cl)c2)nc2cnc(Nc3ccc(C(=O)NN4CCN(C)CC4)cc3)nc21
2851,9.397940008672036,nM,CHEMBL3674150,CC(C)n1c(Nc2ccccc2)nc2cnc(Nc3ccc(C(=O)NN4CCN(C)CC4)cc3F)nc21
2852,8.397940008672037,nM,CHEMBL3674151,CC(C)n1c(Nc2ccc(F)c(Cl)c2)nc2cnc(Nc3ccc(C(=O)NN4CCN(C)CC4)cc3F)nc21
2853,9.0,nM,CHEMBL3674152,COc1cc(C(=O)NN2CCN(C)CC2)ccc1Nc1ncc2nc(Nc3ccccc3)n(C(C)C)c2n1
2854,6.154901959985743,nM,CHEMBL367442,Nc1ncnc2c1c(-c1ccccc1)cn2-c1ccc(CO)cc1
2855,6.0343280287798935,nM,CHEMBL3676338,C=CC(=O)Nc1cc2c(Nc3cccc(Cl)c3F)ncnc2cc1OCCNC(=O)CN(C)C
2856,7.853871964321762,nM,CHEMBL3676339,C=CC(=O)Nc1cc2c(Nc3ccc(F)c(F)c3F)ncnc2cc1OCCNC(C)=O
2857,7.657577319177793,nM,CHEMBL3676340,C=CC(=O)Nc1cc2c(Nc3c(F)cc(Br)cc3F)ncnc2cc1OCCNC(C)=O
2858,8.301029995663981,nM,CHEMBL3676341,C=CC(=O)Nc1cc2c(Nc3cc(Cl)c(Cl)cc3F)ncnc2cc1OCCNC(C)=O
2859,6.05749589383192,nM,CHEMBL3676342,C=CC(=O)Nc1cc2c(Nc3cc(Cl)c(Cl)cc3Cl)ncnc2cc1OCCNC(C)=O
2860,6.756961951313706,nM,CHEMBL3676343,C=CC(=O)Nc1cc2c(Nc3c(F)cc(Br)cc3F)ncnc2cc1OCCNC(=O)CN(C)C
2861,7.744727494896694,nM,CHEMBL3676344,C=CC(=O)Nc1cc2c(Nc3ccc(Br)c(F)c3F)ncnc2cc1OCCNC(=O)CN(C)C
2862,7.721246399047171,nM,CHEMBL3676345,C=CC(=O)Nc1cc2c(Nc3ccc(Br)c(F)c3F)ncnc2cc1OCCNC(=O)CCN(CC)CC
2863,6.048662481204083,nM,CHEMBL3676346,C=CC(=O)Nc1cc2c(Nc3ccc(Br)c(F)c3F)ncnc2cc1OCCNC(=O)CCN1CCCCC1
2864,6.245651664288982,nM,CHEMBL3676347,C=CC(=O)Nc1cc2c(Nc3ccc(Br)c(F)c3F)ncnc2cc1OCCNC(=O)CCCN(C)C
2865,7.187086643357144,nM,CHEMBL3676348,C=CC(=O)Nc1cc2c(Nc3ccc(Cl)nc3)ncnc2cc1OCCNC(C)=O
2866,7.096910013008056,nM,CHEMBL3676349,C=CC(=O)Nc1cc2c(Nc3cc(OC)c(Cl)cc3F)ncnc2cc1OCCNC(C)=O
2867,6.099086932262331,nM,CHEMBL3676350,C=CC(=O)Nc1cc2c(Nc3ccc(OCc4cccnc4)c(Cl)c3)ncnc2cc1OCCNC(C)=O
2868,5.0,nM,CHEMBL3676351,C=CC(=O)Nc1cc2c(Nc3cc(C(=O)NOC)c(Br)cc3F)ncnc2cc1OCCNC(C)=O
2869,7.376750709602099,nM,CHEMBL3676352,C=CC(=O)Nc1cc2c(Nc3cc(OC)c(Cl)cc3Cl)ncnc2cc1OCCNC(C)=O
2870,7.823908740944319,nM,CHEMBL3676353,C=CC(=O)Nc1cc2c(Nc3cc(Cl)c(Br)cc3F)ncnc2cc1OCCNC(C)=O
2871,7.886056647693163,nM,CHEMBL3676354,C=CC(=O)Nc1cc2c(Nc3cc(Cl)c(Br)cc3F)ncnc2cc1OCCNCC(C)=O
2872,8.045757490560675,nM,CHEMBL3676355,C=CC(=O)Nc1cc2c(Nc3cc(Cl)c(Br)cc3F)ncnc2cc1OCCNC(=O)CN(C)C
2873,6.493494967595128,nM,CHEMBL3676356,C=CC(=O)Nc1cc2c(Nc3cc(Cl)c(Cl)cc3F)ncnc2cc1OCCN(C)C
2874,8.397940008672037,nM,CHEMBL3676357,C=CC(=O)Nc1cc2c(Nc3cc(Cl)c(Cl)cc3F)ncnc2cc1OCCNCC(C)=O
2875,7.698970004336019,nM,CHEMBL3676358,C=CC(=O)Nc1cc2c(Nc3cc(Cl)c(Cl)cc3F)ncnc2cc1OCCNC(=O)COC
2876,7.397940008672037,nM,CHEMBL3676359,C=CC(=O)Nc1cc2c(Nc3cc(Cl)c(Cl)cc3F)ncnc2cc1OCCNC(=O)CS(C)(=O)=O
2877,8.045757490560675,nM,CHEMBL3676360,C=CC(=O)Nc1cc2c(Nc3cc(Cl)c(Cl)cc3F)ncnc2cc1OCCNC(=O)CN(C)C
2878,7.886056647693163,nM,CHEMBL3676361,C=CC(=O)Nc1cc2c(Nc3ccc(Br)c(Cl)c3F)ncnc2cc1OCCNC(C)=O
2879,7.853871964321762,nM,CHEMBL3676362,C=CC(=O)Nc1cc2c(Nc3ccc(Br)c(Cl)c3F)ncnc2cc1OCCNCC(C)=O
2880,7.721246399047171,nM,CHEMBL3676363,C=CC(=O)Nc1cc2c(Nc3ccc(Br)c(Cl)c3F)ncnc2cc1OCCNC(=O)CN(C)C
2881,8.154901959985743,nM,CHEMBL3676364,C=CC(=O)Nc1cc2c(Nc3ccc(Br)c(Cl)c3F)ncnc2cc1OCCNC(=O)CCN(CC)CC
2882,7.387216143280264,nM,CHEMBL3676365,C=CC(=O)Nc1cc2c(Nc3ccc(Br)c(Cl)c3F)ncnc2cc1OCCNC(=O)CCO
2883,6.671620396561263,nM,CHEMBL3676366,C=CC(=O)Nc1cc2c(Nc3ccc(Br)c(Cl)c3F)ncnc2cc1OCCNC(=O)COC
2884,7.920818753952375,nM,CHEMBL3676367,C=CC(=O)Nc1cc2c(Nc3ccc(Br)c(Cl)c3F)ncnc2cc1OCCNC(=O)CCN1CCCCC1
2885,7.552841968657781,nM,CHEMBL3676368,C=CC(=O)Nc1cc2c(Nc3ccc(Br)c(Cl)c3F)ncnc2cc1OCCNC(=O)CCCN(C)C
2886,7.795880017344075,nM,CHEMBL3676369,C=CC(=O)Nc1cc2c(Nc3ccc(Br)c(Cl)c3F)ncnc2cc1OCCNC(=O)CO
2887,7.67778070526608,nM,CHEMBL3676370,C=CC(=O)Nc1cc2c(Nc3ccc(Br)c(Cl)c3F)ncnc2cc1OCCNC(=O)CCOC
2888,7.236572006437063,nM,CHEMBL3676371,C=CC(=O)Nc1cc2c(Nc3ccc(Br)c(Cl)c3F)ncnc2cc1OCCNC(=O)CN(CC)CC
2889,7.1249387366083,nM,CHEMBL3676372,C=CC(=O)Nc1cc2c(Nc3ccc(Br)c(Cl)c3)ncnc2cc1OCCNC(=O)CN(C)C
2890,6.653647025549361,nM,CHEMBL3676373,C=CC(=O)Nc1cc2c(Nc3ccc(Br)cc3F)ncnc2cc1OCC(C)(C)NC(=O)CN(C)C
2891,7.619788758288394,nM,CHEMBL3676374,C=CC(=O)Nc1cc2c(Nc3ccc(Br)cc3F)ncnc2cc1OCC(C)NC(=O)CCN(CC)CC
2892,7.055517327849831,nM,CHEMBL3676375,C=CC(=O)Nc1cc2c(Nc3ccc(Br)c(Cl)c3F)ncnc2cc1OCC(C)NC(=O)CN(C)C
2893,7.920818753952375,nM,CHEMBL3676376,C=CC(=O)Nc1cc2c(Nc3ccc(Br)c(Cl)c3F)ncnc2cc1OC[C@H](C)NC(=O)CN(C)C
2894,7.853871964321762,nM,CHEMBL3676377,C=CC(=O)Nc1cc2c(Nc3ccc(Br)c(Cl)c3F)ncnc2cc1OC[C@@H](C)NC(=O)CN(C)C
2895,7.638272163982407,nM,CHEMBL3676378,C=CC(=O)Nc1cc2c(Nc3ccc(Br)cc3F)ncnc2cc1OCC(CC)NC(=O)CN(C)C
2896,7.244125144327507,nM,CHEMBL3676379,C=CC(=O)Nc1cc2c(Nc3ccc(Br)cc3F)ncnc2cc1OCCNC(=O)C(COC)N(C)C
2897,6.8996294548824375,nM,CHEMBL3676380,C=CC(=O)Nc1cc2c(Nc3ccc(Br)cc3F)ncnc2cc1OCCNC(=O)C(CO)N(C)C
2898,7.008773924307505,nM,CHEMBL3676381,C=CC(=O)Nc1cc2c(Nc3ccc(Br)c(Cl)c3F)ncnc2cc1OCCNC(=O)OC
2899,7.853871964321762,nM,CHEMBL3676382,C=CC(=O)Nc1cc2c(Nc3cc(OC)c(Cl)cc3OC)ncnc2cc1OCCNC(=O)CN(C)C
2900,7.585026652029182,nM,CHEMBL3676383,C=CC(=O)Nc1cc2c(Nc3ccc(Br)cc3F)ncnc2cc1OCCNC(=O)CN(CC)CC
2901,8.096910013008056,nM,CHEMBL3676384,C=CC(=O)Nc1cc2c(Nc3ccc(Br)c(Cl)c3F)ncnc2cc1OCCNC(=O)NCC
2902,7.585026652029182,nM,CHEMBL3676385,C=CC(=O)Nc1cc2c(Nc3ccc(Br)c(Cl)c3F)ncnc2cc1OCCNC(=O)NCCC
2903,7.167491087293763,nM,CHEMBL3676386,C=CC(=O)Nc1cc2c(Nc3ccc(Br)c(Cl)c3F)ncnc2cc1OCCNC(=S)NCC
2904,7.698970004336019,nM,CHEMBL3676387,C=CC(=O)Nc1cc2c(Nc3ccc(Br)cc3F)ncnc2cc1OCC1CCN(C(=O)NCC)CC1
2905,7.060480747381382,nM,CHEMBL3676388,C=CC(=O)Nc1cc2c(Nc3cc(OC)c(Cl)cc3OC)ncnc2cc1OCCNC(C)=O
2906,7.744727494896694,nM,CHEMBL3676389,C=CC(=O)Nc1cc2c(Nc3ccc(Br)cc3F)ncnc2cc1OCCNC(=O)C(C)N
2907,6.229884705212898,nM,CHEMBL3676390,C=CC(=O)Nc1cc2c(Nc3ccc(Br)cc3F)ncnc2cc1OCCNC(=O)CC
2908,6.609064892896621,nM,CHEMBL3676391,C=CC(=O)Nc1cc2c(Nc3ccc(Br)cc3F)ncnc2cc1OCCOCCOC(=O)CC(=O)OCC
2909,6.0195421077239,nM,CHEMBL3676392,C=CC(=O)Nc1cc2c(Nc3ccc(Br)cc3F)ncnc2cc1OCCOCCOC(=O)CC(=O)O
2910,6.764471553092451,nM,CHEMBL3676393,C=CC(=O)Nc1cc2c(Nc3ccc(Br)cc3F)ncnc2cc1OCC(C)NC(=O)CN(C)C
2911,6.826813731587726,nM,CHEMBL3676394,C=CC(=O)Nc1cc2c(Nc3ccc(Br)cc3F)ncnc2cc1OCC(NC(=O)CN(C)C)C(C)C
2912,9.397940008672036,nM,CHEMBL3678946,CC(C)n1c(Nc2ccccc2)nc2cnc(Nc3ccc(C(=O)NC4CCN(C)CC4)cc3)nc21
2913,8.397940008672037,nM,CHEMBL3678947,CC(C)n1c(Nc2cccc(Br)c2)nc2cnc(Nc3ccc(N4CCN(C)CC4)cc3)nc21
2914,8.522878745280337,nM,CHEMBL3678948,C#Cc1cccc(Nc2nc3cnc(Nc4ccc(N5CCN(C)CC5)cc4)nc3n2C(C)C)c1
2915,8.522878745280337,nM,CHEMBL3678949,CC(C)n1c(Nc2ccc(F)c(Cl)c2)nc2cnc(Nc3ccc(N4CCN(C)CC4)cc3)nc21
2916,9.0,nM,CHEMBL3678950,CC(C)n1c(Nc2ccc(Br)cc2)nc2cnc(Nc3ccc(N4CCN(C)CC4)cc3)nc21
2917,9.0,nM,CHEMBL3678951,CC(C)n1c(Nc2cccc(C(F)(F)F)c2)nc2cnc(Nc3ccc(N4CCN(C)CC4)cc3)nc21
2918,9.0,nM,CHEMBL3678952,COc1cccc(Nc2nc3cnc(Nc4ccc(N5CCN(C)CC5)cc4)nc3n2C(C)C)c1
2919,8.301029995663981,nM,CHEMBL3678953,COc1ccc(Nc2nc3cnc(Nc4ccc(N5CCN(C)CC5)cc4)nc3n2C(C)C)cc1
2920,8.301029995663981,nM,CHEMBL3678955,CC(C)n1c(Nc2ccc(NC(=O)Nc3ccc(F)c(Cl)c3)cc2)nc2cnc(Nc3ccc(N4CCN(C)CC4)cc3)nc21
2921,8.301029995663981,nM,CHEMBL3678957,CC(C)n1c(Nc2ccc(C(F)(F)F)cc2)nc2cnc(Nc3ccc(N4CCN(C)CC4)cc3)nc21
2922,8.397940008672037,nM,CHEMBL3678958,CC(C)n1c(Nc2cccnc2)nc2cnc(Nc3ccc(N4CCN(C)CC4)cc3)nc21
2923,8.301029995663981,nM,CHEMBL3678959,CC(C)n1c(NC2CCCCC2)nc2cnc(Nc3ccc(N4CCN(C)CC4)cc3)nc21
2924,9.221848749616356,nM,CHEMBL3678960,C=CC(=O)Nc1cccc(Nc2ncc3nc(Nc4ccccc4)n(C(C)C)c3n2)c1
2925,8.191114132640188,nM,CHEMBL3680373,O=C(/C=C/CN1CCCCC1)Nc1cc2c(Nc3ccc(F)c(Cl)c3)ncnc2cc1OCCF
2926,8.005682847330363,nM,CHEMBL3680374,O=C(/C=C/CN1CCCCC1)Nc1cc2c(Nc3ccc(F)c(Cl)c3)ncnc2cc1OCC(F)F
2927,7.945004138470859,nM,CHEMBL3680375,O=C(/C=C/CN1CCCCC1)Nc1cc2c(Nc3ccc(F)c(Cl)c3)ncnc2cc1OCCCN1CCOCC1
2928,7.343518484209501,nM,CHEMBL3680376,COc1cc2ncnc(Nc3ccc(F)c(Cl)c3)c2cc1NC(=O)/C=C/CN1CCCC(F)C1
2929,7.742801573860656,nM,CHEMBL3680377,COc1cc2ncnc(Nc3ccc(F)c(Cl)c3)c2cc1NC(=O)/C=C/CN1CCC(F)CC1
2930,7.916139199133427,nM,CHEMBL3680378,COc1cc2ncnc(Nc3ccc(F)c(Cl)c3)c2cc1NC(=O)/C=C/CN1CCCCCC1
2931,5.0,nM,CHEMBL368891,Nc1ncnc2nn3ccccc3c12
2932,5.886056647693163,nM,CHEMBL369014,CCOC(=O)c1ccc(-c2cn(-c3ccccc3)c3ncnc(N)c23)cc1
2933,8.259637310505756,nM,CHEMBL3699581,C=CC(=O)Nc1cccc(Oc2nc(Nc3ccc(N4CCOCC4)cc3OC)ncc2C(F)(F)F)c1
2934,7.698970004336019,nM,CHEMBL3699582,C=CC(=O)Nc1cccc(Nc2nc(Nc3ccc(N4CCOCC4)cc3OC)ncc2C(F)(F)F)c1
2935,8.259637310505756,nM,CHEMBL3699583,C=CC(=O)Nc1cccc(Oc2nc(Nc3ccc(N4CCN(C(=O)CO)CC4)cc3OC)ncc2Cl)c1
2936,8.259637310505756,nM,CHEMBL3699584,C=CC(=O)Nc1cccc(Nc2nc(Nc3ccc(N4CCN(C(=O)CO)CC4)cc3OC)ncc2C(F)(F)F)c1
2937,7.698970004336019,nM,CHEMBL3699585,C=CC(=O)Nc1cccc(Nc2nc(Nc3ccc(N4CCCN(C(C)=O)CC4)cc3OC)ncc2C(F)(F)F)c1
2938,8.259637310505756,nM,CHEMBL3699586,C=CC(=O)Nc1cccc(Nc2nc(Nc3ccc(N4CCN(C(C)=O)CC4)cc3OC)ncc2Cl)c1
2939,8.259637310505756,nM,CHEMBL3699587,C=CC(=O)Nc1cccc(Oc2nc(Nc3ccc(N4CCN(C(C)=O)CC4)cc3OC)ncc2Cl)c1
2940,7.698970004336019,nM,CHEMBL3699589,C=CC(=O)Nc1cccc(Oc2nc(Nc3ccc(N4CCN(C(=O)CO)CC4)cc3OC)ncc2C(F)(F)F)c1
2941,7.698970004336019,nM,CHEMBL3699590,C=CC(=O)Nc1cccc(Nc2nc(Nc3ccc(N4CCN(C(=O)CO)CC4)cc3OC)ncc2Cl)c1
2942,7.187086643357144,nM,CHEMBL3699591,C=CC(=O)Nc1cccc(Oc2nc(Nc3ccc(N4CCOCC4)cc3OC(F)F)ncc2C(F)(F)F)c1
2943,7.698970004336019,nM,CHEMBL3699592,C=CC(=O)Nc1cccc(Nc2nc(Nc3ccc(N4CCOCC4)cc3OC(F)F)ncc2C(F)(F)F)c1
2944,7.698970004336019,nM,CHEMBL3699593,C=CC(=O)Nc1cccc(Nc2nc(Nc3ccc(N4CCN(S(C)(=O)=O)CC4)cc3OC)ncc2C(F)(F)F)c1
2945,7.698970004336019,nM,CHEMBL3699594,C=CC(=O)Nc1cccc(Oc2nc(Nc3ccc(N4CCN(C(=O)OC(C)(C)C)CC4)cc3OCC)ncc2Cl)c1
2946,8.259637310505756,nM,CHEMBL3699595,C=CC(=O)Nc1cccc(Nc2nc(Nc3ccc(N4CCCN(C(=O)C(F)(F)F)CC4)cc3OC)ncc2C(F)(F)F)c1
2947,8.259637310505756,nM,CHEMBL3699596,C=CC(=O)Nc1cccc(Oc2nc(Nc3ccc(N4CCN(C(=O)OC)CC4)cc3OC)ncc2C(F)(F)F)c1
2948,7.698970004336019,nM,CHEMBL3699597,C=CC(=O)Nc1cccc(Oc2nc(Nc3ccc(N4CCN(C(=O)NC)CC4)cc3OC)ncc2C(F)(F)F)c1
2949,7.187086643357144,nM,CHEMBL3699598,C=CC(=O)Nc1cccc(Oc2nc(Nc3ccc(N4CCN(S(C)(=O)=O)CC4)cc3OC)ncc2C(F)(F)F)c1
2950,8.259637310505756,nM,CHEMBL3699599,C=CC(=O)Nc1cccc(Oc2nc(Nc3ccc(N4CCN(C(=O)CC(C)(C)C)CC4)cc3OC)ncc2Cl)c1
2951,8.259637310505756,nM,CHEMBL3699600,C=CC(=O)Nc1cccc(Oc2nc(Nc3ccc(N4CCN(C(=O)C(F)(F)F)CC4)cc3OC)ncc2Cl)c1
2952,7.698970004336019,nM,CHEMBL3699601,C=CC(=O)Nc1cccc(Oc2nc(Nc3ccc(N4CCN(S(C)(=O)=O)CC4)cc3OC)ncc2Cl)c1
2953,8.259637310505756,nM,CHEMBL3699602,C=CC(=O)Nc1cccc(Oc2nc(Nc3ccc(N4CCN(S(N)(=O)=O)CC4)cc3OC)ncc2C(F)(F)F)c1
2954,8.259637310505756,nM,CHEMBL3699603,C=CC(=O)Nc1cccc(Nc2nc(Nc3ccc(N4CCN(C(=O)NC)CC4)cc3OC)ncc2C(F)(F)F)c1
2955,7.698970004336019,nM,CHEMBL3699604,C=CC(=O)Nc1cccc(Nc2nc(Nc3ccc(N4CCN(C(=O)OC)CC4)cc3OC)ncc2C(F)(F)F)c1
2956,8.259637310505756,nM,CHEMBL3699607,C=CC(=O)Nc1cccc(Nc2nc(Nc3ccc(N4CCN(C(C)=O)CC4)cc3OC(F)(F)F)ncc2C(F)(F)F)c1
2957,7.187086643357144,nM,CHEMBL3699608,C=CC(=O)Nc1cccc(Nc2nc(Nc3ccc(N4CCN(C(=O)C(C)(C)C)CC4)cc3OC)ncc2C(F)(F)F)c1
2958,8.259637310505756,nM,CHEMBL3699609,C=CC(=O)Nc1cccc(Nc2nc(Nc3ccc(N4CCN(C(=O)CC)CC4)cc3OC)ncc2C(F)(F)F)c1
2959,7.698970004336019,nM,CHEMBL3699610,C=CC(=O)Nc1cccc(Oc2nc(Nc3ccc(N4CCOCC4)cc3OC(F)F)ncc2Cl)c1
2960,7.698970004336019,nM,CHEMBL3699612,C=CC(=O)Nc1cccc(Nc2nc(Nc3ccc(N4CCCOCC4)cc3OC)ncc2C(F)(F)F)c1
2961,8.259637310505756,nM,CHEMBL3699613,C=CC(=O)Nc1cccc(Nc2nc(Nc3ccc(N4CCCN(C(=O)OC(C)(C)C)CC4)cc3OC)ncc2C(F)(F)F)c1
2962,8.259637310505756,nM,CHEMBL3699614,C=CC(=O)Nc1cccc(Nc2nc(Nc3ccc(N4CCN(C(C)=O)CC4)cc3OC)ncc2Br)c1
2963,8.259637310505756,nM,CHEMBL3699615,C=CC(=O)Nc1cccc(Nc2nc(Nc3ccc(N4CCN(S(C)(=O)=O)CC4)cc3OC)ncc2Cl)c1
2964,6.187086643357144,nM,CHEMBL3699616,C=CC(=O)Nc1cccc(Oc2nc(Nc3ccc(N4CCN(C(=O)CC(C)(C)C)CC4)cc3OC)ncc2C(F)(F)F)c1
2965,8.259637310505756,nM,CHEMBL3699617,C=CC(=O)Nc1cccc(Oc2nc(Nc3ccc(N4CCCN(C(=O)OC(C)(C)C)CC4)cc3OC)ncc2Cl)c1
2966,8.259637310505756,nM,CHEMBL3699618,C=CC(=O)Nc1cccc(Nc2nc(Nc3ccc(N4CCN(C(=O)CC(C)(C)C)CC4)cc3OC)ncc2C(F)(F)F)c1
2967,6.698970004336019,nM,CHEMBL3699619,C=CC(=O)Nc1cccc(Oc2nc(Nc3ccc(N4CCN(C(=O)OC(C)(C)C)CC4)cc3OC)ncc2Cl)c1
2968,7.698970004336019,nM,CHEMBL3699620,C=CC(=O)Nc1cccc(Oc2nc(Nc3ccc(N4CCN(C(=O)OC(C)(C)C)CC4)cc3OC(F)(F)F)ncc2Cl)c1
2969,7.698970004336019,nM,CHEMBL3699621,C=CC(=O)Nc1cccc(Nc2nc(Nc3ccc(N4CCN(C(C)=O)[C@H](C(=O)OC)C4)cc3OC)ncc2C(F)(F)F)c1
2970,8.259637310505756,nM,CHEMBL3699622,C=CC(=O)Nc1cccc(Nc2nc(Nc3ccc(N4CCS(=O)(=O)CC4)cc3OC)ncc2C(F)(F)F)c1
2971,5.130768280269024,nM,CHEMBL369967,CCNCc1cn2ncnc(Nc3ccc4c(cnn4Cc4ccccc4)c3)c2c1CC
2972,5.259637310505757,nM,CHEMBL370266,CONC(=O)c1cc(Nc2ncnn3cc(NC(=O)OCC4CCCO4)c(C(C)C)c23)c(F)cc1F
2973,5.2839966563652006,nM,CHEMBL370808,COc1ccc(C#CC(C)(C)N)cc1-c1[nH]nc2nc(Nc3ccc(F)cc3F)ncc12
2974,7.221848749616356,nM,CHEMBL370934,CCOC(=O)c1cn2ncnc(Nc3cccc(Br)c3)c2c1CC
2975,6.698970004336019,nM,CHEMBL371863,CCOC(=O)c1cn2ncnc(NCc3ccccc3)c2c1CC
2976,7.229147988357855,nM,CHEMBL371888,COc1cc2ncnc(Nc3ccc(OCc4ccccn4)c(C)c3)c2cc1OC
2977,7.301029995663981,nM,CHEMBL372112,CCOC(=O)c1cn2ncnc(Nc3ccc4[nH]ncc4c3)c2c1CC
2978,6.6020599913279625,nM,CHEMBL372246,C=CC(=O)Nc1cc2c(Nc3cc(Cl)c(Cl)cc3F)ncnc2cc1N1CCN(C)CC1
2979,6.698970004336019,nM,CHEMBL372293,CCc1c(C(=O)N(C)C)cn2ncnc(Nc3ccc4c(cnn4Cc4ccccc4)c3)c12
2980,6.6777807052660805,nM,CHEMBL372523,CCc1c(NC(=O)OCc2ccccc2)cn2ncnc(Nc3ccc4c(cnn4Cc4ccccc4)c3)c12
2981,5.795880017344075,nM,CHEMBL372692,CCc1c(CC(=O)O)cn2ncnc(Nc3ccc4c(cnn4Cc4ccccc4)c3)c12
2982,6.309803919971486,nM,CHEMBL373025,CCc1c(CO)cn2ncnc(Nc3ccc4c(cnn4Cc4ccccc4)c3)c12
2983,8.508638306165727,nM,CHEMBL373207,CCN(CC)CC#CC(=O)Nc1ccc2ncnc(Nc3ccc(F)c(Cl)c3)c2c1
2984,5.259637310505757,nM,CHEMBL37346,Brc1cccc(Nc2ccnc3ccccc23)c1
2985,6.455931955649724,nM,CHEMBL3735648,CC1(C)c2cc(C3CCN(CC4CCOCC4)CC3)ccc2C(=O)c2c1[nH]c1cc(C#N)ccc21
2986,4.6020599913279625,nM,CHEMBL373882,CNc1ncnc(-c2cccnc2Oc2ccc(F)c(C(=O)Nc3cc(C(F)(F)F)ccc3N(C)CCCN(C)C)c2)n1
2987,7.568636235841013,nM,CHEMBL3739527,C#Cc1cccc(Nc2ncnc3cc(OCCOC(=O)CC4=C(C)/C(=C/c5ccc([S+](C)[O-])cc5)c5ccc(F)cc54)c(OCCOC(=O)CC4=C(C)/C(=C/c5ccc([S+](C)[O-])cc5)c5ccc(F)cc54)cc23)c1
2988,5.462180904926727,nM,CHEMBL3739586,Cc1ccc(-n2cc3c(-c4c[nH]c(-c5ccccc5)c4-c4ccccc4)nnc(O)c3n2)cc1
2989,5.348721986001856,nM,CHEMBL3739587,CC(=O)c1nn(-c2ccc(Cl)cc2)cc1C(=O)c1c(C)[nH]c(-c2ccccc2)c1-c1ccccc1
2990,5.330683119433889,nM,CHEMBL3739750,CC(=O)c1nn(-c2ccccc2)cc1C(=O)c1c(C)[nH]c(-c2ccccc2)c1-c1ccccc1
2991,7.481486060122113,nM,CHEMBL3739771,C#Cc1cccc(Nc2ncnc3cc(OCCOC(=O)Cc4c(C)n(C(=O)c5ccc(Cl)cc5)c5ccc(OC)cc45)c(OCCOC(=O)Cc4c(C)n(C(=O)c5ccc(Cl)cc5)c5ccc(OC)cc45)cc23)c1
2992,5.821023052706831,nM,CHEMBL3739812,C=CC(=O)Nc1cccc(Nc2nc(N/N=C/c3ccccc3F)ncc2Cl)c1
2993,5.539102157243452,nM,CHEMBL3740003,Cc1[nH]c(-c2ccccc2)c(-c2ccccc2)c1-c1ccc(NC(=O)c2ccccc2)c(=O)o1
2994,5.628932137728264,nM,CHEMBL3740102,C/C(=N\Nc1ncc(Cl)c(Nc2cccc(NC(=O)/C=C/CN(C)C)c2)n1)c1ccc(F)cc1
2995,6.055517327849832,nM,CHEMBL3740105,C#Cc1cccc(Nc2ncnc3cc(OCCOC(=O)c4ccc(C(=O)Nc5ccc6c(c5)C(C)(C)CCC6(C)C)cc4)c(OCCOC(=O)c4ccc(C(=O)Nc5ccc6c(c5)C(C)(C)CCC6(C)C)cc4)cc23)c1
2996,5.49214412830417,nM,CHEMBL3740131,CCOC(=O)c1nn(-c2ccccc2)cc1C(=O)c1c(C)[nH]c(-c2ccccc2)c1-c1ccccc1
2997,8.075720713938118,nM,CHEMBL3740144,CN1CCN(Cc2ccc(NC(=O)Nc3ccc4ncnc(Nc5ccc(OCc6cccc(F)c6)c(Cl)c5)c4c3)cc2)CC1
2998,5.036684488613889,nM,CHEMBL3740247,CC(=O)c1nn(-c2ccc(C)cc2)cc1C(=O)c1c(C)[nH]c(-c2ccccc2)c1-c1ccccc1
2999,5.6439741428068775,nM,CHEMBL3740257,C=CC(=O)Nc1cccc(Nc2nc(N/N=C(\C)c3ccc(F)cc3F)ncc2Cl)c1
3000,5.422508200162776,nM,CHEMBL3740385,Cc1[nH]c(-c2ccccc2)c(-c2ccccc2)c1C(=O)c1cn(-c2ccc(Cl)cc2)nc1C(=O)Nc1ccccc1
3001,5.292429823902063,nM,CHEMBL3740492,Cc1c(C(=O)c2coc3c2cc(O)c2ccccc23)[nH]c(-c2ccccc2)c1-c1ccccc1
3002,6.2441251443275085,nM,CHEMBL3740577,C=CC(=O)Nc1cccc(Nc2nc(N/N=C/c3ccc(F)cc3)ncc2Cl)c1
3003,5.410050398674293,nM,CHEMBL3740582,Cc1[nH]c(-c2ccccc2)c(-c2ccccc2)c1-c1nnc(C)c2nn(-c3ccccc3)cc12
3004,7.568636235841013,nM,CHEMBL3740595,C#Cc1cccc(Nc2ncnc3cc(OCCOC(=O)Cc4c(C)n(C(=O)c5ccc(Cl)cc5)c5ccc(OC)cc45)c(OCCOC)cc23)c1
3005,4.936666641048251,nM,CHEMBL3740614,C=CC(=O)Nc1cccc(Nc2nc(N/N=C/c3ccc(F)cc3F)ncc2Cl)c1
3006,5.347753658996677,nM,CHEMBL3740713,Cc1ccc(-n2cc(C(=O)c3c(C)[nH]c(-c4ccccc4)c3-c3ccccc3)c(C(=O)Nc3ccccc3)n2)cc1
3007,7.142667503568732,nM,CHEMBL3740850,C#Cc1cccc(Nc2ncnc3cc(OCCOC(=O)C(C)c4ccc5cc(OC)ccc5c4)c(OCCOC)cc23)c1
3008,6.142667503568732,nM,CHEMBL3740907,C/C(=N\Nc1ncc(Cl)c(Nc2cccc(NC(=O)/C=C/CN(C)C)c2)n1)c1ccc(F)cc1F
3009,8.387216143280265,nM,CHEMBL3740910,O=C(Nc1ccc(CN2CCCC2)cc1)Nc1ccc2ncnc(Nc3cccc(C(F)(F)F)c3)c2c1
3010,5.443697499232713,nM,CHEMBL3740923,Oc1nnc(-c2c[nH]c(-c3ccccc3)c2-c2ccccc2)c2cn(-c3ccccc3)nc12
3011,5.448550002027126,nM,CHEMBL3740930,Cc1[nH]c(-c2ccccc2)c(-c2ccccc2)c1C(=O)c1cn(-c2ccccc2)nc1C(=O)Nc1ccccc1
3012,8.045757490560675,nM,CHEMBL3741026,C#Cc1cccc(Nc2ncnc3cc(OCCOC(=O)C(C)c4ccc(CC(C)C)cc4)c(OCCOC)cc23)c1
3013,5.591760034688151,nM,CHEMBL3741069,Cc1[nH]c(-c2ccccc2)c(-c2ccccc2)c1C(=O)c1cn(-c2ccccc2)nc1-c1ccccc1
3014,5.889410289700751,nM,CHEMBL3741245,C=CC(=O)Nc1cccc(Nc2nc(N/N=C(\C)c3ccc(F)cc3)ncc2Cl)c1
3015,7.494850021680094,nM,CHEMBL3741304,C#Cc1cccc(Nc2ncnc3cc(OCCOC(=O)c4ccc(C(=O)Nc5ccc6c(c5)C(C)(C)CCC6(C)C)cc4)c(OCCOC)cc23)c1
3016,5.623423042943489,nM,CHEMBL3741324,C/C(=N\Nc1ncc(Cl)c(Nc2cccc(NC(=O)/C=C/CN(C)C)c2)n1)c1ccccn1
3017,7.468521082957745,nM,CHEMBL3741399,C#Cc1cccc(Nc2ncnc3cc(OCCOC(=O)c4ccccc4OC(C)=O)c(OCCOC(=O)c4ccccc4OC(C)=O)cc23)c1
3018,8.301029995663981,nM,CHEMBL3741424,C#Cc1cccc(Nc2ncnc3cc(OCCOC(=O)c4ccccc4OC(C)=O)c(OCCOC)cc23)c1
3019,6.102372908709558,nM,CHEMBL3741436,CN(C)C/C=C/C(=O)Nc1cccc(Nc2nc(N/N=C/c3ccccc3F)ncc2Cl)c1
3020,8.301029995663981,nM,CHEMBL3741473,O=C(Nc1ccc(CN2CCCCC2)cc1)Nc1ccc2ncnc(Nc3cccc(C(F)(F)F)c3)c2c1
3021,9.0,nM,CHEMBL3741490,C#Cc1cccc(Nc2ncnc3cc(OCCO)c(OCCOC)cc23)c1
3022,5.494850021680094,nM,CHEMBL3741526,CCOC(=O)c1nn(-c2ccc(Cl)cc2)cc1C(=O)c1c(C)[nH]c(-c2ccccc2)c1-c1ccccc1
3023,5.593459819566045,nM,CHEMBL3741655,Cc1[nH]c(-c2ccccc2)c(-c2ccccc2)c1-c1nnc(C)c2nn(-c3ccc(Cl)cc3)cc12
3024,6.167491087293764,nM,CHEMBL3741762,CN(C)C/C=C/C(=O)Nc1cccc(Nc2nc(N/N=C/c3ccc(F)cc3)ncc2Cl)c1
3025,6.4089353929735005,nM,CHEMBL3741768,C#Cc1cccc(Nc2ncnc3cc(OCCOC(=O)C(C)c4ccc5cc(OC)ccc5c4)c(OCCOC(=O)C(C)c4ccc5cc(OC)ccc5c4)cc23)c1
3026,5.246416941107094,nM,CHEMBL3741796,C=CC(=O)Nc1cccc(Nc2nc(N/N=C(\C)c3ccc(C)cc3)ncc2Cl)c1
3027,5.435333935747911,nM,CHEMBL3741960,Cc1c(C(=O)c2coc3ccc(O)cc23)[nH]c(-c2ccccc2)c1-c1ccccc1
3028,7.508638306165727,nM,CHEMBL3742059,C#Cc1cccc(Nc2ncnc3cc(OCCOC(=O)CC4=C(C)/C(=C\c5ccc([S+](C)[O-])cc5)c5ccc(F)cc54)c(OCCOC)cc23)c1
3029,5.265200170411154,nM,CHEMBL3742060,Cc1ccc(-n2cc3c(-c4c(C)[nH]c(-c5ccccc5)c4-c4ccccc4)nnc(C)c3n2)cc1
3030,5.6003262785189625,nM,CHEMBL3742128,CN(C)C/C=C/C(=O)Nc1cccc(Nc2nc(N/N=C/c3ccc(F)cc3F)ncc2Cl)c1
3031,5.364516253185089,nM,CHEMBL3742146,C/C(=N\Nc1ncc(Cl)c(Nc2cccc(NC(=O)/C=C/CN(C)C)c2)n1)c1cccnc1
3032,5.357535479757879,nM,CHEMBL3742200,Oc1nnc(-c2c[nH]c(-c3ccccc3)c2-c2ccccc2)c2cn(-c3ccc(Cl)cc3)nc12
3033,5.103473782510445,nM,CHEMBL3742349,CCOC(=O)c1nn(-c2ccc(C)cc2)cc1C(=O)c1c(C)[nH]c(-c2ccccc2)c1-c1ccccc1
3034,4.569924944448061,nM,CHEMBL3745929,CCOc1ccc(C2=NN(C(C)=O)C(c3ccc(C(=O)OC(C)Cn4c([N+](=O)[O-])cnc4C)cc3)C2)cc1
3035,5.033389013318066,nM,CHEMBL3746168,CC(=O)N1N=C(c2ccc(Cl)cc2)CC1c1ccc(C(=O)OC(C)Cn2c([N+](=O)[O-])cnc2C)cc1
3036,5.384049948343598,nM,CHEMBL3746212,CC(=O)N1N=C(c2ccc(Br)cc2)CC1c1ccc(C(=O)OCCn2c([N+](=O)[O-])cnc2C)cc1
3037,4.961777361631282,nM,CHEMBL3746268,CC(=O)N1N=C(c2ccc(C)cc2)CC1c1ccc(C(=O)OCCn2c([N+](=O)[O-])cnc2C)cc1
3038,4.671416550285799,nM,CHEMBL3746387,COc1ccc(C2=NN(C(C)=O)C(c3ccc(C(=O)OC(C)Cn4c([N+](=O)[O-])cnc4C)cc3)C2)cc1
3039,5.175874166083451,nM,CHEMBL3746421,CC(=O)N1N=C(c2ccc(C(F)(F)F)cc2)CC1c1ccc(C(=O)OC(C)Cn2c([N+](=O)[O-])cnc2C)cc1
3040,6.221848749616356,nM,CHEMBL3746473,CC(=O)N1N=C(c2ccc([N+](=O)[O-])cc2)CC1c1ccc(C(=O)OCCn2c([N+](=O)[O-])cnc2C)cc1
3041,6.585026652029182,nM,CHEMBL3746557,CC(=O)N1N=C(c2ccc(C(F)(F)F)cc2)CC1c1ccc(C(=O)OCCn2c([N+](=O)[O-])cnc2C)cc1
3042,4.971022294791223,nM,CHEMBL3746564,CC(=O)N1N=C(c2ccc(I)cc2)CC1c1ccc(C(=O)OC(C)Cn2c([N+](=O)[O-])cnc2C)cc1
3043,5.838631997765026,nM,CHEMBL3746642,CC(=O)N1N=C(c2ccc([N+](=O)[O-])cc2)CC1c1ccc(C(=O)OC(C)Cn2c([N+](=O)[O-])cnc2C)cc1
3044,5.8996294548824375,nM,CHEMBL3746711,CC(=O)N1N=C(c2ccc(I)cc2)CC1c1ccc(C(=O)OCCn2c([N+](=O)[O-])cnc2C)cc1
3045,4.592099459857366,nM,CHEMBL3746980,CC(=O)N1N=C(c2ccc(C)cc2)CC1c1ccc(C(=O)OC(C)Cn2c([N+](=O)[O-])cnc2C)cc1
3046,5.068542129310995,nM,CHEMBL3747055,COc1ccc(C2=NN(C(C)=O)C(c3ccc(C(=O)OCCn4c([N+](=O)[O-])cnc4C)cc3)C2)cc1
3047,5.018634490921455,nM,CHEMBL3747079,CC(=O)N1N=C(c2ccccc2)CC1c1ccc(C(=O)OCCn2c([N+](=O)[O-])cnc2C)cc1
3048,5.181774106386045,nM,CHEMBL3747152,CC(=O)N1N=C(c2ccc(F)cc2)CC1c1ccc(C(=O)OC(C)Cn2c([N+](=O)[O-])cnc2C)cc1
3049,5.1325325121409495,nM,CHEMBL3747277,CC(=O)N1N=C(c2ccc(Cl)cc2)CC1c1ccc(C(=O)OCCn2c([N+](=O)[O-])cnc2C)cc1
3050,5.29929628285498,nM,CHEMBL3747281,CC(=O)N1N=C(c2ccc(F)cc2)CC1c1ccc(C(=O)OCCn2c([N+](=O)[O-])cnc2C)cc1
3051,4.819300798703965,nM,CHEMBL3747407,CCOc1ccc(C2=NN(C(C)=O)C(c3ccc(C(=O)OCCn4c([N+](=O)[O-])cnc4C)cc3)C2)cc1
3052,4.912218582190458,nM,CHEMBL3747570,CC(=O)N1N=C(c2ccccc2)CC1c1ccc(C(=O)OC(C)Cn2c([N+](=O)[O-])cnc2C)cc1
3053,5.224753740259764,nM,CHEMBL3747776,CC(=O)N1N=C(c2ccc(Br)cc2)CC1c1ccc(C(=O)OC(C)Cn2c([N+](=O)[O-])cnc2C)cc1
3054,6.321791291345775,nM,CHEMBL3751967,COc1ccc(-c2cc(NC(=O)Nc3nccs3)cc(C(F)(F)F)c2)cn1
3055,7.828858848971618,nM,CHEMBL3752008,O=C(Nc1ccncc1)Nc1cc(-c2cncnc2)cc(C(F)(F)F)c1
3056,6.441291429466834,nM,CHEMBL3752129,COc1cc(NC(=O)Nc2nccs2)cc(-c2cn(C)cn2)c1OC
3057,7.022276394711152,nM,CHEMBL3752139,C=CC(=O)Nc1cccc(-n2c(=O)cc(N(C)C)c3cnc(Nc4ccc(N5CCN(C)CC5)cc4OC)nc32)c1
3058,7.144420277498282,nM,CHEMBL3752248,O=C(Nc1nccs1)Nc1cc(-c2cncnc2)ccc1OC(F)(F)F
3059,7.10790539730952,nM,CHEMBL3752365,C=CC(=O)Nc1cccc(-n2c(=O)cc(C)c3cnc(Nc4ccc(N5CCN(C)CC5)cc4OC(C)C)nc32)c1
3060,7.743763466794077,nM,CHEMBL3752370,O=C(Nc1ccncc1)Nc1cc(-c2cncnc2)ccc1OC(F)(F)F
3061,6.722413704215237,nM,CHEMBL3752404,O=C(Nc1ccncc1)Nc1cc(-c2cccnc2)cc(C(F)(F)F)c1
3062,7.023100049017062,nM,CHEMBL3752825,Cn1cnc(-c2ccc(OC(F)(F)F)c(NC(=O)Nc3ccncc3)c2)c1
3063,6.507574887223914,nM,CHEMBL3752916,Cn1cnc(-c2cc(NC(=O)Nc3nccs3)cc(C(F)(F)F)c2)c1
3064,7.106959888042883,nM,CHEMBL3753142,O=C(Nc1cc(-c2cccnc2)cc(C(F)(F)F)c1)Nc1nccs1
3065,6.305131672017544,nM,CHEMBL3753157,COc1ccc(-c2ccc(OC(F)(F)F)c(NC(=O)Nc3nccs3)c2)cn1
3066,7.4089353929735005,nM,CHEMBL3753228,C=CC(=O)Nc1cccc(-n2c(=O)cc(C(F)(F)F)c3cnc(Nc4ccc(N5CCN(C)CC5)cc4OC)nc32)c1
3067,9.69897000433602,nM,CHEMBL3753235,C=CC(=O)Nc1cccc(-n2c(=O)c(-c3ccccc3)cc3cnc(Nc4ccc(N5CCN(C)CC5)cc4OC)nc32)c1
3068,7.67778070526608,nM,CHEMBL3753305,C=CC(=O)Nc1cccc(-n2c(=O)cc(-c3ccccc3)c3cnc(Nc4ccc(N5CCN(C)CC5)cc4OC)nc32)c1
3069,6.341826369776011,nM,CHEMBL3753444,COc1ccc(-c2cc(NC(=O)Nc3ccncc3)cc(OC)c2OC)cn1
3070,6.552841968657781,nM,CHEMBL3753461,C=CC(=O)Nc1cccc(-n2c(=O)cc(C)c3c(C)nc(Nc4ccc(N5CCN(C)CC5)cc4OC)nc32)c1
3071,7.605373235727791,nM,CHEMBL3753532,COc1cc(NC(=O)Nc2ccccn2)cc(-c2c[nH]cn2)c1OC
3072,6.987458027224164,nM,CHEMBL3753623,COc1ccc(-c2ccc(OC(F)(F)F)c(NC(=O)Nc3ccncc3)c2)cn1
3073,6.916891720805266,nM,CHEMBL3753811,O=C(Nc1nccs1)Nc1cc(-c2cccnc2)ccc1OC(F)(F)F
3074,6.882430436536173,nM,CHEMBL3753836,COc1cc(NC(=O)Nc2ccncc2)cc(-c2cccnc2)c1OC
3075,7.749579997691106,nM,CHEMBL3753874,C=CC(=O)Nc1cccc(-n2c(=O)cc(CCC)c3cnc(Nc4ccc(N5CCN(C)CC5)cc4OC)nc32)c1
3076,7.012244383261477,nM,CHEMBL3753886,O=C(Nc1ccncc1)Nc1cc(-c2cccnc2)ccc1OC(F)(F)F
3077,7.026872146400302,nM,CHEMBL3754040,C=CC(=O)Nc1cccc(-n2c(=O)cc(C(C)C)c3cnc(Nc4ccc(N5CCN(C)CC5)cc4OC)nc32)c1
3078,7.57577192930402,nM,CHEMBL3754057,O=C(Nc1ccccn1)Nc1cc(-c2cncnc2)ccc1OC(F)(F)F
3079,7.721246399047171,nM,CHEMBL3754213,C=CC(=O)Nc1cccc(-n2c(=O)cc(C)c3cnc(Nc4ccc(N5CCN(C)CC5)cc4OCCC)nc32)c1
3080,6.780939667551139,nM,CHEMBL3754301,Cn1cnc(-c2cc(NC(=O)Nc3ccncc3)cc(C(F)(F)F)c2)c1
3081,7.143754599209946,nM,CHEMBL3754556,O=C(Nc1cc(-c2cncnc2)cc(C(F)(F)F)c1)Nc1nccs1
3082,6.498776367194819,nM,CHEMBL3754709,COc1cc(NC(=O)Nc2nccs2)cc(-c2cccnc2)c1OC
3083,6.536913666975467,nM,CHEMBL3754722,COc1cc(NC(=O)Nc2ccncc2)cc(-c2cncnc2)c1OC
3084,8.698970004336019,nM,CHEMBL3758278,COc1cc(C(N)=O)ccc1-c1cc2c(N[C@H](C)c3ccccc3)ncnc2s1
3085,8.698970004336019,nM,CHEMBL3758351,COc1cc(CO)ccc1-c1cc2c(Nc3ccc(F)c(Cl)c3)ncnc2s1
3086,8.698970004336019,nM,CHEMBL3758376,CN(C)CCNC(=O)c1ccc(-c2cc3c(N[C@H](CO)c4ccccc4)ncnc3s2)cc1
3087,8.221848749616356,nM,CHEMBL3758471,C[C@@H](Nc1ncnc2sc(-c3cccc(C=O)c3)cc12)c1ccccc1
3088,9.30102999566398,nM,CHEMBL3758582,COc1ccc(C(=O)NCCN(C)C)cc1-c1cc2c(N[C@H](C)c3ccccc3)ncnc2s1
3089,6.161150909262745,nM,CHEMBL3758585,COc1cc2c(Nc3ccc(NC(=O)c4ccc(C)cc4)cc3)ncnc2cc1OCCCN1CCN(C)CC1
3090,6.823908740944319,nM,CHEMBL3758749,COc1cc2c(Nc3ccc(NC(=O)c4cccc(Cl)c4)cc3)ncnc2cc1OCCCN1CCN(C)CC1
3091,8.154901959985743,nM,CHEMBL3758758,COC(=O)c1ccc(OC)c(-c2cc3c(N[C@H](C)c4ccccc4)ncnc3s2)c1
3092,7.67778070526608,nM,CHEMBL3758761,COc1c(C=O)cccc1-c1cc2c(N[C@H](C)c3ccccc3)ncnc2s1
3093,8.154901959985743,nM,CHEMBL3758762,C[C@@H](Nc1ncnc2sc(-c3ccc(C(N)=O)cc3)cc12)c1ccccc1
3094,7.853871964321762,nM,CHEMBL3758768,COc1cc(CO)ccc1-c1cc2c(Nc3ccccc3)ncnc2s1
3095,9.30102999566398,nM,CHEMBL3758770,COc1cc(C(=O)NCCN(C)C)ccc1-c1cc2c(N[C@H](C)c3ccccc3)ncnc2s1
3096,8.698970004336019,nM,CHEMBL3758800,C[C@@H](Nc1ncnc2sc(-c3ccc(C(=O)NCCN(C)C)cc3)cc12)c1ccccc1
3097,8.301029995663981,nM,CHEMBL3758802,C#Cc1cccc(Nc2ncnc3sc(-c4ccc(CO)cc4OC)cc23)c1
3098,8.301029995663981,nM,CHEMBL3758868,COc1ccc(-c2cc3c(N[C@H](C)c4ccccc4)ncnc3s2)c(OC)c1
3099,6.119186407719209,nM,CHEMBL3758875,COc1cc2c(Nc3ccc(NC(=O)c4ccc(C)cc4)cc3)ncnc2cc1OCCCN1CCOCC1
3100,7.387216143280264,nM,CHEMBL3758889,C[C@@H](Nc1ncnc2sc(-c3ccc(S(C)(=O)=O)cc3)cc12)c1ccccc1
3101,8.301029995663981,nM,CHEMBL3758939,C[C@@H](Nc1ncnc2sc(-c3cccc(C(N)=O)c3)cc12)c1ccccc1
3102,7.318758762624412,nM,CHEMBL3758946,OCc1ccc(-c2cc3c(NCc4ccccc4)ncnc3s2)cc1
3103,8.096910013008056,nM,CHEMBL3758951,C[C@@H](Nc1ncnc2sc(-c3ccc(F)c(C=O)c3)cc12)c1ccccc1
3104,8.045757490560675,nM,CHEMBL3758990,COC(=O)c1cccc(-c2cc3c(N[C@H](C)c4ccccc4)ncnc3s2)c1OC
3105,6.638272163982407,nM,CHEMBL3759015,COc1cc2c(Nc3ccc(NC(=O)c4cccc(Cl)c4)cc3)ncnc2cc1OCCCN1CCOCC1
3106,8.301029995663981,nM,CHEMBL3759022,COc1cc(CO)ccc1-c1cc2c(NCc3ccccc3)ncnc2s1
3107,6.559090917934783,nM,CHEMBL3759085,C[C@@H](Nc1ncnc2sc(-c3ccccc3C(N)=O)cc12)c1ccccc1
3108,6.886056647693163,nM,CHEMBL3759127,COc1cc2c(Nc3ccc(NC(=O)c4ccccc4)cc3)ncnc2cc1OCCCN1CCN(C)CC1
3109,5.336299074610352,nM,CHEMBL3759155,COc1cc2c(Nc3ccc(NC(=O)c4ccccc4)cc3)ncnc2cc1OCCN1CCCCC1
3110,7.698970004336019,nM,CHEMBL3759190,COc1cc2c(Nc3ccc(NC(=O)c4ccccc4Cl)cc3)ncnc2cc1OCCCN1CCN(C)CC1
3111,9.045757490560677,nM,CHEMBL3759199,COc1cccc(OC)c1-c1cc2c(N[C@H](CO)c3ccccc3)ncnc2s1
3112,6.136677139879545,nM,CHEMBL3759203,COc1cc2c(Nc3ccc(NC(=O)c4ccccc4Cl)cc3)ncnc2cc1OCc1ccccc1
3113,7.67778070526608,nM,CHEMBL3759257,OCc1ccc(-c2cc3c(Nc4ccccc4)ncnc3s2)cc1
3114,8.301029995663981,nM,CHEMBL3759280,COc1cc(C=O)ccc1-c1cc2c(Nc3ccc(F)c(Cl)c3)ncnc2s1
3115,9.397940008672036,nM,CHEMBL3759317,COc1cc(C(=O)NCCN(C)C)cc(OC)c1-c1cc2c(N[C@H](C)c3ccccc3)ncnc2s1
3116,8.096910013008056,nM,CHEMBL3759356,C[C@@H](Nc1ncnc2sc(-c3cccc(C(=O)O)c3)cc12)c1ccccc1
3117,8.823908740944319,nM,CHEMBL3759359,COc1c(CO)cccc1-c1cc2c(N[C@H](C)c3ccccc3)ncnc2s1
3118,9.045757490560677,nM,CHEMBL3759369,C[C@@H](Nc1ncnc2sc(-c3cccc(C(=O)NCCN(C)C)c3)cc12)c1ccccc1
3119,7.698970004336019,nM,CHEMBL3759459,COC(=O)c1ccc(-c2cc3c(N[C@H](C)c4ccccc4)ncnc3s2)c(OC)c1
3120,8.045757490560675,nM,CHEMBL3759478,OC[C@@H](Nc1ncnc2sc(-c3ccccc3)cc12)c1ccccc1
3121,8.823908740944319,nM,CHEMBL3759480,COc1cc(C(N)=O)ccc1-c1cc2c(N[C@H](CO)c3ccccc3)ncnc2s1
3122,7.229147988357855,nM,CHEMBL3759649,C[C@@H](Nc1ncnc2sc(-c3ccc(C=O)cc3F)cc12)c1ccccc1
3123,8.522878745280337,nM,CHEMBL3759725,COc1c(C(=O)NCCN(C)C)cccc1-c1cc2c(N[C@H](C)c3ccccc3)ncnc2s1
3124,7.698970004336019,nM,CHEMBL3759733,COc1cc(C=O)ccc1-c1cc2c(Nc3ccccc3)ncnc2s1
3125,5.8696662315049934,nM,CHEMBL3759754,COc1cc2c(Nc3ccc(NC(=O)c4ccc(Cl)cc4)cc3)ncnc2cc1OCCCN1CCOCC1
3126,8.221848749616356,nM,CHEMBL3759780,COc1cc(F)ccc1-c1cc2c(N[C@H](C)c3ccccc3)ncnc2s1
3127,7.886056647693163,nM,CHEMBL3759815,C[C@@H](Nc1ncnc2sc(-c3ccc(CO)cc3F)cc12)c1ccccc1
3128,5.954677021213342,nM,CHEMBL3759830,COc1ccc(C(=O)Nc2ccc(Nc3ncnc4cc(OCCCN5CCN(C)CC5)c(OC)cc34)cc2)cc1
3129,6.522878745280337,nM,CHEMBL3759848,COc1cc2c(Nc3ccc(NC(=O)c4cccc(Cl)c4)cc3)ncnc2cc1OCCN1CCCCC1
3130,8.221848749616356,nM,CHEMBL3759900,COc1cc(C=O)ccc1-c1cc2c(NCc3ccccc3)ncnc2s1
3131,8.301029995663981,nM,CHEMBL3759929,COc1ccc(CO)cc1-c1cc2c(N[C@H](C)c3ccccc3)ncnc2s1
3132,8.698970004336019,nM,CHEMBL3759961,COc1cccc(OC)c1-c1cc2c(N[C@H](C)c3ccccc3)ncnc2s1
3133,7.886056647693163,nM,CHEMBL3759963,COc1cccc(-c2cc3c(N[C@H](C)c4ccccc4)ncnc3s2)c1OC
3134,7.721246399047171,nM,CHEMBL3759980,C[C@@H](Nc1ncnc2sc(-c3ccc(C(=O)O)cc3)cc12)c1ccccc1
3135,8.522878745280337,nM,CHEMBL3759986,OCc1cccc(-c2cc3c(N[C@H](CO)c4ccccc4)ncnc3s2)c1
3136,7.585026652029182,nM,CHEMBL3760023,C[C@@H](Nc1ncnc2sc(-c3cccc(S(C)(=O)=O)c3)cc12)c1ccccc1
3137,8.397940008672037,nM,CHEMBL3760071,COC(=O)c1cc(OC)c(-c2cc3c(N[C@H](C)c4ccccc4)ncnc3s2)c(OC)c1
3138,8.522878745280337,nM,CHEMBL3760082,COc1ccc(C=O)cc1-c1cc2c(N[C@H](C)c3ccccc3)ncnc2s1
3139,5.876148359032914,nM,CHEMBL3760090,COc1cc2c(Nc3ccc(NC(=O)c4ccc(Cl)cc4)cc3)ncnc2cc1OCCCN1CCN(C)CC1
3140,8.040958607678906,nM,CHEMBL3763360,COc1ccc(/C=C/C(=O)Nc2cc3c(Nc4ccc(F)c(Cl)c4)ncnc3cc2O[C@H]2CCOC2)cc1
3141,8.335358024443874,nM,CHEMBL3763405,COc1cc2ncnc(Nc3ccc(C(=O)NC45CC6CC(CC(C6)C4)C5)c(Cl)c3)c2cc1OCCCN1CCOCC1
3142,8.69680394257951,nM,CHEMBL3763627,COc1cc2ncnc(Nc3ccc(C(=O)NC45CC6CC(CC(C6)C4)C5)cc3)c2cc1OCCCN1CCOCC1
3143,7.812479279163536,nM,CHEMBL3763701,COc1cc2ncnc(Nc3cc(C(=O)NC45CC6CC(CC(C6)C4)C5)ccc3C)c2cc1OCCCN1CCOCC1
3144,8.226213555018806,nM,CHEMBL3763757,COCCOc1cc2ncnc(Nc3ccc(NC(=O)C45CC6CC(CC(C6)C4)C5)c(OC)c3)c2cc1OCCOC
3145,8.443697499232712,nM,CHEMBL3763790,COc1ccc(/C=C/C(=O)Nc2cc3c(Nc4ccc(F)c(Cl)c4)ncnc3cc2O[C@H]2CCOC2)c(OC)c1OC
3146,8.300162274132754,nM,CHEMBL3763796,COCCOc1cc2ncnc(Nc3ccc(NC(=O)C45CC6CC(CC(C6)C4)C5)c(C#N)c3)c2cc1OCCOC
3147,8.344861565188618,nM,CHEMBL3764312,COCCOc1cc2ncnc(Nc3ccc(NC(=O)C45CC6CC(CC(C6)C4)C5)cc3C)c2cc1OCCOC
3148,8.534617148551582,nM,CHEMBL3764589,COCCOc1cc2ncnc(Nc3ccc(NC(=O)C45CC6CC(CC(C6)C4)C5)c(C)c3)c2cc1OCCOC
3149,8.787812395596042,nM,CHEMBL3764603,COCCOc1cc2ncnc(Nc3cccc(NC(=O)C45CC6CC(CC(C6)C4)C5)c3)c2cc1OCCOC
3150,8.950781977329818,nM,CHEMBL3765263,COc1cc2ncnc(Nc3cccc(C(=O)NC45CC6CC(CC(C6)C4)C5)c3)c2cc1OCCCN1CCOCC1
3151,8.326979092871104,nM,CHEMBL3765425,COc1cc2ncnc(Nc3ccc(C(=O)NC45CC6CC(CC(C6)C4)C5)c(C#N)c3)c2cc1OCCCN1CCOCC1
3152,8.507239610973162,nM,CHEMBL3765789,COc1cc2ncnc(Nc3cccc(NC(=O)C45CC6CC(CC(C6)C4)C5)c3)c2cc1OCCCN1CCOCC1
3153,8.220403508742175,nM,CHEMBL3765815,COCCOc1cc2ncnc(Nc3ccc(C(=O)NC45CC6CC(CC(C6)C4)C5)cc3)c2cc1OCCOC
3154,6.920818753952375,nM,CHEMBL376967,COc1cc2ncnc(Nc3cccc(Cl)c3F)c2cc1CN(CCN(C)C)[C@@H](C)C(N)=O
3155,7.050609993355088,nM,CHEMBL377250,[O-][S+]1CCN(Cc2ccc(-c3ccc4ncnc(Nc5ccc(OCc6cccc(F)c6)c(C(F)(F)F)c5)c4c3)o2)CC1
3156,5.093234110459273,nM,CHEMBL377277,COc1cc(OC(C)C)c2c(Nc3ccc(F)c(Cl)c3)ncnc2c1
3157,6.362410214161301,nM,CHEMBL3774471,O=C1COc2cc3ncnc(Nc4ccc(F)cc4)c3cc2N1CCCN1CCOCC1
3158,6.788612447063142,nM,CHEMBL3774578,Cc1ccc(Nc2ncnc3cc4c(cc23)N(CCCN2CCOCC2)C(=O)CO4)cc1Cl
3159,6.084125497142309,nM,CHEMBL3774609,O=C1COc2cc3ncnc(Nc4ccc(Br)cc4)c3cc2N1CCCN1CCOCC1
3160,6.22584814104529,nM,CHEMBL3774712,Cc1ccc(Nc2ncnc3cc4c(cc23)N(CCCN2CCOCC2)C(=O)CO4)cc1
3161,7.047691990337875,nM,CHEMBL3774906,O=C1COc2cc3ncnc(Nc4cccc(Br)c4)c3cc2N1CCCN1CCOCC1
3162,6.856985199745905,nM,CHEMBL3774926,C#Cc1cccc(Nc2ncnc3cc4c(cc23)N(CCCN2CCOCC2)C(=O)CO4)c1
3163,7.199970640755866,nM,CHEMBL3774947,O=C1COc2cc3ncnc(Nc4cccc(Cl)c4)c3cc2N1CCCN1CCOCC1
3164,6.081340706578177,nM,CHEMBL3774982,O=C1COc2cc3ncnc(Nc4cccc(C(F)(F)F)c4)c3cc2N1CCCN1CCOCC1
3165,6.285167487566667,nM,CHEMBL3775148,O=C1COc2cc3ncnc(Nc4ccccc4)c3cc2N1CCCN1CCOCC1
3166,6.610656688747922,nM,CHEMBL3775285,O=C1COc2cc3ncnc(Nc4cccc(F)c4)c3cc2N1CCCN1CCOCC1
3167,6.728390698621168,nM,CHEMBL3775459,Cc1cccc(Nc2ncnc3cc4c(cc23)N(CCCN2CCOCC2)C(=O)CO4)c1
3168,7.274905478918531,nM,CHEMBL3775664,O=C1COc2cc3ncnc(Nc4ccc(F)c(Cl)c4)c3cc2N1CCCN1CCOCC1
3169,6.451364940185249,nM,CHEMBL3775911,O=C1COc2cc3ncnc(Nc4ccc(Cl)cc4)c3cc2N1CCCN1CCOCC1
3170,6.769551078621726,nM,CHEMBL377772,COc1cc2ncnc(Nc3cccc(Cl)c3F)c2cc1CN1CCC[C@H]1CC(N)=O
3171,9.221848749616356,nM,CHEMBL378144,C#CC(=O)Nc1cc2c(Nc3cccc(Br)c3)ncnc2cn1
3172,5.4685210829577455,nM,CHEMBL378145,Clc1ccc2c(c1)CNc1c(Nc3cccc(Br)c3)ncnc1O2
3173,8.154901959985743,nM,CHEMBL3786098,C=CC(=O)N1C[C@H](COc2nc(Nc3cnn(C)c3)nc3[nH]cc(Cl)c23)[C@@H](OC)C1
3174,5.638272163982407,nM,CHEMBL3787112,Nc1ncnc2c1c(-c1cccc(O)c1)cn2[C@H]1C[C@@H](CN2CCC2)C1
3175,5.050609993355088,nM,CHEMBL379041,Fc1ccc2c(c1)CNc1c(NCc3ccccc3)ncnc1O2
3176,6.806875401645538,nM,CHEMBL379047,CN(CCCl)C(=O)Nc1ccc2ncnc(Nc3cccc(Br)c3)c2c1
3177,7.102372908709559,nM,CHEMBL379093,Fc1cccc(COc2ccc(Nc3ncncc3C#Cc3ccccc3)cc2Cl)c1
3178,7.698970004336019,nM,CHEMBL379601,COc1cc2ncnc(Nc3cccc(Cl)c3F)c2cc1CN(C)CC(N)=O
3179,9.397940008672036,nM,CHEMBL3797606,C=CC(=O)Nc1cccc(Oc2nc(Nc3ccc(N4CCN(C)CC4)cc3OC)ncc2SC)c1
3180,4.301029995663981,nM,CHEMBL3797839,CC(=O)c1ccc(NC(=O)c2cc3ccccc3[nH]2)cc1
3181,8.136677139879545,nM,CHEMBL3797963,C=CC(=O)Nc1cccc(Oc2nc(Nc3ccc(N4CCN(S(C)(=O)=O)CC4)cc3OC)ncc2SC)c1
3182,8.55284196865778,nM,CHEMBL3798128,C=CC(=O)Nc1cccc(Oc2nc(Nc3ccc(N4CCN(C(C)=O)CC4)cc3OC(F)F)ncc2SC)c1
3183,9.154901959985745,nM,CHEMBL3798501,C=CC(=O)Nc1cccc(Oc2nc(Nc3ccc(N4CCN(C(C)=O)CC4)cc3OC)ncc2SC)c1
3184,4.455931955649725,nM,CHEMBL3798556,CC(O)c1ccc(NC(=O)c2cc3ccccc3[nH]2)cc1
3185,8.443697499232712,nM,CHEMBL3798887,C=CC(=O)Nc1cccc(Oc2nc(Nc3ccc(N4CCN(C(=O)C(C)C)CC4)cc3OC)ncc2SC)c1
3186,7.522878745280337,nM,CHEMBL379905,COC[C@@H](C(N)=O)N(C)Cc1cc2c(Nc3cccc(Cl)c3F)ncnc2cc1OC
3187,8.017728766960431,nM,CHEMBL3799138,C=CC(=O)Nc1cccc(Oc2nc(Nc3ccc(N4CCN(C(=O)C(C)(C)C)CC4)cc3OC)ncc2SC)c1
3188,8.356547323513812,nM,CHEMBL3799255,C=CC(=O)Nc1cccc(Oc2nc(Nc3ccc(N4CCN(C(=O)C(F)(F)F)CC4)cc3OC)ncc2SC)c1
3189,4.420216403383191,nM,CHEMBL3799332,O=C(Nc1ccc(C(O)c2ccccc2)cc1)c1cc2ccccc2[nH]1
3190,4.309803919971487,nM,CHEMBL3799345,O=C(c1ccccc1)c1ccc(NC(=O)c2cc3ccccc3[nH]2)cc1
3191,8.431798275933005,nM,CHEMBL3799428,C=CC(=O)Nc1cccc(Oc2nc(Nc3ccc(N4CCN(C(=O)CC)CC4)cc3OC(F)F)ncc2SC)c1
3192,8.744727494896694,nM,CHEMBL3799864,C=CC(=O)Nc1cccc(Oc2nc(Nc3ccc(N4CCCN(C(C)=O)CC4)cc3OC)ncc2SC)c1
3193,4.346787486224657,nM,CHEMBL3799956,O=C(c1ccccc1)c1cccc(NC(=O)c2cc3ccccc3[nH]2)c1
3194,7.397940008672037,nM,CHEMBL380006,COc1cc2ncnc(Nc3cccc(Cl)c3F)c2cc1CN(C)[C@H](C)C(=O)N(C)C
3195,4.2441251443275085,nM,CHEMBL3800262,CC(=O)c1cccc(NC(=O)c2cc3ccccc3[nH]2)c1
3196,4.468521082957745,nM,CHEMBL3800448,CC(O)c1cccc(NC(=O)c2cc3ccccc3[nH]2)c1
3197,8.236572006437063,nM,CHEMBL3800597,C=CC(=O)Nc1cccc(Oc2nc(Nc3ccc(N4CCN(C(=O)CC)CC4)cc3OC)ncc2SC)c1
3198,7.638272163982407,nM,CHEMBL380078,CNC(=O)NCc1cccc(C#Cc2cncnc2Nc2ccc(OCc3cccc(F)c3)c(Cl)c2)n1
3199,7.744727494896694,nM,CHEMBL380247,CS(=O)(=O)CCNCc1ccc(-c2ccc3ncnc(Nc4ccc(OCc5ccccc5)c(Cl)c4)c3c2)o1
3200,6.823908740944319,nM,CHEMBL380386,COc1cc2ncnc(Nc3cccc(Cl)c3F)c2cc1CN[C@H](C)C(N)=O
3201,7.096910013008056,nM,CHEMBL380454,COc1cc2ncnc(Nc3cccc(Cl)c3F)c2cc1CN1CC[C@H](C(N)=O)C1
3202,7.5638373529592435,nM,CHEMBL3805325,C#Cc1cccc(Nc2ncnc3cc(OCC4CCCO4)c4c(c23)OCCO4)c1
3203,7.688246138944246,nM,CHEMBL3805782,Fc1ccc(Nc2ncnc3cc(OC4CCOC4)c4c(c23)OCCO4)cc1Cl
3204,5.043831569524637,nM,CHEMBL3805893,c1ccc(COc2ccc(C3CC(c4ccc5c(c4)OCCO5)=NN3c3ccccc3)cc2)cc1
3205,7.238072161579471,nM,CHEMBL3806145,C#Cc1cccc(Nc2ncnc3cc(OC4CCOCC4)c4c(c23)OCCO4)c1
3206,7.777283528852417,nM,CHEMBL3806170,C#Cc1cccc(Nc2ncnc3cc(OC4CCOC4)c4c(c23)OCCO4)c1
3207,7.617982957425132,nM,CHEMBL3806213,Fc1ccc(Nc2ncnc3cc(OCC4CCCO4)c4c(c23)OCCO4)cc1Cl
3208,7.230622673923862,nM,CHEMBL3806222,Fc1ccc(Nc2ncnc3cc(OC4CCOCC4)c4c(c23)OCCO4)cc1Cl
3209,8.3767507096021,nM,CHEMBL380669,CC(C)N(CC#CC(=O)Nc1ccc2ncnc(Nc3ccc(F)c(Cl)c3)c2c1)C(C)C
3210,7.823908740944319,nM,CHEMBL3808884,COC(=O)c1cc2cc(NCc3cc(NC(=O)c4cc(-n5cnc(C)c5)cc(C(F)(F)F)c4)ccc3C)cnc2[nH]1
3211,7.301029995663981,nM,CHEMBL380889,COc1cc2ncnc(Nc3cccc(Cl)c3F)c2cc1CN(C)[C@@H](CN(C)C)C(N)=O
3212,6.055517327849832,nM,CHEMBL3809045,S=C=Nc1ccc2ncnc(Nc3cccc(Br)c3)c2c1
3213,5.408935392973501,nM,CHEMBL3809489,Nc1nc(Nc2ccc3c(c2)CC[C@@H](N2CCCC2)CC3)nn1-c1cc2c(nn1)-c1ccccc1CCC2
3214,6.468521082957745,nM,CHEMBL380972,COc1cc2c(cc1OC)Oc1ncnc(Nc3cccc(Br)c3)c1NC2
3215,7.301029995663981,nM,CHEMBL381080,CS(=O)(=O)CCC(=O)Nc1cccc(C#Cc2cncnc2Nc2ccc(OCc3cccc(F)c3)c(Cl)c2)c1
3216,5.221848749616357,nM,CHEMBL381306,Brc1ccc2c(c1)CNc1c(NCc3ccccc3)ncnc1O2
3217,8.645891560852599,nM,CHEMBL3813728,Fc1cccc(COc2ccc(Nc3ncnc4ccc(NC(=S)NCCN5CCOCC5)cc34)cc2Cl)c1
3218,5.657577319177794,nM,CHEMBL3813746,C=CC(=O)NCCn1c(-c2nc(-c3cnn(C4CCN(C)CC4)c3)cnc2N)nc2ccccc21
3219,6.4089353929735005,nM,CHEMBL3813876,Fc1ccc(Nc2ncnc3ccc(NC(=S)NCCCN4CCOCC4)cc23)cc1Cl
3220,6.537602002101044,nM,CHEMBL3813979,CN1CCC(n2cc(-c3cnc(N)c(-c4nc5ccccc5[nH]4)n3)cn2)CC1
3221,5.692503962086787,nM,CHEMBL3814021,O=C(NCCN1CCCCC1)Nc1ccc2ncnc(Nc3ccc(OCc4cccc(F)c4)c(Cl)c3)c2c1
3222,8.043351420794798,nM,CHEMBL3814182,S=C(NCCN1CCOCC1)Nc1ccc2ncnc(Nc3ccc(Cl)c(Cl)c3)c2c1
3223,9.068542129310996,nM,CHEMBL3814211,NC(=O)Nc1ccc2ncnc(Nc3ccc(F)c(Cl)c3)c2c1
3224,9.1791420105603,nM,CHEMBL3814257,CC(=O)Nc1ccc2ncnc(Nc3ccc(F)c(Cl)c3)c2c1
3225,8.844663962534938,nM,CHEMBL3814320,O=C(NCCN1CCOCC1)Nc1ccc2ncnc(Nc3cccc(Br)c3)c2c1
3226,8.647817481888637,nM,CHEMBL3814445,Fc1ccc(Nc2ncnc3ccc(NC(=S)NCCN4CCOCC4)cc23)cc1Cl
3227,8.653647025549361,nM,CHEMBL3814447,C#Cc1cccc(Nc2ncnc3ccc(NC(N)=O)cc23)c1
3228,6.586700235918748,nM,CHEMBL3814460,O=C(NCCN1CCOCC1)Nc1ccc2ncnc(Nc3ccc(OCc4cccc(F)c4)c(Cl)c3)c2c1
3229,8.431798275933005,nM,CHEMBL3814694,Fc1ccc(Nc2ncnc3ccc(NC(=S)NCCN4CCCCC4)cc23)cc1Cl
3230,8.823908740944319,nM,CHEMBL3814812,Fc1cccc(COc2ccc(Nc3ncnc4ccc(NC(=S)NCCCN5CCOCC5)cc34)cc2Cl)c1
3231,8.2958494831602,nM,CHEMBL3814816,S=C(NCCN1CCOCC1)Nc1ccc2ncnc(Nc3ccc(Cl)cc3)c2c1
3232,8.402304814074487,nM,CHEMBL3814846,CC(=O)Nc1ccc2ncnc(Nc3ccc(OCc4cccc(F)c4)c(Cl)c3)c2c1
3233,6.698970004336019,nM,CHEMBL3814878,C=CC(=O)NCCCn1c(-c2nc(-c3cnn(C4CCN(C)CC4)c3)cnc2N)nc2ccccc21
3234,9.112382699664265,nM,CHEMBL3814882,O=C(NCCN1CCCCC1)Nc1ccc2ncnc(Nc3cccc(Br)c3)c2c1
3235,6.528708288941061,nM,CHEMBL3814940,Fc1cccc(COc2ccc(Nc3ncnc4ccc(NC(=S)NCCN5CCCCC5)cc34)cc2Cl)c1
3236,8.97469413473523,nM,CHEMBL3814956,O=C(NCCN1CCCCC1)Nc1ccc2ncnc(Nc3ccc(F)c(Cl)c3)c2c1
3237,9.09528445472132,nM,CHEMBL3814959,NC(=O)Nc1ccc2ncnc(Nc3ccc(Br)cc3)c2c1
3238,7.301029995663981,nM,CHEMBL3815045,CCn1c(-c2nc(-c3cnn(C4CCN(C)CC4)c3)cnc2N)nc2ccccc21
3239,8.6903698325741,nM,CHEMBL3815074,C#Cc1cccc(Nc2ncnc3ccc(NC(C)=O)cc23)c1
3240,6.607303046740334,nM,CHEMBL3815115,S=C(NCCCN1CCOCC1)Nc1ccc2ncnc(Nc3cccc(Br)c3)c2c1
3241,8.534617148551582,nM,CHEMBL3815161,O=C(NCCN1CCOCC1)Nc1ccc2ncnc(Nc3ccc(F)c(Cl)c3)c2c1
3242,5.267606240177031,nM,CHEMBL381541,C=CC(=O)Nc1ccc2c(c1)CNc1c(Nc3cccc(Br)c3)ncnc1O2
3243,7.494850021680094,nM,CHEMBL381604,Nc1nccc(C#Cc2cncnc2Nc2ccc(OCc3cccc(F)c3)c(Cl)c2)n1
3244,9.327902142064282,nM,CHEMBL3818015,COc1cc2ncnc(Nc3cccc(Br)c3)c2cc1NC(=O)[C@@H]1COC(=O)N1
3245,8.703334809738468,nM,CHEMBL3818062,COc1cc2ncnc(Nc3ccc(F)c(Cl)c3)c2cc1NC(=O)[C@H]1NC(=O)O[C@@H]1C
3246,8.872895201635192,nM,CHEMBL3818115,CCOc1cc2ncnc(Nc3ccc(OCc4cccc(F)c4)c(Cl)c3)c2cc1NC(=O)[C@@H]1COC(=O)N1
3247,8.342944147142896,nM,CHEMBL3818289,O=C1N[C@H](C(=O)Nc2cc3c(Nc4ccc(F)c(Cl)c4)ncnc3cc2OCCCN2CCOCC2)CO1
3248,8.924453038607469,nM,CHEMBL3818364,CCOc1cc2ncnc(Nc3ccc(OCc4cccc(F)c4)c(Cl)c3)c2cc1NC(=O)[C@H]1COC(=O)N1
3249,7.267606240177032,nM,CHEMBL3818535,Cc1cc(=O)n2nc(SCc3ccc(Cl)cc3)nc2[nH]1
3250,8.97469413473523,nM,CHEMBL3818547,COc1cc2ncnc(Nc3ccc(F)c(Cl)c3)c2cc1NC(=O)[C@@H]1COC(=O)N1
3251,8.2580609222708,nM,CHEMBL3818563,CCOc1cc2ncnc(N[C@@H](C)c3ccccc3)c2cc1NC(=O)[C@@H]1COC(=O)N1
3252,7.422393322637465,nM,CHEMBL3818970,CCOc1cc2ncnc(Nc3ccc(OCC4CC4)c(Cl)c3)c2cc1NC(=O)[C@@H]1COC(=O)N1
3253,7.592949185195749,nM,CHEMBL3819120,O=C1N[C@H](C(=O)Nc2cc3c(Nc4ccc(F)c(Cl)c4)ncnc3cc2OCCN2CCCCC2)CO1
3254,8.590066876668706,nM,CHEMBL3819553,CCOc1cc2ncnc(Nc3ccc(OCc4cccc(F)c4)c(Cl)c3)c2cc1NC(=O)[C@H]1NC(=O)O[C@@H]1C
3255,6.173277479831008,nM,CHEMBL382041,COCCOc1cc(OC2CCOCC2)c2c(Nc3ccc(F)c(Cl)c3)ncnc2c1
3256,8.744727494896694,nM,CHEMBL382073,CCN(CC)CCC#CC(=O)Nc1ccc2ncnc(Nc3ccc(F)c(Cl)c3)c2c1
3257,5.3872161432802645,nM,CHEMBL382186,CS(=O)(=O)Nc1ccc2c(c1)CNc1c(Nc3cccc(Br)c3)ncnc1O2
3258,6.276216063034671,nM,CHEMBL3823520,COc1cc2c(Oc3ccc(NC(=O)c4cn(-c5ccccc5Cl)nn4)cc3F)ccnc2cc1OCCCN1CCCCC1
3259,7.698970004336019,nM,CHEMBL382638,COc1cc2ncnc(Nc3ccc(F)c(Cl)c3)c2cc1CN1CCC[C@H]1C(N)=O
3260,7.549750891680639,nM,CHEMBL3827349,c1cnc2ccc(Nc3ncnc4ccc(-c5cnn(C6CCNCC6)c5)cc34)cc2c1
3261,8.446116973356126,nM,CHEMBL3828021,C#Cc1cccc(Nc2ncnc3ccc(-c4cnn(C)c4)cc23)c1
3262,7.496209316942819,nM,CHEMBL3828092,Fc1ccc(Nc2ncnc3ccc(-c4cnn(C5CCNCC5)c4)cc23)cc1Cl
3263,6.346787486224656,nM,CHEMBL382822,COc1cc2ncnc(Nc3cccc(Cl)c3F)c2cc1CN1CCC[C@@H]1C(=O)N(C)C
3264,8.0,nM,CHEMBL382823,COCCN(Cc1cc2c(Nc3cccc(Cl)c3F)ncnc2cc1OC)[C@@H](C)C(N)=O
3265,8.527243550682787,nM,CHEMBL3828269,Cn1cc(-c2ccc3ncnc(Nc4ccc(F)c(Cl)c4)c3c2)cn1
3266,5.0,nM,CHEMBL382862,Brc1ccc2c(c1)CNc1c(Nc3ccccc3)ncnc1O2
3267,4.866461091629783,nM,CHEMBL383030,COC(=O)c1c(OCCCN(C)C)c2ccccc2c2oc3c(c12)C(=O)c1ccccc1C3=O
3268,5.1249387366083,nM,CHEMBL383121,COc1ccc2c(c1)CNc1c(Nc3ccccc3)ncnc1O2
3269,7.602059991327963,nM,CHEMBL383246,COc1cc2ncnc(Nc3cccc(Cl)c3F)c2cc1CN(C)C1(C(N)=O)CCN(C(C)C)CC1
3270,6.0,nM,CHEMBL383444,COc1ccc2c(c1)CNc1c(Nc3cccc(Br)c3)ncnc1O2
3271,7.356547323513813,nM,CHEMBL383499,CC(C)N(CC#CC(=O)Nc1cc2c(Nc3ccc(F)c(Cl)c3)ncnc2cn1)C(C)C
3272,6.0,nM,CHEMBL383614,Brc1cccc(Nc2ncnc3c2NCc2cc(Br)ccc2O3)c1
3273,7.301029995663981,nM,CHEMBL383760,CNC(=O)[C@H]1CCCN1Cc1cc2c(Nc3cccc(Cl)c3F)ncnc2cc1OC
3274,7.67778070526608,nM,CHEMBL383965,CCCS(=O)(=O)CCNCc1ccc(-c2ccc3ncnc(Nc4ccc(OCc5cccc(F)c5)c(Cl)c4)c3c2)o1
3275,7.568636235841013,nM,CHEMBL384407,CS(=O)(=O)CCN(CC#N)Cc1ccc(-c2ccc3ncnc(Nc4ccc(OCc5cccc(F)c5)c(Cl)c4)c3c2)o1
3276,7.292429823902063,nM,CHEMBL384699,COc1cc2ncnc(Nc3cc(Cl)ccc3F)c2cc1OCCCN1CCOCC1
3277,7.366531544420414,nM,CHEMBL384711,CS(=O)(=O)CCNCc1ccc(-c2ccc3ncnc(Nc4ccc(OCc5cccc(Br)c5)cc4)c3c2)o1
3278,8.045757490560675,nM,CHEMBL385471,COc1cc2ncnc(Nc3cc(Cl)ccc3F)c2cc1OCC1CCN(C)CC1
3279,7.744727494896694,nM,CHEMBL385479,COc1cc2ncnc(Nc3cccc(Cl)c3F)c2cc1OCCCN1CCOCC1
3280,6.795880017344075,nM,CHEMBL387207,CS(=O)(=O)CCNCc1ccc(-c2ccc3ncnc(Nc4ccc(OCc5ccccc5)c(C(F)(F)F)c4)c3c2)o1
3281,8.698970004336019,nM,CHEMBL387265,COc1cc2ncnc(Nc3cccc(Cl)c3F)c2cc1OC1CCN(S(C)(=O)=O)CC1
3282,5.402304814074488,nM,CHEMBL388286,COc1ccc(N(CCCl)CCN/N=N/c2ccc3ncnc(Nc4cccc(Cl)c4)c3c2)cc1
3283,4.958607314841776,nM,CHEMBL3883652,Cc1cccc(Nc2ccnc(Nc3ccc(N4CCN(C)CC4)cc3)n2)c1
3284,5.0,nM,CHEMBL3884319,CC1(C)C(=O)N([C@H]2CCc3c(O)cccc32)c2nc(Nc3ccccc3)ncc21
3285,7.078833949362261,nM,CHEMBL3889694,CN(C)C/C=C/C(=O)N[C@H]1CC[C@@H](n2nc(-c3ccc(Oc4ccccc4)cc3)c3c(N)ncnc32)CC1
3286,6.756014328901029,nM,CHEMBL388978,CN[C@@H]1C[C@H]2O[C@@](C)([C@@H]1OC)n1c3ccccc3c3c4c(c5c6ccccc6n2c5c31)C(=O)NC4
3287,8.096910013008056,nM,CHEMBL3890186,COCCOc1cc2ncnc(Nc3ccc4c(cnn4Cc4ccccc4)c3)c2cc1NC(=O)/C=C/CN1CCCC1
3288,6.173925197299174,nM,CHEMBL3890526,COc1cc(Nc2ncnc3ccc(-c4ccc(CN5C[C@@H]6[C@@H](CO)[C@@H]6C5)cc4)cc23)ccc1Oc1ccccc1
3289,7.443697499232713,nM,CHEMBL3890751,CCOc1cc2ncnc(Nc3ccc4c(ccn4S(=O)(=O)c4ccccc4)c3)c2cc1NC(=O)/C=C/CN1CCCC1
3290,8.259637310505756,nM,CHEMBL3891187,C=CC(=O)Nc1cccc(Nc2nc(Nc3cccc(OC)c3OC)ncc2C(F)(F)F)c1
3291,5.070581074285707,nM,CHEMBL3891774,O=C(Nc1ccc(Nc2ncnc3cc4oc(=O)n(CCOC(=O)CBr)c4cc23)cc1)NC1CCCCC1
3292,9.886056647693165,nM,CHEMBL3892310,CN(C)C/C=C/C(=O)Nc1cc2c(Nc3ccc(F)c(Cl)c3)ncnc2cc1OCC1C2COCC21
3293,8.4089353929735,nM,CHEMBL3892567,OC[C@@H](Nc1ncnc2oc(-c3ccccc3)cc12)c1ccccc1
3294,5.166852888087215,nM,CHEMBL3892960,C=CC(=O)NC1CCC(n2c(NC(=O)c3cccc(C(F)(F)F)c3)nc3cc(C)ccc32)C1
3295,7.647238808276169,nM,CHEMBL3893004,CN(C)C/C=C/C(=O)N[C@H]1CC[C@H](n2nc(-c3ccc(Oc4ccccc4)cc3)c3c(N)ncnc32)CC1
3296,7.301029995663981,nM,CHEMBL3893128,COc1cc2c(Nc3ccc(Cl)c(Cl)c3)ncnc2cc1OCc1c(-c2c(Cl)cccc2Cl)noc1C
3297,7.327902142064283,nM,CHEMBL3893698,CCN1C(=O)CS/C1=N/Nc1nncc2ccccc12
3298,6.226945306635738,nM,CHEMBL3893810,CC(C)S(=O)(=O)c1ccccc1Nc1nc(N/N=C/c2ccc(C(F)(F)F)cc2)ncc1Cl
3299,8.0,nM,CHEMBL3893822,Cc1ccc(Oc2ccc(Nc3ncnc4ccc(-c5cn(CCCCCCC(=O)NO)nn5)cc34)cc2C)cn1
3300,8.259637310505756,nM,CHEMBL3894076,C=CC(=O)Nc1cccc(Oc2nc(Nc3cccc(OC)c3OC)ncc2Br)c1
3301,6.563996464330104,nM,CHEMBL3894102,Nc1ncnc2c1c(-c1ccc(Oc3ccccc3)cc1)nn2[C@H]1CC[C@@H](NC(=O)/C=C/CN2CCOCC2)CC1
3302,5.332640453816913,nM,CHEMBL3894623,COc1cc2c(Nc3ccc(NC(=O)Nc4cccc(Cl)c4)cc3)ncnc2cc1OCc1ccccc1
3303,6.231361898752386,nM,CHEMBL3894726,COc1ccc(/C=N/Nc2ncc(Cl)c(Nc3ccccc3S(=O)(=O)C(C)C)n2)cc1
3304,7.151872489432125,nM,CHEMBL3894938,C=CC(=O)NCCn1nc(-c2ccc(Oc3ccccc3)cc2)c2c(N)ncnc21
3305,8.397940008672037,nM,CHEMBL3895411,C=C(CN1CCOCC1)C(=O)N1CC(Oc2cc3c(Nc4ccc(F)c(Cl)c4F)ncnc3cc2OC)C1
3306,9.431798275933003,nM,CHEMBL3895468,CN(C)C/C=C/C(=O)Nc1cc2c(Nc3ccc(F)c(Cl)c3)ncnc2cc1OCC12COCC1C2
3307,7.193820026016113,nM,CHEMBL3896476,S=C(NNc1nncc2ccccc12)Nc1ccc(Cl)cc1
3308,6.301029995663981,nM,CHEMBL3896615,COc1cc2c(Nc3ccc(NC(=O)Nc4cccc(Cl)c4)cc3)ncnc2cc1OCCCN1CCN(C)CC1
3309,8.096910013008056,nM,CHEMBL3896779,O=C(/C=C/CN1CCCC1)Nc1cc2c(Nc3ccc(Oc4ccccc4)cc3)ncnc2cn1
3310,6.0,nM,CHEMBL3897153,Cc1cc(OC2CCN(CCS(C)(=O)=O)CC2)ccc1Nc1nccc(-c2c(-c3cccc(C(=O)Nc4c(F)cccc4F)c3)nc3ccccn23)n1
3311,8.096910013008056,nM,CHEMBL3897363,CN1CCN(c2ccc(Nc3ncnc4cc5oc(=O)n(CCOC(=O)CBr)c5cc34)cc2Cl)CC1
3312,8.267606240177031,nM,CHEMBL3897723,COc1ccc(/C=C/C(=N/Nc2nncc3ccccc23)c2ccc(Cl)cc2)cc1
3313,8.698970004336019,nM,CHEMBL3898077,C=C(CN(C)C)C(=O)N1CC(Oc2cc3c(Nc4ccc(F)c(Cl)c4F)ncnc3cc2OC)C1
3314,8.301029995663981,nM,CHEMBL3898447,C=CC(=O)N1CCC(Oc2cc3c(Nc4cccc(Cl)c4F)ncnc3cc2OC)CC1
3315,7.0,nM,CHEMBL3898480,C[C@@H](Nc1ncnc2[nH]c(-c3ccc(CNCCCCCCCC(=O)NO)cc3)cc12)c1ccccc1
3316,8.795880017344075,nM,CHEMBL3898690,C=CC(=O)N1CC(Oc2cc3c(Nc4cccc(Cl)c4)ncnc3cc2OC)C1
3317,6.886056647693163,nM,CHEMBL3899216,Cc1cc(NS(=O)(=O)c2ccc(Nc3nncc4ccccc34)cc2)no1
3318,6.690369832574102,nM,CHEMBL3900054,COc1cc2ncnc(Nc3cccc(Cl)c3F)c2cc1OC1CCN(C(=O)CO)CC1
3319,8.337242168318426,nM,CHEMBL3900264,Clc1ccc(/C=C/C(=N/Nc2nncc3ccccc23)c2ccccc2)cc1
3320,9.292429823902063,nM,CHEMBL3901296,CN(C)C/C=C/C(=O)Nc1cc2c(Nc3ccc(F)c(Cl)c3)ncnc2cc1OC[C@@]12COC[C@@H]1C2
3321,9.397940008672036,nM,CHEMBL3901622,C[C@@H](Nc1ncnc2oc(-c3ccc(NCCN(C)C)cc3)cc12)c1ccccc1
3322,8.214670164989233,nM,CHEMBL3901943,C=CC(=O)N1CCCCC(n2c(NC(=O)c3cccc(C(F)(F)F)c3)nc3cc(C)ccc32)C1
3323,6.486782399932061,nM,CHEMBL3902180,Nc1ncnc2c1c(-c1ccc(Oc3ccccc3)cc1)nn2C1CCCN(C(=O)/C=C/CN2CCOCC2)C1
3324,5.327902142064284,nM,CHEMBL3902295,O=C(CCl)OCCn1c(=O)oc2cc3ncnc(Nc4ccc(F)c(F)c4)c3cc21
3325,4.005243055412373,nM,CHEMBL3902576,Nc1nc(Nc2cccc(Br)c2)c2c(n1)-c1ccccc1C2
3326,8.443697499232712,nM,CHEMBL3902778,O=C(CCCCCCn1cc(-c2ccc3ncnc(Nc4ccc(OCc5nccs5)c(Cl)c4)c3c2)nn1)NO
3327,6.925549281045409,nM,CHEMBL3903063,C=CC(=O)Nc1cccc(Nc2nc(Nc3ccc(NC(=O)Cn4ccnc4)cc3)ncc2[N+](=O)[O-])c1
3328,6.155957957958984,nM,CHEMBL3903249,CN(C)C/C=C/C(=O)N1CCC[C@H]1Cn1nc(-c2ccc(Oc3ccccc3)cc2)c2c(N)ncnc21
3329,8.259637310505756,nM,CHEMBL3903641,C=CC(=O)Nc1cccc(Nc2nc(Nc3ccccc3OC)ncc2C(F)(F)F)c1
3330,7.698970004336019,nM,CHEMBL3903707,C=CC(=O)Nc1cccc(Nc2nc(Nc3ccccc3OC)ncc2Cl)c1
3331,8.2518119729938,nM,CHEMBL3903713,C(=C/c1ccccc1)\C(=N\Nc1nncc2ccccc12)c1ccccc1
3332,7.724688645458189,nM,CHEMBL3903870,CN(C)C/C=C/C(=O)N1CCCC1Cn1nc(-c2ccc(Oc3ccccc3)cc2)c2c(N)ncnc21
3333,6.756961951313706,nM,CHEMBL3904205,CCC(=O)Nc1cc2c(Nc3ccc4c(c3)CCN4Cc3ccccc3)ncnc2cc1OC
3334,7.795880017344075,nM,CHEMBL3904257,O=C(/C=C/CN1CCCC1)Nc1cc2c(Nc3ccc(OCc4cccc(F)c4)c(Cl)c3)ncnc2cn1
3335,6.0,nM,CHEMBL3904450,COc1cc(N2CCN(S(C)(=O)=O)CC2)ccc1Nc1nccc(-c2c(-c3cccc(C(=O)Nc4c(F)cccc4F)c3)nc3ccccn23)n1
3336,8.259637310505756,nM,CHEMBL3904778,C=CC(=O)Nc1cccc(Oc2nc(Nc3ccc(OC)cc3OC)ncc2Br)c1
3337,6.117475462045119,nM,CHEMBL3904787,COC(=O)CNC(=O)c1ccc(Nc2ncnc3cc(OCCCN4CCOCC4)c(OC)cc23)cc1
3338,8.096910013008056,nM,CHEMBL3904966,C=CC(=O)N1CC[C@H](Oc2cc3c(Nc4ccc(Br)c(Cl)c4F)ncnc3cc2OC)C1
3339,6.628932137728264,nM,CHEMBL3905242,COc1cc2c(Nc3ccc(NC(=O)Nc4ccc(Cl)cc4)cc3)ncnc2cc1OCCCN1CCN(C)CC1
3340,6.221125527997261,nM,CHEMBL3905284,COc1cccc(/C=N/Nc2ncc(Cl)c(Nc3ccccc3S(=O)(=O)C(C)C)n2)c1
3341,7.2839966563652,nM,CHEMBL3905411,CCCCNC(=S)NNc1nncc2ccccc12
3342,6.175223537524454,nM,CHEMBL3905552,COc1cc2c(Nc3ccc(NC(=O)Nc4ccc(C)c(C)c4)cc3)ncnc2cc1OCCCN1CCN(C)CC1
3343,7.0,nM,CHEMBL3906200,COc1cc2ncnc(NCc3cccc(Br)c3)c2cc1OCCCCCCC(=O)NO
3344,6.522878745280337,nM,CHEMBL3906330,O=C(CBr)OCCn1c(=O)oc2cc3ncnc(Nc4ccc(F)c(F)c4)c3cc21
3345,6.0,nM,CHEMBL3906473,COc1cc(N2CCC(O)CC2)ccc1Nc1nccc(-c2c(-c3cccc(C(=O)Nc4c(F)cccc4F)c3)nc3ccccn23)n1
3346,8.356547323513812,nM,CHEMBL3906533,CCOC(=O)c1ccc(Nc2nncc3ccccc23)cc1
3347,8.397940008672037,nM,CHEMBL3907533,CCOc1cc2ncnc(Nc3ccc4c(cnn4Cc4ccccc4)c3)c2cc1NC(=O)/C=C/CN1CCOCC1
3348,7.958607314841775,nM,CHEMBL3908303,C[C@@H](Nc1ncnc2oc(-c3ccccc3)cc12)c1ccccc1
3349,6.337242168318426,nM,CHEMBL3908711,O=C(CBr)OCCn1c(=O)oc2cc3ncnc(Nc4ccc(F)c(Cl)c4)c3cc21
3350,9.154901959985745,nM,CHEMBL3909201,C=CC(=O)N1CC(Oc2cc3c(Nc4ccc(F)c(Cl)c4F)ncnc3cc2OC)C1
3351,7.0,nM,CHEMBL3909214,O=C(CCCOc1ccc2ncnc(Nc3ccc(F)c(Cl)c3)c2c1)NO
3352,6.552841968657781,nM,CHEMBL3909438,Cc1ccc2nc(NC(=O)c3cccc(C(F)(F)F)c3)n([C@H]3CC[C@H](O)CC3)c2c1
3353,6.0,nM,CHEMBL3910297,C[C@@H](Nc1ncnc2[nH]c(-c3ccc(CNCC(=O)NO)cc3)cc12)c1ccccc1
3354,5.2839966563652006,nM,CHEMBL3910361,C#Cc1cccc(Nc2ncnc3cc4oc(=O)n(CCOC(=O)CBr)c4cc23)c1
3355,8.259637310505756,nM,CHEMBL3910422,C=CC(=O)Nc1cccc(Nc2nc(Nc3ccc(OC)cc3OC)ncc2Br)c1
3356,8.638649975647734,nM,CHEMBL3910496,C=CC(=O)N1CCC[C@H]1Cn1nc(-c2ccc(Oc3ccccc3)cc2)c2c(N)ncnc21
3357,8.119186407719209,nM,CHEMBL3910915,C=CC(=O)N1CCC(Oc2cc3c(Nc4ccc(Br)c(C)c4)ncnc3cc2OC)CC1
3358,8.3767507096021,nM,CHEMBL3911796,O=C(CCCCCCn1cc(-c2ccc3ncnc(Nc4ccc(OCc5cccc(F)c5)c(Cl)c4)c3c2)nn1)NO
3359,7.397940008672037,nM,CHEMBL391181,COc1cn2ncnc(Nc3ccc4c(cnn4Cc4cccc(F)c4)c3)c2c1CN1CCC(N)CC1
3360,7.351639989019068,nM,CHEMBL3912266,C=CC(=O)N[C@H]1CC[C@H](n2nc(-c3ccc(Oc4ccccc4)cc3)c3c(N)ncnc32)CC1
3361,6.619788758288394,nM,CHEMBL3912361,O=C(CCl)OCCn1c(=O)oc2cc3ncnc(Nc4ccc(N5CCCCC5)c(Cl)c4)c3cc21
3362,7.0,nM,CHEMBL3912598,C#Cc1cccc(Nc2ncnc3ccc(OCCCCCC(=O)NO)cc23)c1
3363,7.376750709602099,nM,CHEMBL3912723,O=C1CS/C(=N/Nc2nncc3ccccc23)N1c1ccc(Cl)cc1
3364,7.346787486224656,nM,CHEMBL391321,OCCNCc1ccn2ncnc(Nc3ccc4c(cnn4Cc4cccc(F)c4)c3)c12
3365,6.046723663332696,nM,CHEMBL3913728,CC(C)S(=O)(=O)c1ccccc1Nc1nc(N/N=C/c2ccc(OC(F)(F)F)cc2)ncc1Cl
3366,8.259637310505756,nM,CHEMBL3913778,C=CC(=O)Nc1cccc(Oc2nc(Nc3ccc(OC)cc3OC)ncc2Cl)c1
3367,6.823908740944319,nM,CHEMBL391387,NC1CCN(Cc2ccn3ncnc(Nc4ccc(OCc5cccnc5)c(Cl)c4)c23)CC1
3368,8.346787486224656,nM,CHEMBL3914159,C=CC(=O)N1CC(Oc2cc3c(Nc4ccc(Cl)c(Cl)c4F)ncnc3cc2OC)C1
3369,7.585026652029182,nM,CHEMBL3914227,CCOc1cc2ncnc(Nc3ccc4c(cnn4Cc4ccccc4)c3)c2cc1NC(=O)/C=C/CN1[C@H](C)CCC[C@@H]1C
3370,7.0,nM,CHEMBL3914322,C[C@@H](Nc1ncnc2[nH]c(-c3ccc(OCCCCCCC(=O)NO)cc3)cc12)c1ccc(F)cc1
3371,7.301029995663981,nM,CHEMBL3914599,CCCN1CCCOC(COc2cc3ncnc(Nc4ccc(Cl)c(Cl)c4)c3cc2OC)C1
3372,7.0,nM,CHEMBL3914607,COc1cc2ncnc(NCc3ccc(F)c(F)c3)c2cc1OCCCCCCC(=O)NO
3373,6.0,nM,CHEMBL3915202,COc1cc(N2CCN(C(C)C)CC2)ccc1Nc1nccc(-c2c(-c3ccc(OC)c(C(=O)Nc4c(F)cccc4F)c3)nc3ccccn23)n1
3374,6.958607314841775,nM,CHEMBL391521,CN(CCO)Cc1ccn2ncnc(Nc3ccc4c(cnn4Cc4cccc(F)c4)c3)c12
3375,5.193820026016113,nM,CHEMBL3915306,O=C(CBr)OCCn1c(=O)oc2cc3ncnc(Nc4ccc(OCc5ccc(Cl)cc5)cc4)c3cc21
3376,8.387216143280265,nM,CHEMBL3915508,N#Cc1ccc(Nc2nncc3ccccc23)cc1
3377,5.204954629578875,nM,CHEMBL3915538,Nc1ncnc2c1c(-c1ccc(Oc3ccccc3)cc1)nn2C[C@@H]1CCCN1C(=O)/C=C/CN1CCOCC1
3378,6.126679398184601,nM,CHEMBL3916141,CCC(=O)Nc1cc2c(Nc3ccc(CCc4ccccc4)cc3)ncnc2cc1OC
3379,6.301029995663981,nM,CHEMBL391675,Fc1cccc(Cn2ncc3cc(Nc4ncnn5ccc(CN6CCCC6)c45)ccc32)c1
3380,8.886056647693163,nM,CHEMBL3916927,C=CC(=O)N1CC(Oc2cc3c(Nc4ccc(F)c(Cl)c4)ncnc3cc2OC)C1
3381,7.0,nM,CHEMBL3917105,O=C(CCCCCN1CCN(Cc2ccc(-c3cc4c(NCc5ccccc5)ncnc4[nH]3)cc2)CC1)NO
3382,6.142667503568732,nM,CHEMBL391738,COc1cc(Nc2c(C#N)cnc3cc(C#CCCN4CCN(C)CC4)c(OC)cc23)c(Cl)cc1Cl
3383,6.060480747381382,nM,CHEMBL3917657,CC(C)(C)c1ccc(Nc2ncnc3cc4oc(=O)n(CCOC(=O)CBr)c4cc23)cc1
3384,6.570732333566832,nM,CHEMBL3917698,CN(C)C/C=C/C(=O)N1CCC(n2nc(-c3ccc(Oc4ccccc4)cc3)c3c(N)ncnc32)CC1
3385,5.002569926202529,nM,CHEMBL3917723,COC(=O)CNC(=O)c1ccc(Nc2ncnc3cc(OCCN4CCCCC4)c(OC)cc23)cc1
3386,7.455931955649724,nM,CHEMBL391778,NCC1CCN(Cc2ccn3ncnc(Nc4ccc5c(cnn5Cc5cccc(F)c5)c4)c23)CC1
3387,7.200659450546419,nM,CHEMBL391779,CNC1CCN(Cc2ccn3ncnc(Nc4ccc5c(cnn5Cc5cccc(F)c5)c4)c23)CC1
3388,7.0,nM,CHEMBL3917951,COc1cc2ncnc(NCCc3ccccc3)c2cc1OCCCCCCC(=O)NO
3389,7.657577319177793,nM,CHEMBL3918330,C/C=C/C(=O)Nc1cc2c(Nc3ccc(F)c(Cl)c3)ncnc2cc1OCCCN1CCOCC1
3390,5.863279432843593,nM,CHEMBL3918367,Cc1cccc2c1nc(NC(=O)c1cccc(C(F)(F)F)c1)n2[C@H]1CC[C@H](O)CC1
3391,7.026872146400302,nM,CHEMBL3919183,CCC(=O)Nc1cc2c(Nc3ccc4c(cnn4Cc4ccccn4)c3)ncnc2cc1OC
3392,7.259637310505756,nM,CHEMBL3919271,C=CC(=O)Nc1cccc(Nc2nc(Nc3cccc(OC)c3OC)ncc2Cl)c1
3393,7.920818753952375,nM,CHEMBL3919447,C=CC(=O)N1CC[C@H](Oc2cc3c(N[C@H](C)c4ccccc4)ncnc3cc2OC)C1
3394,8.823908740944319,nM,CHEMBL3919609,C[C@@H](Nc1ncnc2oc(-c3ccc(O)cc3)cc12)c1ccccc1
3395,7.292429823902063,nM,CHEMBL3920551,COc1cc2c(Nc3ccc(NC(=O)Nc4ccc(C)c(C)c4)c(Cl)c3)ncnc2cc1OCCCN1CCOCC1
3396,9.187086643357144,nM,CHEMBL3920583,O=C(CCCCCn1cc(-c2ccc3ncnc(Nc4ccc(F)c(Cl)c4)c3c2)nn1)NO
3397,7.549442990581671,nM,CHEMBL3921017,C=CC(=O)N(C)CCn1nc(-c2ccc(Oc3ccccc3)cc2)c2c(N)ncnc21
3398,8.096910013008056,nM,CHEMBL3921129,CCOc1cc2ncnc(Nc3ccc4c(cnn4Cc4ccccc4)c3)c2cc1NC(=O)/C=C/CN1CCN(C)CC1
3399,7.698970004336019,nM,CHEMBL3921302,CN1CCN(c2ccc(Nc3ncnc4cc5oc(=O)n(CCOC(=O)CCl)c5cc34)cc2Cl)CC1
3400,7.0,nM,CHEMBL3921446,CN1CCN(C/C=C/C(=O)Nc2cc3c(Nc4ccc(Cc5ccccn5)cc4)ncnc3cn2)CC1
3401,6.806041021980813,nM,CHEMBL3921655,CC#CC(=O)N[C@H]1CC[C@@H](n2nc(-c3ccc(Oc4ccccc4)cc3)c3c(N)ncnc32)CC1
3402,6.2441251443275085,nM,CHEMBL3921664,CC(C)S(=O)(=O)c1ccccc1Nc1nc(N/N=C/c2ccc(F)cc2)ncc1Cl
3403,7.638272163982407,nM,CHEMBL3921710,CCCCN1C(=O)CS/C1=N/Nc1nncc2ccccc12
3404,8.236572006437063,nM,CHEMBL3921816,COc1cc(Nc2ncnc3ccc(-c4cn(CCCCCC(=O)NO)nn4)cc23)ccc1Oc1ccccc1
3405,8.301029995663981,nM,CHEMBL3922182,C=CC(=O)N1CC[C@H](Oc2cc3c(Nc4ccc(OCc5ccccn5)c(Cl)c4)ncnc3cc2OC)C1
3406,7.481486060122113,nM,CHEMBL392273,Fc1cccc(Cn2ncc3cc(Nc4ncnn5ccc(CN6CCCNCC6)c45)ccc32)c1
3407,7.214670164989233,nM,CHEMBL3922922,CCOc1cc2ncnc(Nc3ccc(OCc4ccccn4)cc3)c2cc1NC(=O)/C=C/CN1CCN(C)CC1
3408,8.522878745280337,nM,CHEMBL3923228,CCOc1cc2ncnc(Nc3ccc4c(cnn4Cc4ccccc4)c3)c2cc1NC(=O)/C=C/CN1CCCC1
3409,6.7121982700697735,nM,CHEMBL3923551,COc1cc2c(Nc3ccc(NC(=O)Nc4ccccc4)cc3)ncnc2cc1OCCCN1CCN(C)CC1
3410,6.282329496997738,nM,CHEMBL3923650,CCC(=O)Nc1cc2c(Nc3ccc(NS(=O)(=O)c4ccccc4)nc3)ncnc2cc1OC
3411,7.187086643357144,nM,CHEMBL3924500,S=C(NNc1nncc2ccccc12)Nc1ccccc1
3412,7.0,nM,CHEMBL3924787,C[C@@H](Nc1ncnc2ccc(OCCCCCC(=O)NO)cc12)c1ccccc1
3413,6.935542010773082,nM,CHEMBL3925158,CCC(=O)Nc1cc2c(Nc3ccc(OCc4ccccn4)cc3)ncnc2cc1OC
3414,7.619788758288394,nM,CHEMBL3925584,COc1ccc(-c2cc3c(N[C@H](C)c4ccccc4F)ncnc3o2)cc1
3415,6.997402019280091,nM,CHEMBL3925959,C=CC(=O)Nc1cccc(Nc2nc(Nc3ccc(OCCCn4cnnn4)cc3)ncc2[N+](=O)[O-])c1
3416,6.853871964321762,nM,CHEMBL3926223,NS(=O)(=O)c1ccc(Nc2nncc3ccccc23)cc1
3417,8.221848749616356,nM,CHEMBL3926558,C=CC(=O)N1CC(Oc2cc3c(N[C@H](C)c4ccccc4)ncnc3cc2OC)C1
3418,6.311936303053656,nM,CHEMBL3926657,Nc1ncnc2c1c(-c1ccc(Oc3ccccc3)cc1)nn2C1CCCN(C(=O)/C=C/c2c[nH]cn2)C1
3419,6.721246399047171,nM,CHEMBL392774,COC1CNCCN(Cc2ccn3ncnc(Nc4ccc5c(cnn5Cc5cccc(F)c5)c4)c23)C1
3420,7.275724130399211,nM,CHEMBL3927914,COc1ccc(NC(=S)NNc2nncc3ccccc23)cc1
3421,7.698970004336019,nM,CHEMBL3928176,C=CC(=O)Nc1cccc(Oc2nc(Nc3ccccc3OC)ncc2F)c1
3422,8.698970004336019,nM,CHEMBL3928512,C[C@@H](Nc1ncnc2oc(-c3ccccc3O)cc12)c1ccccc1
3423,7.301029995663981,nM,CHEMBL3929002,COc1cc2c(Nc3ccc(Cl)c(Cl)c3)ncnc2cc1OCc1csc2ccc(Cl)cc12
3424,9.154901959985745,nM,CHEMBL3929060,C=CC(=O)N1CC[C@H](Oc2cc3c(Nc4ccc(F)c(Cl)c4F)ncnc3cc2OC)C[C@H]1C(N)=O
3425,7.10790539730952,nM,CHEMBL3929448,COc1cc2c(Nc3ccc(NC(=O)Nc4ccc(F)c(Cl)c4)c(Cl)c3)ncnc2cc1OCCCN1CCN(C)CC1
3426,9.568636235841012,nM,CHEMBL3929484,O=C(CCCCCn1cc(-c2ccc3ncnc(Nc4cccc(Cl)c4F)c3c2)nn1)NO
3427,7.537602002101044,nM,CHEMBL3929584,C=Cc1ccc(-c2cc3c(N[C@H](C)c4ccccc4)ncnc3o2)cc1
3428,6.361211332842602,nM,CHEMBL3929922,CC#CC(=O)N1CCC[C@H](n2nc(-c3ccc(Oc4ccccc4)cc3)c3c(N)ncnc32)C1
3429,6.292429823902064,nM,CHEMBL3930270,O=C(CCl)OCCn1c(=O)oc2cc3ncnc(Nc4ccc(Oc5cccc(C(F)(F)F)c5)c(Cl)c4)c3cc21
3430,8.698970004336019,nM,CHEMBL3930316,CCC(=O)Nc1cc2c(Nc3ccc(F)c(Cl)c3)ncnc2cc1OC
3431,8.698970004336019,nM,CHEMBL3930506,O=C(/C=C/CN1CCCCC1)Nc1cc2c(Nc3ccc(F)c(Cl)c3)ncnc2cn1
3432,8.045757490560675,nM,CHEMBL3930539,C=CC(=O)Nc1cccc(Nc2nc(Nc3ccc(Cn4ccnc4)cc3)ncc2F)c1
3433,9.920818753952377,nM,CHEMBL3930620,O=C(CCCCCCn1cc(-c2ccc3ncnc(Nc4cccc(Cl)c4F)c3c2)nn1)NO
3434,8.193820026016112,nM,CHEMBL3930762,Cc1ccc(Oc2ccc(Nc3ncnc4ccc(-c5cn(CCCCCC(=O)NO)nn5)cc34)cc2C)cn1
3435,7.698970004336019,nM,CHEMBL3930810,C=CC(=O)Nc1cccc(Oc2nc(Nc3cccc(OC)c3OC)ncc2C(F)(F)F)c1
3436,6.161150909262745,nM,CHEMBL3931223,COc1cc2c(Oc3ccc(NC(=O)c4cn(-c5ccccc5OC)cn4)cc3F)ccnc2cc1OCCCN1CCN(C)CC1
3437,7.127843727251707,nM,CHEMBL3931858,CN(C/C=C/C(=O)N1CCCC(n2nc(-c3ccc(Oc4ccccc4)cc3)c3c(N)ncnc32)C1)CCO
3438,8.698970004336019,nM,CHEMBL3932176,CCOc1cc2ncnc(Nc3ccc4c(cnn4Cc4ccccc4)c3)c2cc1NC(=O)/C=C/CN(C)C
3439,8.3767507096021,nM,CHEMBL3932286,C=CC(=O)N1CCC(Oc2cc3c(Nc4cccc(Cl)c4)ncnc3cc2OC)CC1
3440,7.301029995663981,nM,CHEMBL393264,CC1(N)CCN(Cc2ccn3ncnc(Nc4ccc5c(cnn5Cc5cccc(F)c5)c4)c23)CC1
3441,8.853871964321762,nM,CHEMBL3932784,C=CC(=O)N1CC[C@H](Oc2cc3c(Nc4ccc(F)c(Cl)c4F)ncnc3cc2OC)C[C@H]1C(=O)NCCSC
3442,8.275724130399212,nM,CHEMBL3933539,COc1ccc(-c2cc3c(N[C@H](C)c4ccccc4)ncnc3o2)cc1
3443,6.299296282854981,nM,CHEMBL3933568,COc1cc2c(Nc3ccc(NC(=O)Nc4ccccc4C)cc3)ncnc2cc1OCCCN1CCN(C)CC1
3444,7.522878745280337,nM,CHEMBL3933895,CCOc1cc2ncnc(Nc3ccc4c(ccn4S(=O)(=O)c4ccccc4)c3)c2cc1NC(=O)/C=C/CN1CCOCC1
3445,7.443697499232713,nM,CHEMBL3934034,CCC(=O)Nc1cc2c(Nc3ccc(OCc4ccccc4)cc3)ncnc2cc1OC
3446,7.657577319177793,nM,CHEMBL3934461,COc1ccc(-c2cc3c(NC(CC(N)=O)c4ccccc4)ncnc3o2)cc1
3447,6.866461091629782,nM,CHEMBL3934539,CCC(=O)Nc1cc2c(NCc3ccccc3)ncnc2cc1OC
3448,6.0,nM,CHEMBL3934556,CCOc1cc(N2CCC(N3CCN(S(C)(=O)=O)CC3)CC2)ccc1Nc1nccc(-c2c(-c3cccc(C(=O)Nc4c(F)cccc4F)c3)nc3ccccn23)n1
3449,6.337242168318426,nM,CHEMBL3934594,CC(C)S(=O)(=O)c1ccccc1Nc1nc(N/N=C/c2cccc(C(F)(F)F)c2)ncc1Cl
3450,8.148741651280925,nM,CHEMBL3935007,C=CC(=O)N1CCC(Oc2cc3c(Nc4cccc(Br)c4)ncnc3cc2OC)CC1
3451,8.522878745280337,nM,CHEMBL3935492,C=CC(=O)N1CC[C@H](Oc2cc3c(Nc4ccc(F)c(Cl)c4F)ncnc3cc2OC)C[C@H]1C(=O)NCCS(C)(=O)=O
3452,8.05551732784983,nM,CHEMBL39355,Brc1cccc(Nc2ncnc3cc4c(cnn4CCCN4CCOCC4)cc23)c1
3453,7.086186147616283,nM,CHEMBL3936505,CCOc1cc2ncnc(Nc3ccc(NS(=O)(=O)c4ccccc4)cc3)c2cc1NC(=O)/C=C/CN1CCN(C)CC1
3454,7.113509274827518,nM,CHEMBL3936642,O=C(CBr)OCCn1c(=O)oc2cc3ncnc(Nc4ccc(OCc5cccc(F)c5)c(Cl)c4)c3cc21
3455,7.770771371572994,nM,CHEMBL3936761,C=CC(=O)N1CCC([C@@H]2CCNc3c(C(N)=O)c(-c4ccc(Oc5ccccc5)cc4)nn32)CC1
3456,7.045757490560675,nM,CHEMBL3937373,Cc1cccc2nc(NC(=O)c3cccc(C(F)(F)F)c3)n([C@H]3CC[C@H](O)CC3)c12
3457,6.0,nM,CHEMBL3937417,CCOc1cc(N2CCN(C(C)C)CC2)ccc1Nc1nccc(-c2c(-c3ccc(OC)c(C(=O)Nc4c(F)cccc4F)c3)nc3ccccn23)n1
3458,7.251811972993799,nM,CHEMBL3937527,C[C@@H](Nc1ncnc2oc(-c3ccc(Br)cc3)cc12)c1ccccc1
3459,6.698970004336019,nM,CHEMBL393787,O[C@@H]1CNCCN(Cc2ccn3ncnc(Nc4ccc5c(cnn5Cc5cccc(F)c5)c4)c23)C1
3460,8.207608310501746,nM,CHEMBL3937949,O=C(O)c1ccc(Nc2nncc3ccccc23)cc1
3461,8.259637310505756,nM,CHEMBL3938358,C=CC(=O)Nc1cccc(Nc2nc(Nc3ccc(OC)cc3OC)ncc2Cl)c1
3462,7.221848749616356,nM,CHEMBL393848,N[C@@H]1CCN(Cc2ccn3ncnc(Nc4ccc5c(cnn5Cc5cccc(F)c5)c4)c23)C1
3463,7.823908740944319,nM,CHEMBL3938494,COc1cc2c(Nc3ccc(NC(=O)Nc4ccccc4C)c(Cl)c3)ncnc2cc1OCCCN1CCN(C)CC1
3464,7.292429823902063,nM,CHEMBL3938794,O=C1CS/C(=N/Nc2nncc3ccccc23)N1
3465,6.146301788223826,nM,CHEMBL3939300,CCC(=O)Nc1cc2c(Nc3ccc4c(ccn4Cc4cccnc4)c3)ncnc2cc1OC
3466,7.130768280269024,nM,CHEMBL3939429,COc1ccc(-c2cc3c(NCc4ccccc4)ncnc3o2)cc1
3467,6.087777943467584,nM,CHEMBL3939588,COc1cc2c(Nc3ccc(NC(=O)Nc4ccc(C)c(C)c4)c(Cl)c3)ncnc2cc1OCCN1CCCCC1
3468,8.161150909262744,nM,CHEMBL3939771,O=C(CCCCCn1cc(-c2ccc3ncnc(Nc4ccc(OCc5nccs5)c(Cl)c4)c3c2)nn1)NO
3469,8.821023052706831,nM,CHEMBL3939913,Cc1cccc2nc(NC(=O)c3ccnc(C(F)(F)F)c3)n([C@@H]3CCCCN(C(=O)/C=C/CN(C)C)C3)c12
3470,8.0,nM,CHEMBL3939985,CCOc1cc2ncnc(Nc3ccc(OCc4cccc(F)c4)c(Cl)c3)c2cc1NC(=O)/C=C/CN1CCN(C)CC1
3471,6.481486060122113,nM,CHEMBL3940060,O=C(CCl)OCCn1c(=O)oc2cc3ncnc(Nc4ccc(F)c(Cl)c4)c3cc21
3472,9.154901959985745,nM,CHEMBL3940089,C=CC(=O)N1CCC(Oc2cc3c(Nc4ccc(F)c(Cl)c4F)ncnc3cc2OCCC)CC1
3473,6.468521082957745,nM,CHEMBL394056,COCc1ccn2ncnc(Nc3ccc4c(cnn4Cc4cccc(F)c4)c3)c12
3474,7.522878745280337,nM,CHEMBL394057,O=C(O)COCc1ccn2ncnc(Nc3ccc4c(cnn4Cc4cccc(F)c4)c3)c12
3475,8.045757490560675,nM,CHEMBL3940909,C=CC(=O)N1CC[C@H](Oc2ccc3ncnc(Nc4ccc(F)c(Cl)c4F)c3c2)C1
3476,6.226945306635738,nM,CHEMBL3941175,CCC(=O)Nc1cc2c(Nc3ccc(NS(=O)(=O)c4ccccc4)c(F)c3)ncnc2cc1OC
3477,7.229147988357855,nM,CHEMBL3941626,CCOc1cc2[nH]cc(C#N)c(=Nc3ccc(OCc4ccccn4)c(Cl)c3)c2cc1NC(=O)/C=C/[C@H]1C[C@H](O)CN1C
3478,7.769551078621726,nM,CHEMBL3941823,CCOc1cc2ncnc(Nc3ccc4c(cnn4Cc4ccccc4)c3)c2cc1NC(=O)/C=C/CN1C[C@@H](C)N[C@@H](C)C1
3479,8.698970004336019,nM,CHEMBL3942228,CCOc1cc2ncnc(Nc3ccc4c(cnn4Cc4ccccc4)c3)c2cc1NC(=O)/C=C/CN1CCCCC1
3480,6.411168274405792,nM,CHEMBL3942999,CCC(=O)Nc1cc2c(Nc3ccc(Cc4ccncc4)cc3)ncnc2cc1OC
3481,7.045757490560675,nM,CHEMBL394333,NCCOCc1ccn2ncnc(Nc3ccc4c(cnn4Cc4cccc(F)c4)c3)c12
3482,7.853871964321762,nM,CHEMBL3943438,COC[C@@H](Nc1ncnc2oc(-c3ccc(OC)cc3)cc12)c1ccccc1
3483,6.0,nM,CHEMBL3943489,CCOc1cc(N2CCC(CCS(C)(=O)=O)CC2)c(C)cc1Nc1nccc(-c2c(-c3cccc(C(=O)Nc4c(F)cccc4F)c3)nc3ccccn23)n1
3484,8.259637310505756,nM,CHEMBL3944027,C=CC(=O)Nc1cccc(Oc2nc(Nc3ccc(OC)c(OC)c3OC)ncc2Cl)c1
3485,6.416801226031378,nM,CHEMBL3944095,CCC(=O)Nc1cc2c(Nc3ccc(NCc4ccccc4)cc3)ncnc2cc1OC
3486,7.301029995663981,nM,CHEMBL3944702,COc1cc(Nc2ncnc3cc(OCC4CN(C)CCO4)c(OC)cc23)c(OC)cc1Cl
3487,6.920818753952375,nM,CHEMBL394495,C[C@H](c1ccccc1)n1ncc2cc(Nc3ncnn4ccc(COC[C@@H]5CNCCO5)c34)ccc21
3488,6.795880017344075,nM,CHEMBL3945555,O=C(CBr)OCCn1c(=O)oc2cc3ncnc(Nc4ccc(Oc5cccc(C(F)(F)F)c5)c(Cl)c4)c3cc21
3489,9.045757490560677,nM,CHEMBL3946096,C=CC(=O)N1CC[C@@H](Oc2cc3c(Nc4ccc(F)c(Cl)c4F)ncnc3cc2OC)C[C@@H]1C(=O)NC
3490,8.154901959985743,nM,CHEMBL3946232,O=C(Nc1cc2c(Nc3ccc(F)c(Cl)c3)ncnc2cc1OCCCN1CCOCC1)C1=CCCC1
3491,6.853871964321762,nM,CHEMBL3946259,Cc1ccc2c(c1)nc(NC(=O)c1cccc(C(F)(F)F)c1)n2[C@H]1CC[C@H](O)CC1
3492,8.154901959985743,nM,CHEMBL3946396,COc1cccc(-c2cc3c(N[C@H](C)c4ccccc4)ncnc3o2)c1
3493,8.397940008672037,nM,CHEMBL3947406,COc1ccccc1-c1cc2c(N[C@H](C)c3ccccc3)ncnc2o1
3494,6.974694134735231,nM,CHEMBL3947759,C=CC(=O)Nc1cccc(Nc2nc(Nc3ccc(OCCn4ccnc4)cc3)ncc2Cl)c1
3495,8.259637310505756,nM,CHEMBL3947802,C=CC(=O)Nc1cccc(Oc2nc(Nc3ccc(OC)cc3OC)ncc2C(F)(F)F)c1
3496,7.769551078621726,nM,CHEMBL3948084,CCC(=O)Nc1cc2c(Nc3ccc4c(cnn4Cc4ccccc4)c3)ncnc2cc1OC
3497,8.522878745280337,nM,CHEMBL3948267,O=C(/C=C/CN1CCCC1)Nc1cc2c(Nc3ccc4c(cnn4Cc4ccccc4)c3)ncnc2cn1
3498,6.673664139071249,nM,CHEMBL3948354,COc1cc2c(Nc3ccc(NC(=O)Nc4ccccc4)c(Cl)c3)ncnc2cc1OCCN1CCCCC1
3499,4.638272163982408,nM,CHEMBL3948546,CC(C)c1ccccc1Nc1nc(N)nc2c1Cc1ccccc1-2
3500,7.301029995663981,nM,CHEMBL3948661,COc1cc2c(Nc3ccc(Cl)c(Cl)c3)ncnc2cc1OCc1ccc2nc(C(F)(F)F)cc(Cl)c2c1
3501,8.522878745280337,nM,CHEMBL3949347,CN(C)C/C=C/C(=O)Nc1cc2c(Nc3ccc4c(cnn4Cc4ccccc4)c3)ncnc2cn1
3502,7.0,nM,CHEMBL3950023,C[C@@H](Nc1ncnc2[nH]c(-c3ccc(NC(=O)CCNCC(=O)NO)cc3)cc12)c1ccccc1
3503,6.0,nM,CHEMBL3950296,COc1cc(N2CCC(N3CCN(CCF)CC3)CC2)ccc1Nc1nccc(-c2c(-c3ccc(OC)c(C(=O)Nc4c(F)cccc4F)c3)nc3ccccn23)n1
3504,8.698970004336019,nM,CHEMBL3950549,COc1cc2ncnc(Nc3ccc(F)c(Cl)c3)c2cc1NC(=O)/C=C/CN(C(C)C)C(C)C
3505,8.154901959985743,nM,CHEMBL3950966,CCOc1cc2ncnc(Nc3ccc4c(cnn4Cc4ccccc4)c3)c2cc1NC(=O)/C=C/CN(C(C)C)C(C)C
3506,7.301029995663981,nM,CHEMBL3951099,COc1cc2c(Nc3ccc(Cl)c(Cl)c3)ncnc2cc1OCc1nc(-c2ccc(C(C)(C)C)cc2)no1
3507,8.661543506395395,nM,CHEMBL3951434,Cc1cccc2nc(NC(=O)c3cccc(C(F)(F)F)c3)n([C@@H]3CCCCN(C(=O)/C=C/CN(C)C)C3)c12
3508,6.274905478918531,nM,CHEMBL3951754,CCC(=O)Nc1cc2c(Nc3ccc(Oc4cccnc4)cc3)ncnc2cc1OC
3509,8.568636235841012,nM,CHEMBL3952157,COc1ccc(-c2cc3c(N[C@H](CO)c4ccccc4)ncnc3o2)cc1
3510,7.552841968657781,nM,CHEMBL3952877,COC[C@@H](Nc1ncnc2oc(-c3ccccc3)cc12)c1ccccc1
3511,8.698970004336019,nM,CHEMBL3952953,COCCOc1cc2ncnc(Nc3ccc(F)c(Cl)c3)c2cc1NC(=O)/C=C/[C@@H]1CCCN1C
3512,7.619788758288394,nM,CHEMBL3953210,COc1ccc(-c2cc3c(N[C@H](C)c4cccc(F)c4)ncnc3o2)cc1
3513,8.397940008672037,nM,CHEMBL3953221,C=CC(=O)N[C@H]1CCC[C@@H](n2c(NC(=O)c3cccc(C(F)(F)F)c3)nc3cc(C)ccc32)C1
3514,7.391473966422806,nM,CHEMBL3953593,C=CC(=O)Nc1cccc(Nc2nc(Nc3ccc(OCCCn4ccnc4)cc3)ncc2[N+](=O)[O-])c1
3515,7.698970004336019,nM,CHEMBL3953921,C=CC(=O)N1CCCC(n2c(NC(=O)c3cccc(C(F)(F)F)c3)nc3cc(C)ccc32)C1
3516,7.187086643357144,nM,CHEMBL3954273,C=CC(=O)Nc1cccc(Nc2nc(Nc3ccc(OC)c(OC)c3OC)ncc2Br)c1
3517,6.585026652029182,nM,CHEMBL3954370,O=C(Nc1nc2ccccc2n1[C@H]1CC[C@H](O)CC1)c1cccc(C(F)(F)F)c1
3518,6.0,nM,CHEMBL3954571,COc1ccc(N2CCC(N3CCCCC3)CC2)cc1Nc1nccc(-c2c(-c3cccc(C(=O)Nc4c(F)cccc4F)c3)nc3ccccn23)n1
3519,8.397940008672037,nM,CHEMBL3954587,C=CC(=O)N1CC(Oc2cc3c(Nc4cccc(Cl)c4F)ncnc3cc2OC)C1
3520,7.698970004336019,nM,CHEMBL3954684,C=CC(=O)Nc1cccc(Nc2nc(Nc3ccc(OC)cc3OC)ncc2C(F)(F)F)c1
3521,8.259637310505756,nM,CHEMBL3954906,C=CC(=O)Nc1cccc(Nc2nc(Nc3ccccc3OC)ncc2Br)c1
3522,6.6777807052660805,nM,CHEMBL395591,Fc1cccc(Cn2ncc3cc(Nc4ncnn5ccc(COCC6CNCCOC6)c45)ccc32)c1
3523,8.337242168318426,nM,CHEMBL3956112,C[C@@H](Nc1ncnc2oc(-c3cccc(O)c3)cc12)c1ccccc1
3524,8.040958607678906,nM,CHEMBL3956430,C=CC(=O)Nc1cccc(Nc2nc(Nc3ccc(OCCn4ccnc4)cc3)ncc2F)c1
3525,7.698970004336019,nM,CHEMBL3956465,C=CC(=O)Nc1cccc(Nc2nc(Nc3ccc(OC)c(OC)c3OC)ncc2C(F)(F)F)c1
3526,7.769551078621726,nM,CHEMBL3957025,COc1cc2c(Nc3ccc(NC(=O)Nc4ccc(Cl)cc4)c(Cl)c3)ncnc2cc1OCCCN1CCOCC1
3527,9.161150909262744,nM,CHEMBL3957055,O=C(CCCCCCn1cc(-c2ccc3ncnc(Nc4ccc(F)c(Cl)c4)c3c2)nn1)NO
3528,7.853871964321762,nM,CHEMBL3957416,CCOc1cc2ncnc(Nc3ccc(NS(=O)(=O)c4ccccc4)cc3)c2cc1NC(=O)/C=C/CN1CCOCC1
3529,8.045757490560675,nM,CHEMBL3957801,CCC(=O)Nc1cc2c(Nc3ccc(F)c(Cl)c3)ncnc2cc1OCCCN1CCOCC1
3530,8.698970004336019,nM,CHEMBL3958006,O=C(/C=C/CN1CCOCC1)Nc1cc2c(Nc3ccc(F)c(Cl)c3)ncnc2cn1
3531,7.795880017344075,nM,CHEMBL3958482,COc1cc2ncnc(Nc3ccc(Oc4ccccc4)cc3)c2cc1NC(=O)/C=C/CN1CCCCC1
3532,9.154901959985745,nM,CHEMBL3958624,C=CC(=O)N1CC[C@@H](Oc2cc3c(Nc4ccc(F)c(Cl)c4F)ncnc3cc2OC)C[C@@H]1C(N)=O
3533,6.366531544420414,nM,CHEMBL395883,COc1cn2ncnc(Nc3ccc4c(cnn4Cc4cccc(F)c4)c3)c2c1COC[C@@H]1CNCCO1
3534,8.301029995663981,nM,CHEMBL3959248,COCCOc1cc2ncnc(Nc3ccc4c(cnn4Cc4ccccc4)c3)c2cc1NC(=O)/C=C/CN(C)C
3535,8.397940008672037,nM,CHEMBL3959632,C=CC(=O)Nc1cccc(-n2c(NC(=O)c3cccc(C(F)(F)F)c3)nc3cc(C)ccc32)c1
3536,8.675717544702307,nM,CHEMBL3960167,Cc1cc(C(=O)Nc2nc3cccc(C)c3n2[C@@H]2CCCCN(C(=O)/C=C/CN(C)C)C2)ccn1
3537,8.167491087293763,nM,CHEMBL3960332,C#Cc1cccc(Nc2ncnc3cc(O[C@H]4CCOC4)c(NC(=O)/C=C/CN(CC)CC)cc23)c1
3538,5.031517051446064,nM,CHEMBL3960786,O=C(CBr)OCCn1c(=O)oc2cc3ncnc(Nc4ccc(NC(=O)N5CCCCC5)cc4)c3cc21
3539,8.958607314841775,nM,CHEMBL3960853,C[C@@H](Nc1ncnc2oc(-c3ccc(NCCN4CCOCC4)cc3)cc12)c1ccccc1
3540,6.284832642151542,nM,CHEMBL3960911,CCC(=O)Nc1cc2c(Nc3ccc4c(c3)CCN4Cc3ccccn3)ncnc2cc1OC
3541,8.0,nM,CHEMBL3961202,C=CC(=O)N(C)c1cccc(-n2c(NC(=O)c3cccc(C(F)(F)F)c3)nc3cc(C)ccc32)c1
3542,7.173925197299174,nM,CHEMBL3961532,CCC(=O)Nc1cc2c(Nc3ccc(OCc4cccc(F)c4)c(Cl)c3)ncnc2cc1OC
3543,8.698970004336019,nM,CHEMBL3961553,OC[C@@H](Nc1ncnc2oc(-c3ccc(O)cc3)cc12)c1ccccc1
3544,8.522878745280337,nM,CHEMBL3961848,C=CC(=O)N1CCC(Oc2cc3c(Nc4cccc(C=C)c4)ncnc3cc2OC)CC1
3545,8.397940008672037,nM,CHEMBL3961961,COc1ccc(-c2cc3c(N[C@H](CCO)c4ccccc4)ncnc3o2)cc1
3546,7.301029995663981,nM,CHEMBL3961982,COc1cc2c(Nc3ccc(Cl)c(Cl)c3)ncnc2cc1OCc1cc(Br)cc(Br)c1
3547,6.375717904164333,nM,CHEMBL3962032,CCC(=O)Nc1cc2c(Nc3ccc4c(ccn4CC(C)C)c3)ncnc2cc1OC
3548,9.0,nM,CHEMBL3962233,COc1cc2c(Nc3ccc(NC(=O)Nc4ccc(Cl)cc4)c(Cl)c3)ncnc2cc1OCCCN1CCN(C)CC1
3549,8.301029995663981,nM,CHEMBL3962343,C=CC(=O)Nc1cccc(Nc2nc(Nc3ccc(NC(C)C)cc3OC)ncc2Cl)c1
3550,7.638272163982407,nM,CHEMBL3962365,CCOc1cc2ncnc(Nc3ccc(OCc4cccc(F)c4)c(Cl)c3)c2cc1NC(=O)/C=C/CN1CCCC1
3551,8.161150909262744,nM,CHEMBL3963403,Fc1ccc(/C=C/C(=N/Nc2nncc3ccccc23)c2ccccc2)cc1
3552,7.301029995663981,nM,CHEMBL3963620,COc1cc2c(Nc3ccc(Cl)c(Cl)c3)ncnc2cc1OCc1csc(-c2ccc(Cl)cc2)n1
3553,8.221848749616356,nM,CHEMBL3963723,CCC(=O)Nc1cc2c(Nc3ccc4[nH]ccc4c3)ncnc2cc1OC
3554,8.721246399047171,nM,CHEMBL3964033,O=C(CCCCCn1cc(-c2ccc3ncnc(Nc4ccc(OCc5cccc(F)c5)c(Cl)c4)c3c2)nn1)NO
3555,7.0655015487564325,nM,CHEMBL3964380,CCC(=O)Nc1cc2c(Nc3ccc4c(ccn4Cc4ccco4)c3)ncnc2cc1OC
3556,6.327902142064283,nM,CHEMBL3965075,CCOCc1ccc2c(c1)nc(NC(=O)c1cccc(C(F)(F)F)c1)n2[C@H]1CC[C@H](O)CC1
3557,8.096910013008056,nM,CHEMBL3965087,C=CC(=O)N1CC[C@H](Oc2ccc3ncnc(Nc4ccc(OCc5cccc(F)c5)c(Cl)c4)c3c2)C1
3558,8.886056647693163,nM,CHEMBL3965391,C=CC(=O)N1CC[C@H](Oc2cc3c(Nc4ccc(F)c(Cl)c4F)ncnc3cc2OC)C1
3559,8.0,nM,CHEMBL3965948,O=C(CBr)OCCn1c(=O)oc2cc3ncnc(Nc4ccc(N5CCOCC5)c(Cl)c4)c3cc21
3560,7.301029995663981,nM,CHEMBL3966111,C=CC(=O)NCCCn1c(NC(=O)c2cccc(C(F)(F)F)c2)nc2cc(C)ccc21
3561,8.200659450546418,nM,CHEMBL3966129,Clc1ccc(C(/C=C/c2ccccc2)=N\Nc2nncc3ccccc23)cc1
3562,7.886056647693163,nM,CHEMBL3967219,C[C@@H](Nc1ncnc2oc(-c3ccc(F)cc3)cc12)c1ccccc1
3563,8.481486060122112,nM,CHEMBL3967512,C=CC(=O)Nc1cccc(Nc2nc(Nc3ccc(Cn4ccnc4)cc3)ncc2Cl)c1
3564,8.301029995663981,nM,CHEMBL3967836,C=CC(=O)Nc1cccc(Nc2nc(Nc3ccc(NC4CN(C(=O)OC(C)(C)C)C4)cc3OC)ncc2C(F)(F)F)c1
3565,8.0,nM,CHEMBL3967962,O=C(/C=C/CN1CCCC1)Nc1cc2c(Nc3ccc(Cc4ccccn4)cc3)ncnc2cn1
3566,9.0,nM,CHEMBL3968039,COc1cc2c(Nc3ccc(NC(=O)Nc4ccc(C)c(C)c4)c(Cl)c3)ncnc2cc1OCCCN1CCN(C)CC1
3567,9.0,nM,CHEMBL3968417,CN(C)C/C=C/C(=O)Nc1cc2c(Nc3ccc(F)c(Cl)c3)ncnc2cn1
3568,6.416008200801684,nM,CHEMBL3968716,Nc1ncnc2c1c(-c1ccc(Oc3ccccc3)cc1)nn2[C@H]1CCCN(C(=O)/C=C/CN2CCOCC2)C1
3569,8.886056647693163,nM,CHEMBL3968784,C=CC(=O)N1CC[C@H](Oc2cc3c(Nc4ccc(Cl)c(Cl)c4F)ncnc3cc2OC)C1
3570,7.214670164989233,nM,CHEMBL3968839,CCC(=O)Nc1cc2c(Nc3ccc4c(ccn4Cc4ccccn4)c3)ncnc2cc1OC
3571,8.0,nM,CHEMBL3969056,CN(C)C/C=C/C(=O)Nc1cc2c(Nc3ccc(Cc4ccccn4)cc3)ncnc2cn1
3572,6.0,nM,CHEMBL3969511,COc1cc(N2CCC(CCS(C)(=O)=O)CC2)c(C)cc1Nc1nccc(-c2c(-c3cccc(C(=O)Nc4c(F)cccc4F)c3)nc3ccccn23)n1
3573,6.735182176990463,nM,CHEMBL3969628,O=C(CBr)OCCn1c(=O)oc2cc3ncnc(Nc4ccc(N5CCCCC5)c(Cl)c4)c3cc21
3574,4.34582345812204,nM,CHEMBL3970063,Nc1nc(Nc2cccc(Cl)c2)c2c(n1)-c1ccccc1C2
3575,8.958607314841775,nM,CHEMBL3970231,C=CC(=O)N1CCC(Oc2cc3c(Nc4ccc(F)c(Cl)c4F)ncnc3cc2OC)CC1
3576,7.795880017344075,nM,CHEMBL3970330,COCCOc1cc2ncnc(Nc3ccc4c(cnn4Cc4ccccc4)c3)c2cc1NC(=O)/C=C/CN1CCN(C)CC1
3577,7.055517327849831,nM,CHEMBL3970399,O=S(=O)(Nc1nccs1)c1ccc(Nc2nncc3ccccc23)cc1
3578,7.187086643357144,nM,CHEMBL3970738,CCC(=O)Nc1cc2c(Nc3ccc(NS(=O)(=O)c4ccccc4)cc3)ncnc2cc1OC
3579,6.3979400086720375,nM,CHEMBL397122,C[C@@H](c1cccc(F)c1)n1ncc2cc(Nc3ncnn4ccc(COC[C@@H]5CNCCO5)c34)ccc21
3580,7.142667503568732,nM,CHEMBL3971413,CCOc1cc2ncnc(Nc3ccc4c(cnn4Cc4ccccc4)c3)c2cc1NC(=O)/C=C/CN1[C@H](C)CNC[C@@H]1C
3581,8.031517051446064,nM,CHEMBL3971939,C=CC(=O)N1CCC(Oc2cc3c(Nc4cccc(C)c4)ncnc3cc2OC)CC1
3582,8.769551078621726,nM,CHEMBL3972168,C=CC(=O)N1CC[C@@H](Oc2cc3c(Nc4ccc(F)c(Cl)c4F)ncnc3cc2OC)C[C@@H]1C(=O)OC
3583,8.856985199745905,nM,CHEMBL3972316,C=CC(=O)N1CCCC[C@@H](n2c(NC(=O)c3cccc(C(F)(F)F)c3)nc3cccc(C)c32)C1
3584,7.657577319177793,nM,CHEMBL3972981,CC[C@@H](Nc1ncnc2oc(-c3ccc(OC)cc3)cc12)c1ccccc1
3585,7.0655015487564325,nM,CHEMBL3973028,CCC(=O)Nc1cc2c(N[C@H](C)c3ccccc3)ncnc2cc1OC
3586,7.568636235841013,nM,CHEMBL3973601,COc1ccc(-c2cc3c(N[C@H](C)c4ccc(F)cc4)ncnc3o2)cc1
3587,7.187086643357144,nM,CHEMBL3973862,C=CC(=O)Nc1cccc(Oc2nc(Nc3ccc(OC)c(OC)c3OC)ncc2Br)c1
3588,7.221848749616356,nM,CHEMBL3973973,C=CC(=O)N[C@@H]1CCC[C@@H](n2c(NC(=O)c3cccc(C(F)(F)F)c3)nc3cc(C)ccc32)C1
3589,7.67778070526608,nM,CHEMBL3974571,C=C(C)C(=O)Nc1cc2c(Nc3ccc(F)c(Cl)c3)ncnc2cc1OCCCN1CCOCC1
3590,7.443697499232713,nM,CHEMBL3974626,COc1ccc(N2C(=O)CS/C2=N/Nc2nncc3ccccc23)cc1
3591,6.187086643357144,nM,CHEMBL3975588,C=CC(=O)Nc1cccc(Oc2nc(Nc3ccccc3OC)ncc2Cl)c1
3592,7.356547323513813,nM,CHEMBL3975699,C[C@@H](Nc1ncnc2oc(-c3ccc(C#N)cc3)cc12)c1ccccc1
3593,6.0,nM,CHEMBL3975710,O=C(/C=C/c1ccc(OCCOc2ccc3ncnc(Nc4ccc(F)c(Cl)c4)c3c2)cc1)NO
3594,7.0,nM,CHEMBL3975990,C#Cc1cccc(Nc2ncnc3ccc(OCCCCCCC(=O)NO)cc23)c1
3595,6.0,nM,CHEMBL3976571,CCCN1CCN(c2ccc(Nc3nccc(-c4c(-c5ccc(OC)c(C(=O)Nc6c(F)cccc6F)c5)nc5ccccn45)n3)c(OC)c2)CC1
3596,6.985479461242077,nM,CHEMBL3977022,C=CC(=O)Nc1cccc(Nc2nc(Nc3ccc(OCCn4cncn4)cc3)ncc2Cl)c1
3597,7.113509274827518,nM,CHEMBL3977192,NC(=S)NNc1nncc2ccccc12
3598,7.67778070526608,nM,CHEMBL3977326,CCC(=O)Nc1cc2c(Nc3ccc4c(ccn4Cc4ccccc4)c3)ncnc2cc1OC
3599,7.853871964321762,nM,CHEMBL3977504,CN(C)C/C=C/C(=O)Nc1cc2c(Nc3ccc(Oc4ccccc4)cc3)ncnc2cn1
3600,7.920818753952375,nM,CHEMBL3977926,CCOc1cc2ncnc(Nc3ccc(OCc4ccccn4)cc3)c2cc1NC(=O)/C=C/CN1CCCC1
3601,8.259637310505756,nM,CHEMBL3978161,C=CC(=O)Nc1cccc(Oc2nc(Nc3ccccc3OC)ncc2C(F)(F)F)c1
3602,7.075720713938119,nM,CHEMBL3978686,O=S(=O)(Nc1ccccn1)c1ccc(Nc2nncc3ccccc23)cc1
3603,7.790484985457369,nM,CHEMBL3978740,C=CC(=O)N1CCC(Oc2cc3c(Nc4cccc(C(F)(F)F)c4)ncnc3cc2OC)CC1
3604,7.853871964321762,nM,CHEMBL3979264,COc1cc2c(Nc3ccc(NC(=O)Nc4ccccc4)c(Cl)c3)ncnc2cc1OCCCN1CCN(C)CC1
3605,8.18045606445813,nM,CHEMBL3979366,C=CC(=O)N1CC[C@H](Oc2cc3c(Nc4ccc(F)c(Cl)c4F)ncnc3cc2OC)C[C@H]1C(=O)NCCN(C)C
3606,7.0,nM,CHEMBL3979482,C#Cc1cccc(Nc2ncnc3ccc(OCCCC(=O)NO)cc23)c1
3607,8.221848749616356,nM,CHEMBL3979610,Fc1ccc(Nc2nncc3ccccc23)cc1
3608,7.647238808276169,nM,CHEMBL3980550,CN(C)C/C=C/C(=O)NC1CCC(n2nc(-c3ccc(Oc4ccccc4)cc3)c3c(N)ncnc32)CC1
3609,6.688246138944246,nM,CHEMBL3980622,CCC(=O)Nc1cc2c(Nc3ccc(Cc4ccccn4)cc3)ncnc2cc1OC
3610,8.42021640338319,nM,CHEMBL3980793,C=CC(=O)N1CC[C@H](Oc2cc3c(Nc4ccc(F)c(Cl)c4F)ncnc3cc2OC)C[C@H]1C(=O)NCCOC
3611,7.041914151478915,nM,CHEMBL398154,CCOc1cc2ncnc(NC3=CC(=O)C(OCc4ccccn4)=CC3=O)c2cc1NC(=O)/C=C/CN(C)C
3612,7.958607314841775,nM,CHEMBL3981551,CN(C)C/C=C/C(=O)Nc1cc2c(Nc3ccc(OCc4cccc(F)c4)c(Cl)c3)ncnc2cn1
3613,7.031517051446065,nM,CHEMBL3981621,c1ccc(CNc2ncnc3oc(-c4ccccc4)cc23)cc1
3614,6.517698232776557,nM,CHEMBL3982014,Nc1ncnc2c1c(-c1ccc(Oc3ccccc3)cc1)nn2C1CCN(C(=O)/C=C/CN2CCOCC2)CC1
3615,7.721246399047171,nM,CHEMBL3982289,O=C(CCl)OCCn1c(=O)oc2cc3ncnc(Nc4ccc(N5CCOCC5)c(Cl)c4)c3cc21
3616,4.728855682050923,nM,CHEMBL3982407,COc1cc(/C=C2\CCCCC2=O)cc(OC)c1
3617,4.78357016912375,nM,CHEMBL3982602,C=CC(=O)N1CCC(n2c(NC(=O)c3cccc(C(F)(F)F)c3)nc3cc(C)ccc32)CC1
3618,7.346787486224656,nM,CHEMBL3982619,O=C1CS/C(=N/Nc2nncc3ccccc23)N1c1ccccc1
3619,7.935542010773082,nM,CHEMBL3982710,COc1cc(Nc2ncnc3ccc(-c4cn(CCCCCCC(=O)NO)nn4)cc23)ccc1Oc1ccccc1
3620,7.301029995663981,nM,CHEMBL3983201,COc1cc2c(Nc3ccc(Cl)c(Cl)c3)ncnc2cc1OCc1csc(-c2ccc(C(F)(F)F)cc2)n1
3621,5.532687937019448,nM,CHEMBL3983460,COc1cc2c(Nc3ccc(NC(=O)Nc4ccccc4)cc3)ncnc2cc1OCc1ccccc1
3622,8.187086643357144,nM,CHEMBL3983586,Cc1ccc(C(/C=C/c2ccc(F)cc2)=N\Nc2nncc3ccccc23)cc1
3623,6.853871964321762,nM,CHEMBL398388,NC(=O)C1CCN(Cc2ccn3ncnc(Nc4ccc5c(cnn5Cc5cccc(F)c5)c4)c23)CC1
3624,7.0,nM,CHEMBL3984008,C[C@@H](Nc1ncnc2ccc(OCCCCCCC(=O)NO)cc12)c1ccccc1
3625,7.0,nM,CHEMBL3985004,O=C(CCCCCCOc1ccc(-c2cc3c(NCc4ccccc4)ncnc3[nH]2)cc1)NO
3626,6.962573502059376,nM,CHEMBL3985086,C=CC(=O)Nc1cccc(Nc2nc(Nc3ccc(Cn4ccnc4)cc3OC)ncc2Cl)c1
3627,7.187086643357144,nM,CHEMBL3985134,C=CC(=O)Nc1cccc(Oc2nc(Nc3ccc(OC)c(OC)c3OC)ncc2C(F)(F)F)c1
3628,8.744727494896694,nM,CHEMBL3985465,C=CC(=O)N1CC[C@H](Oc2cc3c(Nc4ccc(F)c(Cl)c4F)ncnc3cc2OC)C[C@H]1C(=O)NCCO
3629,3.63320361671327,nM,CHEMBL3985894,Nc1nc(Nc2ccccc2)c2c(n1)-c1ccccc1C2
3630,7.67778070526608,nM,CHEMBL3986103,CCOc1cc2ncnc(Nc3ccc(NS(=O)(=O)c4ccccc4)cc3)c2cc1NC(=O)/C=C/CN1CCCC1
3631,8.259637310505756,nM,CHEMBL3986363,C=CC(=O)Nc1cccc(Nc2nc(Nc3ccc(OC)c(OC)c3OC)ncc2Cl)c1
3632,6.886056647693163,nM,CHEMBL398793,CC1CNCCN(Cc2ccn3ncnc(Nc4ccc5c(cnn5Cc5cccc(F)c5)c4)c23)C1
3633,5.784997292785048,nM,CHEMBL398963,Fc1ccc(Nc2ncnc3ccc(C#Cc4cccs4)cc23)cc1Cl
3634,8.522878745280337,nM,CHEMBL3989970,C=CC(=O)N[C@@H]1CN(c2nc(Nc3cn(C)nc3OC)c3ncn(C)c3n2)C[C@H]1F
3635,8.301029995663981,nM,CHEMBL399371,CCOc1cc2ncnc(/C=C/CCc3ccccc3)c2cc1OCC
3636,7.920818753952375,nM,CHEMBL399372,CCOc1cc2ncnc(C#Cc3nccn3-c3ccccc3)c2cc1OCC
3637,8.3767507096021,nM,CHEMBL399373,CCOc1cc2ncnc(C#C[C@@](C)(Cc3ccccc3)N3CCC(C(=O)O)CC3)c2cc1OCC
3638,6.035740369803151,nM,CHEMBL399735,COc1cc2ncnc(Nc3cccc(C#Cc4ccccc4)c3)c2cc1OC
3639,5.784203867410167,nM,CHEMBL399736,COc1cc2ncnc(Nc3cccc(C#CCO)c3)c2cc1OC
3640,7.024568191490737,nM,CHEMBL399928,CC(O)C#Cc1ccc2ncnc(Nc3ccc(F)c(Cl)c3)c2c1
3641,7.886056647693163,nM,CHEMBL399953,COc1cc2ncnc(C#CC(C)(C)Cc3ccccc3)c2cc1OC
3642,6.6777807052660805,nM,CHEMBL400413,CS(=O)(=O)N1CCCN(Cc2ccn3ncnc(Nc4ccc5c(cnn5Cc5cccc(F)c5)c4)c23)CC1
3643,7.277366077466188,nM,CHEMBL401251,COCCOc1cc2ncc(C#N)c(N[C@@H]3C[C@H]3c3ccccc3)c2cc1OC
3644,7.167491087293763,nM,CHEMBL401443,OC1CCN(Cc2ccn3ncnc(Nc4ccc5c(cnn5Cc5cccc(F)c5)c4)c23)CC1
3645,6.982966660701219,nM,CHEMBL401713,COc1cc(Nc2ncnc3[nH]nc(OCCN4CCC(O)CC4)c23)ccc1OCc1ccccn1
3646,5.795880017344075,nM,CHEMBL401930,Cc1cc(N2CCOCC2)cc2[nH]c(-c3c(NC[C@@H](O)c4cccc(Cl)c4)cc[nH]c3=O)nc12
3647,6.7447274948966935,nM,CHEMBL402011,C[C@@H](Oc1cccc2ncnc(Nc3ccc4c(cnn4Cc4ccccn4)c3)c12)C(=O)N(C)C
3648,7.356547323513813,nM,CHEMBL402113,CO/N=C/c1c(N)ncnc1Nc1ccc2c(cnn2Cc2ccccc2)c1
3649,7.619788758288394,nM,CHEMBL402149,CO/N=C/c1c(N)ncnc1Nc1cccc(Br)c1
3650,7.853871964321762,nM,CHEMBL402293,CC(C)O/N=C/c1c(N)ncnc1Nc1ccc2c(cnn2Cc2cccc(F)c2)c1
3651,8.301029995663981,nM,CHEMBL402294,CCO/N=C/c1c(N)ncnc1Nc1ccc2c(cnn2Cc2cccc(F)c2)c1
3652,7.318758762624412,nM,CHEMBL402316,CO/N=C/c1c(N)ncnc1Nc1ccc2[nH]c(Cc3cccc(F)c3)nc2c1
3653,7.886056647693163,nM,CHEMBL402339,COc1cc(Nc2ncnc3[nH]nc(OCCN4CCC(O)CC4)c23)ccc1OCc1cccc(F)c1
3654,7.15002808767115,nM,CHEMBL402452,Nc1c(O)cccc1Nc1ncnc2ccncc12
3655,8.096910013008056,nM,CHEMBL402553,Clc1cc(Nc2ncnc3[nH]nc(OCCN4CCCC4)c23)ccc1OCc1ccccn1
3656,6.573488738635425,nM,CHEMBL403357,CO/N=C/c1c(N)ncnc1Nc1ccc2c(cnn2Cc2cccc(OC)c2)c1
3657,7.744727494896694,nM,CHEMBL403435,Cc1cc(Nc2ncnc3[nH]nc(OCCN4CCC(O)CC4)c23)ccc1OCc1ccccn1
3658,6.485452247339714,nM,CHEMBL403569,O=C(CO)N1CCC[C@H]1COc1cccc2ncnc(Nc3ccc(OCc4ccccn4)c(Cl)c3)c12
3659,5.58838029403677,nM,CHEMBL403785,C[C@@H](COc1cccc2ncnc(Nc3ccc(OCc4ccccn4)c(Cl)c3)c12)N(C)C(=O)CO
3660,7.886056647693163,nM,CHEMBL404405,OC1CCN(CCOc2n[nH]c3ncnc(Nc4ccc(OCc5ccccn5)c(Cl)c4)c23)CC1
3661,8.489991487059765,nM,CHEMBL405398,Brc1cccc(Nc2ncnc3ccncc23)c1NCCN1CCOCC1
3662,8.819874124835946,nM,CHEMBL405771,O=C(O)CNc1c(Br)cccc1Nc1ncnc2ccncc12
3663,7.389978975335855,nM,CHEMBL405772,Cc1cccc(Nc2ncnc3ccncc23)c1N
3664,4.0,nM,CHEMBL4059610,Oc1ccc(-c2nnc(Cc3nc4ccccc4[nH]3)o2)cc1
3665,8.366531544420413,nM,CHEMBL4060039,C=CC(=O)Nc1cc(Nc2n[nH]c3cc(-c4cccc5ccccc45)ccc23)c(OC)cc1N(C)CCN(C)C
3666,7.92009553233328,nM,CHEMBL406004,OCCN(CCO)c1c(Br)cccc1Nc1ncnc2ccncc12
3667,8.070581074285707,nM,CHEMBL4060103,C=CC(=O)Nc1cc(Nc2n[nH]c3cc(-c4ccc(F)cc4)ccc23)c(OC)cc1N(C)CCN(C)C
3668,8.638272163982407,nM,CHEMBL4060320,NP(=O)(OCCCCCOc1ccc2ncnc(Nc3cccc(Br)c3)c2c1)N(CCCl)CCCl
3669,4.69897000433602,nM,CHEMBL4060383,Nc1nc(N)c2c(n1)[nH]c1cccc(Sc3ccc4ccccc4c3)c12
3670,5.950781977329819,nM,CHEMBL4060821,O=c1c2ccc(Cl)cc2nc(-c2ccccc2)n1-c1nnc(-c2ccccc2)s1
3671,8.522878745280337,nM,CHEMBL4060919,C=CC(=O)N1CCC[C@@H](n2nc(Cc3ccccc3)c3c(N)ncnc32)C1
3672,8.638272163982407,nM,CHEMBL4060996,COc1ccc(N(C)c2nc(C)nc3c(Cc4ccccc4)cn(C)c23)cc1.Cl
3673,7.602059991327963,nM,CHEMBL4061043,C=CC(=O)Nc1cc(Nc2n[nH]c3cc(-c4ccc5ccccc5c4)ccc23)c(OC)cc1N(C)CCN(C)C
3674,7.255707016877324,nM,CHEMBL4061283,CC[C@H](C)[C@@H](NC(=O)OC(C)(C)C)C(=O)Nc1ccc2ncnc(Nc3cccc(Br)c3)c2c1
3675,7.585026652029182,nM,CHEMBL4061382,NP(=O)(OCCCC(=O)Oc1ccc2ncnc(Nc3ccc(OCc4cccc(F)c4)c(Cl)c3)c2c1)N(CCCl)CCCl
3676,8.116906641424311,nM,CHEMBL4061829,OCCc1nc(-c2ccc(F)cc2)c(-c2ccnc3[nH]c(-c4ccccc4)cc23)[nH]1
3677,4.0,nM,CHEMBL4061912,c1coc(-c2nnc(Cc3nc4ccccc4[nH]3)o2)c1
3678,6.330683119433888,nM,CHEMBL4062192,CCC(=O)N1CC[C@H](N2C(=O)N(c3cc(OC)ccc3F)Cc3cnc(Nc4ccc(N5CCCCC5)c(C)c4)nc32)C1
3679,5.740000204918113,nM,CHEMBL406236,CN(C)c1cccc(Nc2ncnc3ccncc23)c1N
3680,7.522878745280337,nM,CHEMBL4062509,C=CC(=O)N1CCC[C@@H](n2nc(-c3ccc(F)cc3)c3c(N)ncnc32)C1
3681,7.570247719997592,nM,CHEMBL4062528,S=C(Nc1ccc2ncnc(Nc3cccc(Br)c3)c2c1)N1CCOCC1
3682,8.769551078621726,nM,CHEMBL4062543,C=CC(=O)NCCSc1nc(-c2ccccc2)c(-c2ccnc(Nc3ccccc3)c2)[nH]1
3683,5.406713932979543,nM,CHEMBL4062617,C=CC(=O)NCc1cccc(-c2nc(C3CC3)c(-c3ccnc4[nH]c(-c5ccccc5)cc34)[nH]2)c1
3684,7.259637310505756,nM,CHEMBL4062722,CSc1nc(-c2ccc(F)cc2)c(-c2ccnc(Nc3cc(F)cc([N+](=O)[O-])c3)c2)[nH]1
3685,9.397940008672036,nM,CHEMBL4062877,Cc1n[nH]c2ccc(-c3cc(N[C@@H](CO)c4ccccc4)cnc3-c3cc(F)ccc3O)cc12
3686,8.212539525481585,nM,CHEMBL4063301,O=C(Nc1ccc2ncnc(Nc3cccc(Cl)c3)c2c1)C1CCCCC1
3687,8.602059991327963,nM,CHEMBL4063421,C=CC(=O)Nc1cccc(-n2c(=O)cc(C)c3cnc(Nc4nc5c(s4)CN(C)CC5)nc32)c1
3688,4.0,nM,CHEMBL4063427,Clc1ccc2nc(Cc3nnc(-c4ccccc4)o3)[nH]c2c1
3689,5.229147988357856,nM,CHEMBL4063701,CCC(=O)N1CCC[C@@H](n2nc(-c3ccc(C(F)(F)F)cc3)c3c(N)ncnc32)C1
3690,7.221848749616356,nM,CHEMBL4063890,COc1cc(Br)c(/C=C2\CN(C)C/C(=C\c3nc(C)c(C)nc3C)C2=O)cc1OC
3691,7.168130225719499,nM,CHEMBL4064224,C=CC(=O)Nc1cccc(-c2c[nH]c3nccc(Cl)c23)c1
3692,7.698970004336019,nM,CHEMBL4064361,COc1cc(Br)c(/C=C2\CN(C)CC(=C\c3nc(C)c(C)nc3C)/C2=N\O)cc1OC
3693,8.744727494896694,nM,CHEMBL4064475,C=CC(=O)Nc1cccc(-n2c(=O)cc(C)c3cnc(Nc4cnn(C5CCN(C)CC5)c4)nc32)c1
3694,7.251811972993799,nM,CHEMBL4064776,O=C(N/N=C/c1ccc(O)cc1)Nc1cc2c(Nc3ccc(F)c(Cl)c3)ncnc2cc1O[C@H]1CCOC1
3695,7.542118103266008,nM,CHEMBL4064937,Cc1cc(Nc2ncc3c(n2)N([C@H]2CCN(C(=O)C4CC4)C2)C(=O)N(c2ccccc2Cl)C3)ccc1N1CCN(C)CC1
3696,9.0,nM,CHEMBL4064942,CN(C)C(=O)CSc1nc(-c2ccc(F)cc2)c(-c2ccnc(Nc3ccccc3)c2)[nH]1
3697,7.991399828238083,nM,CHEMBL4065288,S=C(Nc1cccnc1)Nc1ccc2ncnc(Nc3cccc(Br)c3)c2c1
3698,7.221125527997261,nM,CHEMBL4065300,Fc1cc(F)cc(NC(=S)Nc2ccc3ncnc(Nc4cccc(Cl)c4)c3c2)c1
3699,4.214999998033624,nM,CHEMBL4065301,COc1cccc(-c2nnc(Cc3nc4ccccc4[nH]3)o2)c1OC
3700,6.920818753952375,nM,CHEMBL4065503,Cc1nnc(NC(=S)Nc2ccc3ncnc(Nc4cccc(Cl)c4)c3c2)s1
3701,5.2441251443275085,nM,CHEMBL4066118,c1ccc2c(Cc3nnc(Cc4nc5ccccc5[nH]4)o3)cccc2c1
3702,6.443697499232712,nM,CHEMBL4066141,CCC(=O)N1CC[C@H](N2C(=O)N(c3cc(OC)ccc3Cl)Cc3cnc(Nc4ccc(N5CCN(C6COC6)CC5)c(C)c4)nc32)C1
3703,7.5968794788241825,nM,CHEMBL4066504,Fc1ccc(NC(=S)Nc2ccc3ncnc(Nc4cccc(Br)c4)c3c2)cc1Cl
3704,7.3325470471100465,nM,CHEMBL4066569,C=CC(=O)Nc1cc(Nc2cc(-c3cn(C)c4ccccc34)nc(C)n2)c(OC)cc1N(C)CCN(C)C
3705,6.139482322538254,nM,CHEMBL4066684,Cc1cc(=O)n(-c2ccc(F)cc2)nc1C(=O)Nc1ccc(Oc2ccnc3[nH]ccc23)c(F)c1
3706,7.619969752032169,nM,CHEMBL4066845,CS(=O)(=O)CCNCc1ccc(-c2ccc3ncnc(Nc4ccc(F)c(Cl)c4)c3c2)o1
3707,7.812479279163536,nM,CHEMBL4066951,Nc1cccc(-c2cc3c(-c4[nH]c(-c5ccccc5)nc4-c4ccc(F)cc4)ccnc3[nH]2)c1
3708,6.731422028117157,nM,CHEMBL4067014,C=CC(=O)Nc1cc(Nc2nccc(-n3cc(C)c4ccccc43)n2)c(OC)cc1N(C)CCN(C)C
3709,7.1249387366083,nM,CHEMBL4067255,Fc1ccc(-c2nc(SCCN3CCOCC3)[nH]c2-c2ccnc(Nc3ccccc3)c2)cc1
3710,6.427476902150362,nM,CHEMBL4067373,O=C(Nc1ccc2ncnc(Nc3cccc(Cl)c3)c2c1)C1CCC2(CC1)OOC1(OO2)C2CC3CC(C2)CC1C3
3711,7.31069114087638,nM,CHEMBL4067514,S=C(Nc1ccc2ncnc(Nc3cccc(Br)c3)c2c1)Nc1ccc(Cl)cc1Cl
3712,4.0,nM,CHEMBL4067556,N#CCc1nnc(Cc2nc3ccccc3[nH]2)o1
3713,8.721246399047171,nM,CHEMBL4067871,OC[C@H](Nc1cnc(-c2cc(Cl)ccc2O)c(-c2ccc3cnccc3c2)c1)c1ccccc1
3714,8.698970004336019,nM,CHEMBL4068047,C=CC(=O)Nc1cc(-n2c(=O)cc(C)c3cnc(Nc4ccc(N5CCN(C)CC5)cc4OC)nc32)cc(C(F)(F)F)c1
3715,4.498000009658176,nM,CHEMBL4068254,c1ccc(-c2nnc(Cc3nc4ccccc4[nH]3)o2)cc1
3716,6.318758762624412,nM,CHEMBL406845,CC(C)(C)n1nc(-c2ccc(Cl)cc2)c2c(N)ncnc21
3717,4.184422251675733,nM,CHEMBL4068814,CC(=O)c1ccccc1-c1nnc(Cc2nc3ccccc3[nH]2)o1
3718,8.522878745280337,nM,CHEMBL4069003,NP(=O)(OCCCOc1ccc2ncnc(Nc3cccc(Br)c3)c2c1)N(CCCl)CCCl
3719,5.366531544420414,nM,CHEMBL4069070,COc1ccc(OC)c(Sc2cccc3[nH]c4nc(N)nc(N)c4c23)c1
3720,6.527243550682788,nM,CHEMBL4069229,C=CC(=O)Nc1cccc(-c2c[nH]c3nccc(-c4[nH]c(CCCO)nc4C(F)(F)F)c23)c1
3721,5.072116589669294,nM,CHEMBL4069284,CCC(=O)Nc1cc(Nc2n[nH]c3ccccc23)ccc1N(C)CCN(C)C
3722,6.920818753952375,nM,CHEMBL4069586,C=CC(=O)N1CCC[C@@H](n2nc(C#CCC3CCCC3)c3c(N)ncnc32)C1
3723,7.473660722610156,nM,CHEMBL4069672,COc1ccc2c(c1)CCCN2c1nc(C)nc2c(Cc3ccccc3)c[nH]c12.Cl
3724,8.481486060122112,nM,CHEMBL4070053,NP(=O)(OCCCC(=O)Oc1ccc2ncnc(Nc3cccc(Br)c3)c2c1)N(CCCl)CCCl
3725,7.950781977329818,nM,CHEMBL4070454,Oc1ccc(-c2nc(-c3ccccc3)c(-c3ccnc4[nH]c(-c5ccccc5)cc34)[nH]2)cc1
3726,8.494850021680094,nM,CHEMBL4071058,CC(C)(C)OC(=O)NCC(=O)Nc1ccc2ncnc(Nc3cccc(Br)c3)c2c1
3727,6.161150909262745,nM,CHEMBL4071151,C#Cc1nn([C@@H]2CCCN(C(=O)C=C)C2)c2ncnc(N)c12
3728,7.54821356447571,nM,CHEMBL4071170,S=C(NCc1ccc(Cl)cc1)Nc1ccc2ncnc(Nc3cccc(Br)c3)c2c1
3729,8.721246399047171,nM,CHEMBL4071180,CN(C)C/C=C/C(=O)NCCSc1nc(-c2ccc(F)cc2)c(-c2ccnc(Nc3ccccc3)c2)[nH]1
3730,7.958607314841775,nM,CHEMBL4071368,C=CC(=O)Nc1cc(Nc2cc(-c3[nH]c(SC)nc3-c3ccc(F)cc3)ccn2)cc(N2CCN(C)CC2)c1
3731,8.795880017344075,nM,CHEMBL4071463,C=CC(=O)Nc1cc(Nc2n[nH]c3cc(-c4cccc(F)c4)ccc23)c(OC)cc1N(C)CCN(C)C
3732,5.886056647693163,nM,CHEMBL4071494,Oc1ccc(-c2nc(-c3ccco3)c(-c3ccnc4[nH]c(-c5ccccc5)cc34)[nH]2)cc1
3733,8.481486060122112,nM,CHEMBL4072048,C=CC(=O)Nc1cccc(-n2c(=O)cc(C)c3cnc(Nc4ccc(N5CC(C)N(C)C(C)C5)cc4OC)nc32)c1
3734,8.522878745280337,nM,CHEMBL4072299,C=CC(=O)N1CCC[C@@H](n2nc(-c3ccc(O)cc3)c3c(N)ncnc32)C1
3735,7.326979092871104,nM,CHEMBL4072383,COc1ccc2c(c1)CCCN2c1nc(N)nc2c(Cc3ccccc3)c[nH]c12
3736,6.142667503568732,nM,CHEMBL4072392,CC(=O)c1ccccc1-n1c(-c2ccccc2)nc2cc(Cl)ccc2c1=O
3737,6.51999305704285,nM,CHEMBL4072688,CCC(=O)N1CC[C@H](N2C(=O)N(c3cc(OC)ccc3F)Cc3cnc(Nc4ccc(N5CCN(C6COC6)CC5)c(C)c4)nc32)C1
3738,7.434152181326482,nM,CHEMBL4072769,Cc1cccc(Nc2ncnc3ccc(NC(=S)NCc4ccccc4)cc23)c1
3739,8.10790539730952,nM,CHEMBL4072874,C=CC(=O)Nc1cccc(-c2c[nH]c3nccc(-c4[nH]c(-c5ccccc5)nc4-c4ccc(F)cc4)c23)c1
3740,6.875821944525325,nM,CHEMBL4072928,S=C(Nc1ccc(Cl)c(Cl)c1)Nc1ccc2ncnc(Nc3cccc(Br)c3)c2c1
3741,6.920818753952375,nM,CHEMBL4072986,S=C(Nc1ccc2ncnc(Nc3cccc(Cl)c3)c2c1)Nc1ncc(Cl)s1
3742,6.360214787013181,nM,CHEMBL4073062,C=CC(=O)N1CC[C@@H](n2c(=O)cc(C)c3cnc(Nc4ccc(N5CCN(C)CC5)cc4OC)nc32)C1
3743,4.0,nM,CHEMBL4073285,O=C(O)c1ccccc1-c1nnc(Cc2nc3ccccc3[nH]2)o1
3744,9.382741358243656,nM,CHEMBL40734,Brc1cccc(Nc2ncnc3cc4[nH]ccc4cc23)c1
3745,8.343901797987169,nM,CHEMBL4073595,COc1cc2c(Nc3ccc(OCc4cccc(F)c4)c(Cl)c3)ncnc2cc1OCCCN1C[C@H](O)[C@@H](O)[C@H](O)[C@H]1CO
3746,6.657577319177793,nM,CHEMBL4073874,CN(C)C/C=C/C(=O)N1CCC[C@@H](n2nc(-c3ccccc3)c3c(N)ncnc32)C1
3747,6.863279432843593,nM,CHEMBL4073912,FC(F)(F)c1csc(NC(=S)Nc2ccc3ncnc(Nc4cccc(Cl)c4)c3c2)n1
3748,7.698970004336019,nM,CHEMBL4073960,C=CC(=O)N1CCC[C@@H](n2nc(-c3ccc(F)c4ccccc34)c3c(N)ncnc32)C1
3749,6.542118103266008,nM,CHEMBL4074248,NCCn1c(-c2ccccc2)nc2cc(Cl)ccc2c1=O
3750,4.133999981172325,nM,CHEMBL4074726,c1ccc(-c2nnc(Cc3nc4ccccc4[nH]3)o2)nc1
3751,6.335358024443875,nM,CHEMBL4074766,C=CC(=O)Nc1cc(Nc2n[nH]c3ccccc23)c(OC)cc1N(C)CCN(C)C
3752,4.401209493236885,nM,CHEMBL4074782,Cc1ccccc1-c1nnc(Cc2nc3ccccc3[nH]2)o1
3753,6.6777807052660805,nM,CHEMBL4075015,C=CC(=O)N1CCC[C@@H](n2nc(-c3ccc(N(C)C)c4ccccc34)c3c(N)ncnc32)C1
3754,8.022276394711152,nM,CHEMBL4075103,NS(=O)(=O)c1ccc(NC(=S)Nc2ccc3ncnc(Nc4cccc(Br)c4)c3c2)cc1
3755,5.508638306165728,nM,CHEMBL4075241,COc1cc(Cl)c(/C=C2\CN(C(C)C)C/C(=C\c3nc(C)c(C)nc3C)C2=O)cc1OC
3756,6.107905397309519,nM,CHEMBL407534,O=C(O)/C=C/c1cc(CO)ccc1CO
3757,8.050609993355087,nM,CHEMBL4075530,Oc1ccc(NC(=S)Nc2ccc3ncnc(Nc4cccc(Br)c4)c3c2)cc1
3758,4.0,nM,CHEMBL4075892,c1csc(-c2nnc(Cc3nc4ccccc4[nH]3)o2)c1
3759,6.17000191130262,nM,CHEMBL407591,COc1ccc(Nc2ncnc3ccncc23)c(N)c1
3760,8.886056647693163,nM,CHEMBL4075917,Cc1n[nH]c2ccc(-c3cc(N[C@@H](CO)c4ccccc4)cnc3-c3ccc(F)cc3O)cc12
3761,7.920818753952375,nM,CHEMBL4076363,NCCCSc1nc(-c2ccc(F)cc2)c(-c2ccnc(Nc3ccccc3)c2)[nH]1
3762,6.543633966870957,nM,CHEMBL4076405,CCC(=O)N1CC[C@H](N2C(=O)N(c3cc(OC)ccc3F)Cc3cnc(Nc4ccc(N5CCC(N(C)C)CC5)c(C)c4)nc32)C1
3763,7.801342913045578,nM,CHEMBL4076434,S=C(Nc1ccccc1)Nc1ccc2ncnc(Nc3cccc(Br)c3)c2c1
3764,5.886056647693163,nM,CHEMBL4076515,CCC(=O)N1CC[C@H](N2C(=O)N(c3cc(OC)ccc3F)Cc3cnc(Nc4ccc(N(C)CCN(C)C)c(C)c4)nc32)C1
3765,8.2518119729938,nM,CHEMBL4076854,C=CC(=O)Nc1ccc(OC)c(Nc2cc(-c3cnc(SC)[nH]3)ccn2)c1
3766,6.058488567365597,nM,CHEMBL4077064,C=CC(=O)N1CCc2ccc(-n3c(=O)ccc4cnc5ccc(-c6cnn(C)c6)cc5c43)cc21
3767,6.554395796726403,nM,CHEMBL4077228,CCC(=O)Nc1cccc(-c2c[nH]c3nccc(-c4[nH]c(CCCO)nc4-c4ccc(F)cc4)c23)c1
3768,6.107905397309519,nM,CHEMBL4077349,O=C(Nn1c(-c2ccccc2)nc2ccccc2c1=O)c1ccc(Br)cc1
3769,6.834755673874689,nM,CHEMBL4077419,S=C(Nc1cc(Cl)cc(Cl)c1)Nc1ccc2ncnc(Nc3cccc(Br)c3)c2c1
3770,6.886056647693163,nM,CHEMBL4077608,FC(F)(F)c1nnc(NC(=S)Nc2ccc3ncnc(Nc4cccc(Cl)c4)c3c2)s1
3771,7.728158393463501,nM,CHEMBL4077917,CCC(=O)Nc1cccc(-c2cc3c(-c4[nH]c(-c5ccccc5)nc4-c4ccc(F)cc4)ccnc3[nH]2)c1
3772,4.076238039171301,nM,CHEMBL4077930,COc1cc2ncnc(Oc3ccc(NC(=O)Nc4cccc(C(F)(F)F)c4)c4ccccc34)c2cc1OC
3773,8.036212172654444,nM,CHEMBL4077956,NP(=O)(Oc1ccc2ncnc(Nc3cccc(Br)c3)c2c1)N(CCCl)CCCl
3774,7.657577319177793,nM,CHEMBL4077973,C=CC(=O)Nc1cc(Nc2cc(-c3cn4c5c(cccc35)CCC4)nc(OC)n2)c(OC)cc1N(C)CCN(C)C
3775,7.698970004336019,nM,CHEMBL4078023,Cc1nc(C)c(/C=C2\CN(C)C/C(=C\c3nc(C)c(C)nc3C)C2=NO)nc1C
3776,8.744727494896694,nM,CHEMBL4078120,C=CC(=O)Nc1cc(C)cc(-n2c(=O)cc(C)c3cnc(Nc4ccc(N5CCN(C)CC5)cc4OC)nc32)c1
3777,7.686132779630847,nM,CHEMBL4078182,S=C(Nc1cccc(Cl)c1)Nc1ccc2ncnc(Nc3cccc(Br)c3)c2c1
3778,9.522878745280336,nM,CHEMBL4078431,COc1cc2ncnc(Nc3cccc(Br)c3)c2cc1OCCCOP(N)(=O)N(CCCl)CCCl
3779,8.481486060122112,nM,CHEMBL4078914,C=CC(=O)Nc1cc(-n2c(=O)cc(C)c3cnc(Nc4ccc(N5CC(C)N(C)C(C)C5)cc4OC)nc32)cc(C(F)(F)F)c1
3780,6.58838029403677,nM,CHEMBL4078920,C=CC(=O)Nc1cccc(-c2c[nH]c3nccc(-c4[nH]c(CCCO)nc4C4CC4)c23)c1
3781,6.661543506395395,nM,CHEMBL4078973,CCC(=O)N1CC[C@H](N2C(=O)N(c3cc(OC)ccc3F)Cc3cnc(Nc4ccc(N5CC6(CCN(C)CC6)C5)c(C)c4)nc32)C1
3782,5.432000211118571,nM,CHEMBL4079125,Clc1ccc(-c2nnc(Cc3nc4ccccc4[nH]3)o2)c(Cl)c1
3783,6.991399828238083,nM,CHEMBL4079183,O=c1c2ccc(Cl)cc2nc(-c2ccccc2)n1-c1nnc(C2CC2)s1
3784,8.602059991327963,nM,CHEMBL4079393,C=CC(=O)Nc1cccc(Nc2cc(-c3[nH]c(SCCNC(=O)CC)nc3-c3ccccc3)ccn2)c1
3785,8.301029995663981,nM,CHEMBL4079501,C=CC(=O)Nc1cc(Nc2n[nH]c3cc(-c4ccncc4)ccc23)c(OC)cc1N(C)CCN(C)C
3786,7.970210529168145,nM,CHEMBL4079553,COc1cc2ncnc(Nc3ccc(F)c(Cl)c3)c2cc1OCCCN1C[C@H](O)[C@@H](O)[C@H](O)[C@H]1CO
3787,8.568636235841012,nM,CHEMBL4079566,C=CC(=O)Nc1cc(Nc2n[nH]c3ccc(-c4cccc5ccccc45)cc23)c(OC)cc1N(C)CCN(C)C
3788,8.142667503568731,nM,CHEMBL4079768,C#Cc1cccc(Nc2ncnc3ccc(OCCCOP(N)(=O)N(CCCl)CCCl)cc23)c1
3789,5.080921907623926,nM,CHEMBL4079829,Nc1nc(N)c2c(n1)[nH]c1cccc(Sc3ccc(Cl)cc3)c12
3790,8.619788758288394,nM,CHEMBL4079861,C=CC(=O)Nc1cc(C(C)C)cc(-n2c(=O)cc(C)c3cnc(Nc4ccc(N5CCN(C)CC5)cc4OC)nc32)c1
3791,8.173925197299173,nM,CHEMBL4080008,C=CC(=O)Nc1cc(Nc2nccc(-c3cn4c5c(cccc35)CCC4)n2)c(OC)cc1N1CC(CN(C)C)C1
3792,7.823908740944319,nM,CHEMBL4080424,C=CC(=O)Nc1cc(Nc2n[nH]c3cc(-c4cccnc4)ccc23)c(OC)cc1N(C)CCN(C)C
3793,7.196542884351587,nM,CHEMBL4080711,Oc1cccc(Nc2ncnc3ccc(NC(=S)NCc4ccccc4)cc23)c1
3794,9.30102999566398,nM,CHEMBL4080720,COc1cc2ncnc(Nc3ccc(F)c(Cl)c3)c2cc1OCCCOP(N)(=O)N(CCCl)CCCl
3795,7.928117992693875,nM,CHEMBL4080934,C=CC(=O)Nc1cc(Nc2nccc(-c3cn4c5c(cccc35)CCC4)n2)c(OC)cc1N1CC(CCN(C)C)C1
3796,5.430000267796055,nM,CHEMBL408105,COc1cc2ncnc(Nc3ccccc3N)c2cn1
3797,6.368860749743189,nM,CHEMBL4081429,C=CC(=O)Nc1cc(Nc2nccc(-c3cn4c5c(cccc35)CCC4)n2)c(OC)cc1N1CCNC(=O)C1
3798,5.327902142064284,nM,CHEMBL4081698,CCC(=O)N1CCC[C@@H](n2nc(-c3ccccc3)c3c(N)ncnc32)C1
3799,7.649751981665837,nM,CHEMBL4081703,C=CC(=O)Nc1cccc(Oc2nc(Nc3ccc(/C=C/c4cc(C)cc(C)c4)cc3)ncc2Cl)c1
3800,5.721246399047171,nM,CHEMBL4081727,COc1cc(Br)c(/C=C2\CC(C)C/C(=C\c3nc(C)c(C)nc3C)C2=O)cc1OC
3801,7.397940008672037,nM,CHEMBL4081732,N#CCCSc1nc(-c2ccc(F)cc2)c(-c2ccnc(Nc3ccccc3)c2)[nH]1
3802,8.585026652029182,nM,CHEMBL4081860,NCCSc1nc(-c2ccc(F)cc2)c(-c2ccnc(Nc3ccccc3)c2)[nH]1
3803,8.346787486224656,nM,CHEMBL4082000,C=CC(=O)Nc1cc(Nc2n[nH]c3cc(-c4cccc(C(F)(F)F)c4)ccc23)c(OC)cc1N(C)CCN(C)C
3804,8.3767507096021,nM,CHEMBL4082515,C=CC(=O)Nc1cccc(-n2c(=O)cc(C)c3cnc(Nc4cnn(CCN(C)C)c4)nc32)c1
3805,7.962573502059376,nM,CHEMBL4082763,C=CC(=O)Nc1cc(Nc2cc(-c3cn(C)c4ccccc34)nc(OC)n2)c(OC)cc1N(C)CCN(C)C
3806,6.795880017344075,nM,CHEMBL4082764,NCc1cccc(-c2nc(-c3ccc(F)cc3)c(-c3ccnc4[nH]c(-c5ccccc5)cc34)[nH]2)c1
3807,7.023558310621156,nM,CHEMBL4082840,O=C(Nc1ccc2ncnc(Nc3cccc(Cl)c3)c2c1)C1CCC2(CC1)OCC1(OO2)C2CC3CC(C2)CC1C3
3808,7.795880017344075,nM,CHEMBL4082884,C=CC(=O)Nc1ccc(OC)c(Nc2cc(-c3[nH]c(SC)nc3C(C)(C)C)ccn2)c1
3809,6.679853713888946,nM,CHEMBL4083224,CCC(=O)N1CC[C@H](N2C(=O)N(c3cc(OC)ccc3F)Cc3cnc(Nc4ccc(N5CCCN(C)CC5)c(C)c4)nc32)C1
3810,4.0,nM,CHEMBL4083305,c1cncc(-c2nnc(Cc3nc4ccccc4[nH]3)o2)c1
3811,4.916497380169733,nM,CHEMBL4083467,Cc1nnc(-n2c(-c3ccccc3)nc3cc(Cl)ccc3c2=O)s1
3812,8.638272163982407,nM,CHEMBL4083486,C=CC(=O)Nc1cc(-n2c(=O)cc(C)c3cnc(Nc4ccc(N5CCN(C)CC5)cc4OC)nc32)ccc1C
3813,4.478999944456241,nM,CHEMBL4083493,Clc1ccc2nc(Cc3nnc(-c4ccccc4Cl)o3)[nH]c2c1
3814,5.320000083770781,nM,CHEMBL408351,Nc1cc(C(F)(F)F)ccc1Nc1ncnc2ccncc12
3815,7.397940008672037,nM,CHEMBL4083642,Cc1nc(C)c(/C=C2\CN(C)C/C(=C\c3nc(C)c(C)nc3C)C2=O)nc1C
3816,5.14086170270547,nM,CHEMBL4083815,O=c1c2ccccc2nc(-c2ccccc2)n1-c1nnc(-c2ccccc2Cl)s1
3817,8.580044251510243,nM,CHEMBL408397,CN(CCO)c1c(Br)cccc1Nc1ncnc2ccncc12
3818,9.20999647960951,nM,CHEMBL408399,O=C(O)CCNc1c(Br)cccc1Nc1ncnc2ccncc12
3819,5.4685210829577455,nM,CHEMBL4084214,CCC(=O)N1CCC[C@@H](n2nc(-c3cccc(F)c3)c3c(N)ncnc32)C1
3820,6.841637507904751,nM,CHEMBL4084248,C=CC(=O)NCCSc1nc(-c2ccc(F)c(C(F)(F)F)c2)c(-c2ccnc(Nc3ccccc3)c2)[nH]1
3821,7.008995559669245,nM,CHEMBL4084249,COc1ccc(-c2nnc(Cc3nc4ccccc4[nH]3)o2)cc1
3822,8.366531544420413,nM,CHEMBL4084847,NP(=O)(OCCOc1ccc2ncnc(Nc3cccc(Br)c3)c2c1)N(CCCl)CCCl
3823,7.5934598195660445,nM,CHEMBL4084868,Cc1cc(Nc2ncc3c(n2)N([C@H]2CCN(C(=O)C4CCCC4)C2)C(=O)N(c2ccccc2Cl)C3)ccc1N1CCN(C)CC1
3824,6.008999993530387,nM,CHEMBL4084996,Clc1ccc(-c2nnc(Cc3nc4ccc(Cl)cc4[nH]3)o2)cc1
3825,7.2168113089247425,nM,CHEMBL4085352,FC(F)(F)c1cccc(NC(=S)Nc2ccc3ncnc(Nc4cccc(Br)c4)c3c2)c1
3826,4.876148359032914,nM,CHEMBL408565,O=C1Nc2ccccc2/C1=C/c1cc2c([nH]1)CCC(Br)C2
3827,8.795880017344075,nM,CHEMBL4085842,C=CC(=O)Nc1cc(Nc2cc(-c3cn(C)c4ccccc34)ncn2)c(OC)cc1N(C)CCN(C)C
3828,5.23047497982895,nM,CHEMBL4085868,C=CC(=O)Nc1cc(Nc2cc(-c3cccc(NC(=O)c4ccc(N(C)C)cc4)c3C)cn(C)c2=O)ccc1C(=O)N1CCOCC1
3829,5.537602002101044,nM,CHEMBL4085902,COc1cc(Br)c(/C=C2\CC(C)CC(=C\c3nc(C)c(C)nc3C)/C2=N/O)cc1OC
3830,8.853871964321762,nM,CHEMBL4086000,C=CC(=O)Nc1cccc(-n2c(=O)cc(C)c3cnc(Nc4ccc(N5CCN(C)CC5)nc4)nc32)c1
3831,8.747146969020108,nM,CHEMBL4086056,COc1cc2c(Nc3ccc(F)c(Cl)c3)ncnc2cc1OCCCN1C[C@H](O)[C@@H](O)[C@H](O)[C@H]1CO
3832,7.602059991327963,nM,CHEMBL4086078,C=CC(=O)N1CCC(Sc2nc(-c3ccc(F)cc3)c(-c3ccnc(Nc4ccccc4)c3)[nH]2)C1
3833,8.049976093476674,nM,CHEMBL408647,CN(C)CCCNc1c(Br)cccc1Nc1ncnc2ccncc12
3834,7.255707016877324,nM,CHEMBL4086559,C=CC(=O)Nc1cc(Nc2ncnc(-c3cn(C)c4ccccc34)c2OC)c(OC)cc1N(C)CCN(C)C
3835,4.0,nM,CHEMBL4086731,Cc1ccc(-c2nnc(Cc3nc4ccccc4[nH]3)o2)cc1
3836,6.529148675473882,nM,CHEMBL4086821,CCC(=O)N1CC[C@H](N2C(=O)N(c3cc(OC)ccc3F)Cc3cnc(Nc4ccc(N5CCC6(CCN(C)C6)C5)c(C)c4)nc32)C1
3837,6.3979400086720375,nM,CHEMBL408683,NC(=O)CN1CCC(n2cc(-c3cccc(O)c3)c3c(N)ncnc32)C1
3838,8.0,nM,CHEMBL4086878,C=CC(=O)Nc1ccc(OC)c(Nc2cc(-c3[nH]c(SC)nc3C)ccn2)c1
3839,6.853871964321762,nM,CHEMBL4087241,CC(C)C[C@@H](NC(=O)OC(C)(C)C)C(=O)Nc1ccc2ncnc(Nc3ccc(F)c(Cl)c3)c2c1
3840,8.481486060122112,nM,CHEMBL4087268,C=CC(=O)Nc1cccc(Nc2cc(-c3[nH]c(SC)nc3-c3ccc(F)cc3)ccn2)c1
3841,8.221848749616356,nM,CHEMBL4087646,NP(=O)(OCCCCOc1ccc2ncnc(Nc3ccc(F)c(Cl)c3)c2c1)N(CCCl)CCCl
3842,6.698970004336019,nM,CHEMBL4087709,COc1cc2cnnc(Nc3ccc(Cl)cc3F)c2cc1OC
3843,9.096910013008056,nM,CHEMBL4087740,C=CC(=O)Nc1cc(F)cc(-n2c(=O)cc(C)c3cnc(Nc4ccc(N5CCN(C)CC5)cc4OC)nc32)c1
3844,4.334419008982047,nM,CHEMBL4087921,c1ccc(OCc2nnc(Cc3nc4ccccc4[nH]3)o2)cc1
3845,7.466482137983032,nM,CHEMBL4088135,C#Cc1cccc(Nc2ncnc3ccc(-c4ccc(CNCCS(C)(=O)=O)o4)cc23)c1
3846,6.893469146177619,nM,CHEMBL4088200,O=C(Nc1ccc2nccc(Nc3cccc(Cl)c3)c2c1)C1CCC2(CC1)OOC1(O2)C2CC3CC(C2)CC1C3
3847,8.958607314841775,nM,CHEMBL4088277,C=CC(=O)Nc1cc(Nc2n[nH]c3cc(-c4cncc5ccccc45)ccc23)c(OC)cc1N(C)CCN(C)C
3848,3.776504059037606,nM,CHEMBL4088617,Nc1nc(N)c2c(n1)[nH]c1cccc(Sc3cccc4ccccc34)c12
3849,7.764471553092451,nM,CHEMBL4088718,S=C(NCc1ccccc1)Nc1ccc2ncnc(Nc3cccc(Br)c3)c2c1
3850,7.450996737974212,nM,CHEMBL4088760,S=C(Nc1ccc(Br)cc1)Nc1ccc2ncnc(Nc3cccc(Br)c3)c2c1
3851,7.61261017366127,nM,CHEMBL4088971,OCCCc1nc(-c2ccc(F)cc2)c(-c2ccnc3[nH]ccc23)[nH]1
3852,8.309803919971486,nM,CHEMBL4089279,C=CC(=O)NCc1cccc(Nc2cc(-c3[nH]c(SC)nc3-c3ccc(F)cc3)ccn2)c1
3853,7.804377056413063,nM,CHEMBL4089347,C#Cc1cccc(Nc2ncnc3ccc(-c4ccc(CO)o4)cc23)c1
3854,7.657577319177793,nM,CHEMBL4089601,C=CC(=O)NCCCSc1nc(-c2ccc(F)cc2)c(-c2ccnc(Nc3ccccc3)c2)[nH]1
3855,8.958607314841775,nM,CHEMBL4089863,C=CC(=O)Nc1cc(Nc2n[nH]c3ccc(-c4ccc5ccccc5c4)cc23)c(OC)cc1N(C)CCN(C)C
3856,8.130768280269024,nM,CHEMBL4090083,NP(=O)(OCCCCOc1ccc2ncnc(Nc3cccc(Br)c3)c2c1)N(CCCl)CCCl
3857,4.0,nM,CHEMBL4090323,Fc1ccc(-c2nnc(Cc3nc4ccccc4[nH]3)o2)cc1
3858,5.5807052782465405,nM,CHEMBL4090330,C=CC(=O)Nc1cc(Nc2n[nH]c3ccccc23)ccc1N(C)CCN(C)C
3859,8.130181792020672,nM,CHEMBL4090582,CN(C)C/C=C/C(=O)NCc1cccc(-c2nc(-c3ccc(F)cc3)c(-c3ccnc4[nH]c(-c5ccccc5)cc34)[nH]2)c1
3860,8.154901959985743,nM,CHEMBL4090686,CCC(=O)Nc1ccc(OC)c(Nc2cc(-c3[nH]c(CCCO)nc3-c3ccc(F)cc3)ccn2)c1
3861,6.838631997765026,nM,CHEMBL4091010,CC(C)C[C@@H](NC(=O)OC(C)(C)C)C(=O)Nc1ccc2ncnc(Nc3cccc(Br)c3)c2c1
3862,6.879097182385474,nM,CHEMBL4091166,O=C(Nc1ccc2nccc(Nc3cccc(Cl)c3)c2c1)C1CCC2(CC1)OCC1(OO2)C2CC3CC(C2)CC1C3
3863,8.920818753952375,nM,CHEMBL4091276,C=CC(=O)Nc1cccc(-n2c(=O)cc(C)c3cnc(Nc4ccc(N5CCN(C)C(C)C5)cc4OC)nc32)c1
3864,4.0,nM,CHEMBL4091284,Clc1ccc2nc(Cc3nnc(Cc4ccccc4)o3)[nH]c2c1
3865,8.958607314841775,nM,CHEMBL4091569,OCCSc1nc(-c2ccc(F)cc2)c(-c2ccnc(Nc3ccccc3)c2)[nH]1
3866,7.958607314841775,nM,CHEMBL4091626,C#Cc1cccc(Nc2ncnc3ccc(OCCCCOP(N)(=O)N(CCCl)CCCl)cc23)c1
3867,7.943095148663527,nM,CHEMBL4091921,S=C(NCc1ccccc1)Nc1ccc2ncnc(Nc3cccc(Cl)c3)c2c1
3868,7.698970004336019,nM,CHEMBL4091966,C=CC(=O)N1CCC[C@@H](n2nc(I)c3c(N)ncnc32)C1
3869,7.119186407719209,nM,CHEMBL4092003,CC(=O)CCCSc1nc(-c2ccc(F)cc2)c(-c2ccnc(Nc3ccccc3)c2)[nH]1
3870,5.99097425791309,nM,CHEMBL4092491,CC(C)[C@@H](NC(=O)OC(C)(C)C)C(=O)Nc1ccc2ncnc(Nc3cccc(C(F)(F)F)c3)c2c1
3871,8.040958607678906,nM,CHEMBL4092951,CNC(=S)Nc1ccc2ncnc(Nc3cccc(Br)c3)c2c1
3872,7.255707016877324,nM,CHEMBL4092966,S=C(Nc1cncc(Cl)c1)Nc1ccc2ncnc(Nc3cccc(Cl)c3)c2c1
3873,7.774690718274137,nM,CHEMBL4092990,C=CC(=O)Nc1ccc(CN(C(=O)Nc2c(Cl)c(OC)cc(OC)c2Cl)c2cc(Nc3ccc(N4CCN(C)CC4)cc3)ncn2)cc1
3874,6.949233688766958,nM,CHEMBL4093114,Fc1c(NC(=S)Nc2ccc3ncnc(Nc4cccc(Br)c4)c3c2)cccc1C(F)(F)F
3875,5.309803919971486,nM,CHEMBL4093642,COc1cc(Br)c(/C=C2\CN(C(C)C)CC(=C\c3nc(C)c(C)nc3C)/C2=N/O)cc1OC
3876,7.037157318798758,nM,CHEMBL4093766,C=CC(=O)N1CC[C@H](n2c(=O)cc(C)c3cnc(Nc4ccc(N5CCN(C)CC5)cc4OC)nc32)C1
3877,7.076652343502174,nM,CHEMBL4094174,O=C(Nc1ccc2ncnc(Nc3cccc(Cl)c3)c2c1)C1CCC2(CC1)OOC1(CCCCC1)OO2
3878,7.493494967595128,nM,CHEMBL4094438,C=CC(=O)Nc1cccc(-c2cc3c(-c4[nH]c(-c5ccccc5)nc4-c4ccc(F)cc4)ccnc3[nH]2)c1
3879,5.346999859889158,nM,CHEMBL4094471,Clc1ccccc1-c1nnc(Cc2nc3ccccc3[nH]2)o1
3880,5.795880017344075,nM,CHEMBL4094527,C=CC(=O)N1CCC[C@@H](n2ncc3c(N)ncnc32)C1
3881,5.619788758288394,nM,CHEMBL4094546,Cc1nc(C)c(/C=C2\CC(C)C/C(=C\c3nc(C)c(C)nc3C)C2=NO)nc1C
3882,4.154999997519169,nM,CHEMBL4094647,Nc1ccc(O)c(-c2nnc(Cc3nc4ccccc4[nH]3)o2)c1
3883,7.490125714995281,nM,CHEMBL4094823,O=C(Nc1ccc2ncnc(Nc3cccc(Cl)c3)c2c1)C1CCC2(CC1)OOC1(O2)C2CC3CC(C2)CC1C3
3884,8.301029995663981,nM,CHEMBL4094927,CCC(=O)Nc1ccc(OC)c(Nc2cc(-c3[nH]c(SC)nc3-c3ccc(F)cc3)ccn2)c1
3885,8.610924374808178,nM,CHEMBL4094959,C=CC(=O)N1CCC[C@@H](n2nc(-c3cn(C)c4ccccc34)c3c(N)ncnc32)C1
3886,4.301029995663981,nM,CHEMBL4095195,Cc1ccccc1Cc1nnc(Cc2nc3ccccc3[nH]2)o1
3887,6.1919917000896,nM,CHEMBL4095253,C=CS(=O)(=O)N1CCC[C@@H]1Cn1cc(-c2ccc3c(c2)OCO3)c2c(N)ncnc21
3888,8.744727494896694,nM,CHEMBL4095439,C=CC(=O)Nc1cc(Br)cc(-n2c(=O)cc(C)c3cnc(Nc4ccc(N5CCN(C)CC5)cc4OC)nc32)c1
3889,4.6020599913279625,nM,CHEMBL4095623,c1ccc(Cc2nnc(Cc3nc4ccccc4[nH]3)o2)cc1
3890,8.920818753952375,nM,CHEMBL4096021,C=CC(=O)Nc1cc(Nc2cc(-c3cn4c5c(cccc35)CCC4)ncn2)c(OC)cc1N(C)CCN(C)C
3891,5.163486001109328,nM,CHEMBL4096207,C=CC(=O)Nc1cc(Nc2cc(-c3cccc(NC(=O)c4cc5c(s4)CCCC5)c3C)cn(C)c2=O)ccc1C(=O)N1CCOCC1
3892,4.681936665037239,nM,CHEMBL4096329,COc1ccc(Sc2cccc3[nH]c4nc(N)nc(N)c4c23)cc1
3893,8.958607314841775,nM,CHEMBL4096980,C=CC(=O)Nc1ccc(OC)c(Nc2cc(-c3[nH]c(SC)nc3-c3ccc4ccccc4c3)ccn2)c1
3894,6.665546248849069,nM,CHEMBL4096988,CCC(=O)N1CC[C@H](N2C(=O)N(c3cc(OC)ccc3F)Cc3cnc(Nc4ccc(N5C[C@H]6CN(C)C[C@H]6C5)c(C)c4)nc32)C1
3895,8.309803919971486,nM,CHEMBL4097141,C=CC(=O)Nc1cc(Nc2nccc(-c3cn4c5c(cccc35)CCC4)n2)c(OC)cc1N1CC(N(C)C)C1
3896,7.1249387366083,nM,CHEMBL4097216,NP(=O)(OCCCOc1ccc2ncnc(Nc3ccc(OCc4cccc(F)c4)c(Cl)c3)c2c1)N(CCCl)CCCl
3897,8.060480747381382,nM,CHEMBL4097245,NP(=O)(OCCCC(=O)Oc1ccc2ncnc(Nc3ccc(F)c(Cl)c3)c2c1)N(CCCl)CCCl
3898,8.075720713938118,nM,CHEMBL4097369,O=C(Nc1ccc2ncnc(Nc3cccc(Br)c3)c2c1)c1ccco1
3899,8.698970004336019,nM,CHEMBL4097594,C=CC(=O)Nc1cc(Nc2n[nH]c3ccc(-c4ccc(F)cc4)cc23)c(OC)cc1N(C)CCN(C)C
3900,7.627087997029894,nM,CHEMBL4097627,Oc1cccc(-c2nc(-c3ccc(F)cc3)c(-c3ccnc4[nH]c(-c5ccccc5)cc34)[nH]2)c1
3901,8.244125144327509,nM,CHEMBL4097795,NP(=O)(OCCCOc1ccc2ncnc(Nc3ccc(F)c(Cl)c3)c2c1)N(CCCl)CCCl
3902,7.709965388637482,nM,CHEMBL4097862,S=C(Nc1ccc(Cl)cc1)Nc1ccc2ncnc(Nc3cccc(Br)c3)c2c1
3903,7.752026733638194,nM,CHEMBL4097883,C=CC(=O)Nc1cc(-n2c(=O)cc(C)c3cnc(Nc4ccc(N5CCN(C)CC5)cc4OC)nc32)cc(C(C)(C)C)c1
3904,9.585026652029182,nM,CHEMBL4098072,C=CC(=O)Nc1ccc(OC)c(Nc2cc(-c3[nH]c(SC)nc3-c3ccc(F)cc3)ccn2)c1
3905,6.777023550106609,nM,CHEMBL4098409,COc1ccc2c(c1)CCN2c1nc(C)nc2c(Cc3ccccc3)c[nH]c12.Cl
3906,7.920818753952375,nM,CHEMBL4098412,CSc1nc(-c2ccc(F)cc2)c(-c2ccnc(Nc3cc(N4CCN(C)CC4)cc([N+](=O)[O-])c3)c2)[nH]1
3907,8.823908740944319,nM,CHEMBL4098444,C=CC(=O)Nc1cc(Nc2n[nH]c3cc(-c4cn(C)c5ccccc45)ccc23)c(OC)cc1N(C)CCN(C)C
3908,7.142667503568732,nM,CHEMBL4098500,C=CC(=O)Nc1cc(Nc2n[nH]c3cc(-c4ccc(N(C)C)cc4)ccc23)c(OC)cc1N(C)CCN(C)C
3909,7.769551078621726,nM,CHEMBL4098587,CC(C)(C)OC(=O)NCC(=O)Nc1ccc2ncnc(Nc3ccc(F)c(Cl)c3)c2c1
3910,8.721246399047171,nM,CHEMBL4098967,C=CC(=O)Nc1cc(Nc2nccc(-c3cn4c5c(cccc35)CCC4)n2)c(OC)cc1N1CCC(CN(C)C)C1
3911,6.958607314841775,nM,CHEMBL4099254,C=CC(=O)N1CCC[C@@H](n2nc(C3CC3)c3c(N)ncnc32)C1
3912,8.958607314841775,nM,CHEMBL4099329,COc1ccc(N(C)c2nc(N)nc3c(Cc4ccccc4)c[nH]c23)cc1
3913,8.00436480540245,nM,CHEMBL4099377,C=CC(=O)Nc1cc(Nc2ncnc(-c3cn(C)c4ccccc34)c2F)c(OC)cc1N(C)CCN(C)C
3914,7.255707016877324,nM,CHEMBL4099445,C=CC(=O)Nc1cc(Nc2nccc(-c3cn4c5c(cccc35)CCC4)n2)c(OC)cc1N1CCN(C)CC1
3915,8.585026652029182,nM,CHEMBL4099682,COc1ccc(Nc2nc(C)nc3c(Cc4ccccc4)cn(C)c23)cc1.Cl
3916,8.0,nM,CHEMBL4099713,C=CC(=O)N1CCC[C@@H](n2nc(-c3ccccc3)c3c(N)ncnc32)C1
3917,8.167491087293763,nM,CHEMBL4100377,C=CC(=O)Nc1ccc(OC)c(Nc2cc(-c3[nH]c(SC)nc3C3CCC3)ccn2)c1
3918,7.942333896090171,nM,CHEMBL4100647,CC1(C)OOC2(CCC(C(=O)Nc3ccc4ncnc(Nc5cccc(Cl)c5)c4c3)CC2)OO1
3919,8.0,nM,CHEMBL4100655,C=CC(=O)N1CCC[C@@H](n2nc(-c3cccc(F)c3)c3c(N)ncnc32)C1
3920,7.886056647693163,nM,CHEMBL4100759,C=CC(=O)NCc1cccc(-c2nc(-c3ccc(F)cc3)c(-c3ccnc4[nH]c(-c5ccccc5)cc34)[nH]2)c1
3921,8.508638306165727,nM,CHEMBL4100777,C=CC(=O)Nc1cccc(Nc2cc(-c3[nH]c(SC)nc3-c3ccc(F)cc3)ccn2)n1
3922,6.443697499232712,nM,CHEMBL4101193,CCC(=O)Nc1ccc(OC)c(Nc2cc(-c3cnc(SC)[nH]3)ccn2)c1
3923,6.0,nM,CHEMBL4101735,CN(C)C/C=C/C(=O)N1CCC[C@@H](n2nc(-c3cccc(C(F)(F)F)c3)c3c(N)ncnc32)C1
3924,7.657577319177793,nM,CHEMBL4101774,O=S(=O)(Nc1nccs1)c1ccc(NC(=S)Nc2ccc3ncnc(Nc4cccc(Br)c4)c3c2)cc1
3925,7.465973893943865,nM,CHEMBL4102179,C=CC(=O)NCc1cccc(-c2cc3c(-c4[nH]c(-c5ccccc5)nc4-c4ccc(F)cc4)ccnc3[nH]2)c1
3926,4.34699995644626,nM,CHEMBL4102214,c1ccc(C(c2ccccc2)c2nnc(Cc3nc4ccccc4[nH]3)o2)cc1
3927,8.494850021680094,nM,CHEMBL4102224,CCC(=O)NCCSc1nc(-c2ccc(F)cc2)c(-c2ccnc(Nc3ccccc3)c2)[nH]1
3928,5.408935392973501,nM,CHEMBL4102284,Cc1nc(C)c(/C=C2\CN(C(C)C)C/C(=C\c3nc(C)c(C)nc3C)C2=NO)nc1C
3929,8.468521082957745,nM,CHEMBL4102389,C=CC(=O)Nc1cc(CC)cc(-n2c(=O)cc(C)c3cnc(Nc4ccc(N5CCN(C)CC5)cc4OC)nc32)c1
3930,7.801342913045578,nM,CHEMBL4102455,S=C(Nc1ccc2ncnc(Nc3cccc(Br)c3)c2c1)Nc1ccccc1Cl
3931,8.250031916490597,nM,CHEMBL410253,Cc1cccc(Nc2ncnc3ccncc23)c1NCCCN1CCN(C)CC1
3932,8.167491087293763,nM,CHEMBL4102577,CCC(=O)Nc1cccc(Nc2cc(-c3[nH]c(SC)nc3-c3ccc(F)cc3)ccn2)c1
3933,7.603800652904264,nM,CHEMBL4102822,Cc1cc(Nc2ncc3c(n2)N([C@H]2CCN(C(=O)C4CCCCC4)C2)C(=O)N(c2ccccc2Cl)C3)ccc1N1CCN(C)CC1
3934,8.312471038785366,nM,CHEMBL4102886,C#Cc1cccc(Nc2ncnc3cc(OCCCN4C[C@H](O)[C@@H](O)[C@H](O)[C@H]4CO)c(OC)cc23)c1
3935,4.346000004375018,nM,CHEMBL4102942,Clc1ccc(-c2nnc(Cc3nc4ccc(Cl)cc4[nH]3)o2)c(Cl)c1
3936,5.301029995663981,nM,CHEMBL4103121,CCC(=O)N1CCC[C@@H](n2nc(-c3ccc(F)cc3)c3c(N)ncnc32)C1
3937,8.795880017344075,nM,CHEMBL4103194,C=CC(=O)Nc1cc(-n2c(=O)cc(C)c3cnc(Nc4ccc(N5CCN(C)C(C)C5)cc4OC)nc32)cc(C(F)(F)F)c1
3938,8.698970004336019,nM,CHEMBL4103201,C=CC(=O)N1CCC[C@@H](n2nc(-c3cnc4[nH]ccc4c3)c3c(N)ncnc32)C1
3939,7.091997798827446,nM,CHEMBL4103370,Clc1ccc(-c2nnc(Cc3nc4ccccc4[nH]3)o2)cc1
3940,7.67778070526608,nM,CHEMBL4103440,COc1ccc(-c2nnc(-n3c(-c4ccccc4)nc4cc(Cl)ccc4c3=O)s2)cc1
3941,8.050609993355087,nM,CHEMBL4103464,O=C(NCc1ccccc1)Nc1ccc2ncnc(Nc3cccc(Br)c3)c2c1
3942,8.0,nM,CHEMBL4103757,C=CC(=O)Nc1cc(Nc2n[nH]c3cc(-c4cccc(N(C)C)c4)ccc23)c(OC)cc1N(C)CCN(C)C
3943,5.6020599913279625,nM,CHEMBL4104427,Cc1nc(C)c(/C=C2\CN(C(C)C)C/C(=C\c3nc(C)c(C)nc3C)C2=O)nc1C
3944,8.309803919971486,nM,CHEMBL4104515,COc1ccc2c(c1)CCCN2c1nc(C)nc2c(Cc3ccccc3)cn(C)c12.Cl
3945,6.648783654660658,nM,CHEMBL4104717,CCC(=O)N1CC[C@H](N2C(=O)N(c3cc(OC)ccc3F)Cc3cnc(Nc4ccc(N5CCC6(CCN(C)CC6)CC5)c(C)c4)nc32)C1
3946,7.657577319177793,nM,CHEMBL4104950,COc1cc2ncnc(Nc3ccc(OCc4cccc(F)c4)c(Cl)c3)c2cc1OCCCOP(N)(=O)N(CCCl)CCCl
3947,8.508638306165727,nM,CHEMBL4105329,Cc1n[nH]c2ccc(-c3cc(N[C@@H](CO)c4ccccc4)cnc3-c3cc(Cl)ccc3O)cc12
3948,4.6252516539898965,nM,CHEMBL4105434,CCCCOC(=O)c1c(-c2ccccc2)nn2ccccc12
3949,8.130768280269024,nM,CHEMBL4105526,C=CC(=O)Nc1ccc(OC)c(Nc2cc(-c3[nH]c(SC)nc3C3CC3)ccn2)c1
3950,7.568636235841013,nM,CHEMBL4105530,NP(=O)(OCCCCOc1ccc2ncnc(Nc3ccc(OCc4cccc(F)c4)c(Cl)c3)c2c1)N(CCCl)CCCl
3951,9.221848749616356,nM,CHEMBL4105621,C=CC(=O)Nc1cc(Cl)cc(-n2c(=O)cc(C)c3cnc(Nc4ccc(N5CCN(C)CC5)cc4OC)nc32)c1
3952,5.1598939055432425,nM,CHEMBL4106341,Cc1[nH]c2ncnc(NC3CCCCC3)c2c1C
3953,8.489991487059765,nM,CHEMBL410635,CN(CC(O)CO)c1c(Br)cccc1Nc1ncnc2ccncc12
3954,5.017728766960432,nM,CHEMBL410659,Nc1nccn2c1c(-c1ccc3ccc(-c4ccccc4)nc3c1)nc2[C@H]1C[C@@H](CN2CCC2)C1
3955,6.361211332842602,nM,CHEMBL4106607,CC#CC(=O)N1CCC[C@@H](n2nc(-c3ccc(Oc4ccccc4)cc3)c3c(N)ncnc32)C1
3956,7.724688645458189,nM,CHEMBL4107818,Cc1ncnc2c1c(-c1ccc(Oc3ccccc3)cc1)nn2C[C@H]1CCCN1C(=O)/C=C/CN(C)C
3957,6.538501473216982,nM,CHEMBL4107879,CC#CC(=O)N1CCC[C@@H]1Cn1nc(-c2ccc(Oc3ccccc3)cc2)c2c(N)ncnc21
3958,7.726998727936262,nM,CHEMBL4109796,C=CC(=O)N1CCC[C@@H]1Cn1nc(-c2ccc(Oc3ccccc3)cc2)c2c(N)ncnc21
3959,9.267606240177033,nM,CHEMBL4110258,CN(C)CC/C=C/C(=O)Nc1cc2c(Nc3ccc(F)c(Cl)c3)ncnc2cc1OC[C@]12COC[C@H]1C2
3960,6.416008200801684,nM,CHEMBL4110614,Nc1ncnc2c1c(-c1ccc(Oc3ccccc3)cc1)nn2[C@@H]1CCCN(C(=O)/C=C/CN2CCOCC2)C1
3961,7.602059991327963,nM,CHEMBL4111809,CC(=O)Nc1cccc(Nc2nc3cnc(Nc4ccc(C(=O)N[N+]5=CCN(C)CC5)cc4F)nc3n2C(C)C)c1
3962,8.070019409484486,nM,CHEMBL411243,CN(C)CCCCCNc1c(Br)cccc1Nc1ncnc2ccncc12
3963,8.522878745280337,nM,CHEMBL4113919,CC(C)n1c(Nc2ccccc2)nc2cnc(Nc3ccc(C(=O)N[N+]4=CCN(C)CC4)cc3)nc21
3964,6.434152181326482,nM,CHEMBL4114766,CC(C)(C)/C=C(\C#N)C(=O)N1CCC[C@@H](n2nc(-c3ccc(Oc4ccccc4)cc3F)c3c(N)ncnc32)C1
3965,8.638272163982407,nM,CHEMBL4116552,COc1ccc(N(C)c2nc(C)nc3c(Cc4ccccc4)cn(C)c23)cc1
3966,8.309803919971486,nM,CHEMBL4117373,COc1ccc2c(c1)CCCN2c1nc(C)nc2c(Cc3ccccc3)cn(C)c12
3967,7.552841968657781,nM,CHEMBL411897,COC1CCN(CCOc2n[nH]c3ncnc(Nc4ccc(OCc5ccccn5)c(Cl)c4)c23)CC1
3968,7.397940008672037,nM,CHEMBL412367,CCc1c(NC(=O)OCCn2ccnc2)cn2ncnc(Nc3ccc4c(cnn4Cc4ccccc4)c3)c12
3969,8.327902142064282,nM,CHEMBL4125764,C=CC(=O)N[C@@H]1CCN(c2nc(Nc3ccccc3)nc3cnc(Nc4ccc(N5CCN(C)CC5)cn4)cc23)C1
3970,7.040958607678907,nM,CHEMBL4125772,C=CC(=O)Nc1cccc(-n2c(=O)n(C)c(=O)c3cnc(Nc4ccc(N5CCSCC5)cc4OC)nc32)c1
3971,7.966576244513051,nM,CHEMBL4125840,C=CC(=O)N1CC[C@H](Nc2nc(Nc3ccccc3)nc3cnc(Nc4ccc(N5CCN(C)CC5)cn4)cc23)C1
3972,8.167491087293763,nM,CHEMBL4125940,C=CC(=O)Nc1cccc(-n2c(=O)n(C(C)C)c(=O)c3cnc(Nc4ccc(N5CCN(C)CC5)c(OC)c4)nc32)c1
3973,8.602059991327963,nM,CHEMBL4126358,C=CC(=O)Nc1cccc(-n2c(=O)n(CC)c(=O)c3cnc(Nc4ccc(N5CCC(N(C)C)CC5)cc4OC)nc32)c1
3974,9.0,nM,CHEMBL4126630,C=CC(=O)Nc1cccc(-n2c(=O)n(C(C)C)c(=O)c3cnc(Nc4ccc(N5CCN(C)CC5)c(C)c4)nc32)c1
3975,7.154901959985743,nM,CHEMBL4126654,C=CC(=O)Nc1cccc(-n2c(=O)n(C)c(=O)c3cnc(Nc4ccc(N5CCOCC5)cc4OC)nc32)c1
3976,7.337242168318426,nM,CHEMBL4126797,C=CC(=O)Nc1cccc(-n2c(=O)n(C)c(=O)c3cnc(Nc4ccc(N5CCN(C(C)=O)CC5)cc4OC)nc32)c1
3977,8.769551078621726,nM,CHEMBL4126810,CN1CCN(c2ccc(Nc3cc4c(N[C@H]5CCCN(C)C5)nc(Nc5ccccc5)nc4cn3)nc2)CC1
3978,9.522878745280336,nM,CHEMBL4127317,C=CC(=O)Nc1cccc(-n2c(=O)n(C(C)C)c(=O)c3cnc(Nc4ccc(N5CCN(C)CC5)cc4OC)nc32)c1
3979,8.494850021680094,nM,CHEMBL4127809,C=CC(=O)N[C@H]1CCN(c2nc(Nc3ccccc3)nc3cnc(Nc4ccc(N5CCN(C)CC5)cn4)cc23)C1
3980,8.337242168318426,nM,CHEMBL4127897,C=CC(=O)N1CC[C@@H](Nc2nc(Nc3ccccc3)nc3cnc(Nc4ccc(N5CCN(C)CC5)cn4)cc23)C1
3981,8.721246399047171,nM,CHEMBL4128415,C=CC(=O)Nc1cccc(-n2c(=O)n(Cc3ccccc3)c(=O)c3cnc(Nc4ccc(N5CCC(N(C)C)CC5)cc4OC)nc32)c1
3982,9.0,nM,CHEMBL4128567,C=CC(=O)Nc1cccc(-n2c(=O)n(CCc3ccccc3)c(=O)c3cnc(Nc4ccc(N5CCC(N(C)C)CC5)cc4OC)nc32)c1
3983,8.346787486224656,nM,CHEMBL4129138,CN1CCN(c2ccc(Nc3cc4c(N[C@@H]5CCCN(C)C5)nc(Nc5ccccc5)nc4cn3)nc2)CC1
3984,7.522878745280337,nM,CHEMBL4129387,C=CC(=O)Nc1cccc(-n2c(=O)n(C)c(=O)c3cnc(Nc4ccc(N5CCC(N(C)C)CC5)cc4OC)nc32)c1
3985,7.853871964321762,nM,CHEMBL4129607,C=CC(=O)Nc1cccc(-n2c(=O)n(C(C)C)c(=O)c3cnc(Nc4ccc(N5CCC(N6CCN(C)CC6)CC5)cc4OC)nc32)c1
3986,9.397940008672036,nM,CHEMBL4129646,C=CC(=O)Nc1cccc(-n2c(=O)n(CCC)c(=O)c3cnc(Nc4ccc(N5CCC(N(C)C)CC5)cc4OC)nc32)c1
3987,9.096910013008056,nM,CHEMBL4129781,C=CC(=O)Nc1cccc(-n2c(=O)n(C(C)C)c(=O)c3cnc(Nc4ccc(N5CCC(N(C)C)CC5)cc4OC)nc32)c1
3988,8.853871964321762,nM,CHEMBL4130016,C=CC(=O)Nc1cccc(-n2c(=O)n(CCCc3ccccc3)c(=O)c3cnc(Nc4ccc(N5CCC(N(C)C)CC5)cc4OC)nc32)c1
3989,6.718966632752273,nM,CHEMBL413987,C[C@@H](CN(C)C(=O)CO)Oc1cccc2ncnc(Nc3ccc(OCc4ccccn4)c(Cl)c3)c12
3990,4.124938736608301,nM,CHEMBL414013,COc1cc2c(cc1OC)Nc1ncnc(O)c1C2
3991,7.148741651280925,nM,CHEMBL414220,C=CCN(C)CC#CC(=O)Nc1ccc2ncnc(Nc3cccc(Br)c3)c2c1
3992,6.481486060122113,nM,CHEMBL414631,COCOC#CC(=O)Nc1ccc2ncc(C#N)c(Nc3cccc(Br)c3)c2c1
3993,9.0,nM,CHEMBL415738,Cc1cccc(Nc2cc(NCCO)ncn2)c1
3994,7.414539270491499,nM,CHEMBL4159404,C=CC(=O)Nc1cc(Nc2nccc(Nc3ccccc3-c3ccn(C)n3)n2)c(OC)cc1N1CCC(N(C)C)CC1
3995,8.443697499232712,nM,CHEMBL4159909,C=CC(=O)Nc1cc(Nc2ncc(Cl)c(Nc3ccccc3S(=O)(=O)C(C)C)n2)c(OC)cc1N1CCCN(C)CC1
3996,5.267606240177031,nM,CHEMBL4160854,Nc1n[nH]c2cccc(-c3ccc(NC(=S)Nc4cc(Br)ccc4OC(F)(F)F)cc3)c12
3997,7.342944147142896,nM,CHEMBL4161396,COc1cc2ncnc(N3CCc4ccccc43)c2cc1NC(=O)/C=C/CN1CCCCC1
3998,6.522878745280337,nM,CHEMBL416191,COc1cc2c(Nc3c(F)cc(Br)cc3F)ncnc2cc1OCC1CCN(C)CC1
3999,8.154901959985743,nM,CHEMBL4161938,Fc1cccc(COc2ccc(Nc3ncnc4cc(OCCCN5CCOCC5)c(OCCCN5CCOCC5)cc34)cc2Cl)c1
4000,7.480172006224281,nM,CHEMBL4162767,C=CC(=O)Nc1cc(Nc2nccc(Nc3ccccc3-n3nccn3)n2)c(OC)cc1N(C)CCN(C)C
4001,7.769551078621726,nM,CHEMBL4162882,CC/C=C/C(=O)Nc1cc2c(N3CCc4ccccc43)ncnc2cc1OC
4002,8.51999305704285,nM,CHEMBL416307,Cc1cccc(Nc2ncnc3cnc(NCCc4c[nH]cn4)nc23)c1
4003,6.494850021680094,nM,CHEMBL4163321,CN(CCN(C)Cc1ccc(C(=O)Nc2ccc3ncnc(Nc4cccc(Cl)c4)c3c2)cc1)CCn1nc(-c2ccc(Cl)cc2)c2c(N)ncnc21
4004,9.69897000433602,nM,CHEMBL4164805,COc1cc(CO)ccc1-c1cc2c(N[C@H](CO)c3ccccc3)ncnc2[nH]1
4005,6.619788758288394,nM,CHEMBL4164936,NS(=O)(=O)c1ccc(-n2c(SCC(=O)Nc3cc(Cl)c(Cl)cc3Cl)nc3cc4ccccc4cc3c2=O)cc1
4006,6.076496933057896,nM,CHEMBL4165126,C=CC(=O)Nc1cc(Nc2nccc(Nc3ccccc3-n3nccn3)n2)c(OC)cc1N1CCOCC1
4007,7.537602002101044,nM,CHEMBL4165267,C/C=C/C(=O)Nc1cc2c(N3CCc4ccccc43)ncnc2cc1O[C@@H]1CCOC1
4008,8.522878745280337,nM,CHEMBL4165894,COc1cc2ncnc(N3CCc4ccccc43)c2cc1NC(=O)/C=C/CN1CCCC1
4009,6.050609993355088,nM,CHEMBL4166038,COc1cc(-n2cc(CN3CCNCC3)nn2)ccc1Nc1ncc(Cl)c(Nc2ccccc2S(=O)(=O)C(C)C)n1
4010,7.431798275933005,nM,CHEMBL4166069,O=C(CN1CCCCC1)Nc1ccc2ncnc(Nc3cccc(Br)c3)c2c1
4011,6.845576026885354,nM,CHEMBL4166210,C=CC(=O)Nc1cc(Nc2nccc(Nc3ccccc3-n3cccn3)n2)c(OC)cc1N1CCN(C)CC1
4012,6.958607314841775,nM,CHEMBL4166412,NS(=O)(=O)c1ccc(-n2c(SCC(=O)Nc3cnc4ccccc4c3)nc3cc4ccccc4cc3c2=O)cc1
4013,6.062983892535186,nM,CHEMBL4166436,COc1cc(-n2cc(CN3C[C@@H](C)N[C@@H](C)C3)nn2)ccc1Nc1ncc(Cl)c(Nc2ccccc2S(=O)(=O)C(C)C)n1
4014,8.387216143280265,nM,CHEMBL4166609,C=CC(=O)Nc1cc(Nc2nccc(Nc3ccccc3-n3cccn3)n2)c(OC)cc1N(C)CCN(C)C
4015,7.494850021680094,nM,CHEMBL4167162,O=C(CN1CCCC1)Nc1ccc2ncnc(Nc3ccc(Cl)cc3)c2c1
4016,8.441291429466835,nM,CHEMBL4168235,COc1cc2c(Nc3ccc(C#N)cc3)ncnc2cc1OCCCN1CCC(c2ccccc2)CC1
4017,8.301029995663981,nM,CHEMBL4168254,CN(C)C/C=C/C(=O)Nc1cc2c(N3CCc4ccccc43)ncnc2cc1O[C@@H]1CCOC1
4018,7.494850021680094,nM,CHEMBL4169489,CN1CCN(CC(=O)Nc2ccc3ncnc(Nc4cccc(Br)c4)c3c2)CC1
4019,9.221848749616356,nM,CHEMBL4170121,COc1cccc(OC)c1-c1cc2c(N[C@H](C)c3ccccc3)ncnc2[nH]1
4020,7.148741651280925,nM,CHEMBL4170916,O=C(CN1CCCC1)Nc1ccc2ncnc(Nc3ccc(OCc4cccc(F)c4)cc3)c2c1
4021,8.060480747381382,nM,CHEMBL4171543,C=CC(=O)Nc1ccc(-c2ccc(NC(=O)Nc3cccc(Cl)c3)cc2)cn1
4022,8.58335949266172,nM,CHEMBL4171764,Brc1cccc(Nc2ncnc3sc4c(c23)CCCC4)c1
4023,8.397940008672037,nM,CHEMBL4172718,COc1cc2ncnc(N3CCc4ccccc43)c2cc1NC(=O)/C=C/CN1CCC(CO)CC1
4024,6.758204568704802,nM,CHEMBL4173032,C=CC(=O)Nc1cc(Nc2nccc(Nc3ccccc3-n3nccn3)n2)c(OC)cc1N1CCN(C)CC1
4025,6.694004117229195,nM,CHEMBL4173470,C=CC(=O)Nc1cc(Nc2nccc(Nc3ccccc3-n3nccn3)n2)c(OC)cc1N1CCC(N(C)C)CC1
4026,7.684029654543083,nM,CHEMBL4173696,C/C=C/c1ccc(Nc2ncnc3cc(OCCCN4CCOCC4)c(OCCCN4CCOCC4)cc23)cc1
4027,8.53003079050004,nM,CHEMBL417420,Brc1cccc(Nc2ncnc3cnc(NCCCN4CCOCC4)nc23)c1
4028,9.795880017344077,nM,CHEMBL417478,C=CC(=O)Nc1nc2c(Nc3ccc(F)c(Cl)c3)ncnc2cc1/C=C/CCN1CCOCC1
4029,9.69897000433602,nM,CHEMBL4175024,OCc1ccc(-c2cc3c(N[C@H](CO)c4ccccc4)ncnc3[nH]2)cc1
4030,8.113509274827518,nM,CHEMBL4175782,C=CC(=O)Nc1cc(Nc2nccc(Nc3ccccc3-c3ncn(C)n3)n2)c(OC)cc1N(C)CCN(C)C
4031,7.221848749616356,nM,CHEMBL4176629,NS(=O)(=O)c1ccc(-n2c(SCC(=O)Nc3ccc([N+](=O)[O-])cc3[N+](=O)[O-])nc3cc4ccccc4cc3c2=O)cc1
4032,7.008773924307505,nM,CHEMBL4177348,O=C(CN1CCOCC1)Nc1ccc2ncnc(Nc3cccc(Br)c3)c2c1
4033,5.337242168318426,nM,CHEMBL418203,CN1CCC(c2c(O)cc(O)c3c(=O)cc(-c4ccccc4Cl)oc23)[C@@H](O)C1
4034,8.698970004336019,nM,CHEMBL418909,CC(=O)NCCNCc1ccc(-c2cc3nccc(Nc4ccc5[nH]ccc5c4)c3s2)cc1
4035,6.154901959985743,nM,CHEMBL419022,CCOC(=O)CCCc1ccc(Nc2ncc3cc(-c4c(Cl)cccc4Cl)c(=O)n(C)c3n2)cc1
4036,5.6020599913279625,nM,CHEMBL419047,COc1cc(/C=C(\C#N)C(N)=O)cc(CSc2ccc(O)cc2)c1O
4037,8.0,nM,CHEMBL419137,COc1cc2ncnc(NC3CC3c3ccccc3)c2cc1OC
4038,5.4999996786570655,nM,CHEMBL419185,COc1cc2ncc(C#N)c(Nc3cc(Cl)c(O)c(Cl)c3)c2cc1OC
4039,7.070581074285707,nM,CHEMBL419501,COC[C@H]1CCCN1C/C=C/C(=O)Nc1ccc2ncnc(Nc3cccc(Br)c3)c2c1
4040,6.522878745280337,nM,CHEMBL420059,COc1cc2ncnc(NC3CC3c3ccccc3)c2cc1OCCN1CCOCC1
4041,5.97061622231479,nM,CHEMBL4202413,COc1cc(N2CCN(C)CC2)ccc1Nc1ncc(Cl)c(Oc2cccc(NC(=O)COCc3ccccc3)c2)n1
4042,7.920818753952375,nM,CHEMBL420254,CCNc1ccc2c(Nc3cccc(Br)c3)ncnc2c1
4043,5.216811308924743,nM,CHEMBL4202780,COc1cc(N2CCN(C)CC2)ccc1Nc1ncc(Cl)c(Oc2ccccc2NC(=O)/C=C/CN(C)C)n1
4044,5.42021640338319,nM,CHEMBL4202955,COc1cc(N2CCN(C)CC2)ccc1Nc1ncc(Cl)c(Oc2cccc(NC(=O)/C=C/CN(C)C)c2)n1
4045,7.289882634888183,nM,CHEMBL4203001,CN(CCO)c1nc(Nc2ccccc2)nc2cnc(Nc3ccc(N4CCC(N(C)C)CC4)cn3)cc12
4046,8.309803919971486,nM,CHEMBL4203016,CN(C)C1CCN(c2ccc(Nc3cc4c(N5CCCCC5)nc(Nc5ccccc5)nc4cn3)nc2)CC1
4047,6.638272163982407,nM,CHEMBL4203110,COc1cc(N2CCN(C)CC2)ccc1Nc1ncc(Cl)c(Oc2ccccc2N=[N+]=[N-])n1
4048,5.511449283499556,nM,CHEMBL4203804,COc1cc(N2CCN(C)CC2)ccc1Nc1ncc(Cl)c(Oc2ccc(NC(C)=O)cc2)n1
4049,7.284832642151542,nM,CHEMBL4204139,CN(CCCO)c1nc(Nc2ccc(F)cc2)nc2cnc(Nc3ccc(N4CCC(N(C)C)CC4)cn3)cc12
4050,5.043831569524637,nM,CHEMBL4204354,COc1cc(N2CCN(C)CC2)ccc1Nc1ncc(Cl)c(Oc2ccc(N=C=S)cc2)n1
4051,5.739928612014925,nM,CHEMBL4204596,COc1cc(N2CCN(C)CC2)ccc1Nc1ncc(Cl)c(Oc2ccccc2N=C=S)n1
4052,5.85078088734462,nM,CHEMBL4204937,COc1cc(N2CCN(C)CC2)ccc1Nc1ncc(Cl)c(Oc2cccc(NC(=O)CCOCc3ccccc3)c2)n1
4053,7.607303046740334,nM,CHEMBL4204983,CN(C)CCN(C)c1nc(Nc2ccc(F)cc2)nc2cnc(Nc3ccc(N4CCC(N(C)C)CC4)cn3)cc12
4054,5.1325325121409495,nM,CHEMBL4205469,COc1cc(N2CCN(C)CC2)ccc1Nc1ncc(Cl)c(Oc2ccc(N)cc2)n1
4055,6.63283051146532,nM,CHEMBL4205688,COc1ccc(-c2c3c4cc(OCCN(C)C)c(OCCN(C)C)cc4oc(=O)c3n3ccc4cc(O)c(OC)cc4c23)cc1O.O=C(O)C(F)(F)F.O=C(O)C(F)(F)F
4056,5.2441251443275085,nM,CHEMBL4205869,COc1cc(N2CCN(C)CC2)ccc1Nc1ncc(Cl)c(Oc2cccc([N+](=O)[O-])c2)n1
4057,8.494850021680094,nM,CHEMBL4206166,CN(C)C1CCN(c2ccc(Nc3cc4c(N5CCC(CO)CC5)nc(Nc5ccccc5)nc4cn3)nc2)CC1
4058,6.725149679983336,nM,CHEMBL4206193,COc1ccc(-c2c3c4cc(OC)c(OCCCN(C)C)cc4oc(=O)c3n3ccc4cc(O)c(OC)cc4c23)cc1O.O=C(O)C(F)(F)F
4059,10.0,nM,CHEMBL420624,Nc1ccc2c(Nc3cccc(Br)c3)ncnc2c1
4060,8.67778070526608,nM,CHEMBL4206288,CN1CCN(c2ccc(Nc3cc4c(N5CCOCC5)nc(Nc5ccccc5)nc4cn3)nc2)CC1
4061,7.537602002101044,nM,CHEMBL4206312,C=CC(=O)N1CC[C@@H](Nc2nc(Nc3ccc(N4CCN(C)CC4)cc3)c3ncn(C(C)C)c3n2)C1
4062,7.886056647693163,nM,CHEMBL4206501,C=CC(=O)Nc1cc(Nc2ccnc(-c3cn(C)c4ccccc34)n2)c(OC)cc1N(C)CCN(C)C
4063,6.388276691992658,nM,CHEMBL4206585,CCS(=O)(=O)Nc1cc(-c2ccc3ncnc(Nc4cccc(C(=O)OC)c4)c3c2)cnc1OC
4064,5.910094888560602,nM,CHEMBL4207305,COc1cc(N2CCN(C)CC2)ccc1Nc1ncc(Cl)c(Oc2cccc(NC(=O)CO)c2)n1
4065,6.045757490560675,nM,CHEMBL4207316,CCc1c(C(=O)NC(CO)Cc2ccccc2)[nH]c2ccc(C(F)(F)F)cc12
4066,8.619788758288394,nM,CHEMBL4207750,CCS(=O)(=O)Nc1cc(-c2ccc3ncnc(Nc4ccc(F)c(Cl)c4)c3c2)cnc1OC
4067,7.309803919971486,nM,CHEMBL4207951,C=CC(=O)N1C[C@@H]2CN(c3nc(Nc4cnn(C)c4)c4ncn(C(C)C)c4n3)C[C@@H]2C1
4068,5.028724151261896,nM,CHEMBL4208167,COc1cc(N2CCN(C)CC2)ccc1Nc1ncc(Cl)c(Oc2ccc([N+](=O)[O-])cc2)n1
4069,5.769551078621726,nM,CHEMBL4208224,Cc1c2cc(Cl)ccc2n2cc(Cc3ccccc3)[nH]c(=O)c12
4070,7.458420756053419,nM,CHEMBL4208673,CN1CCN(c2nc(Nc3ccc(F)cc3)nc3cnc(Nc4ccc(N5CCC(N(C)C)CC5)cn4)cc23)CC1
4071,6.187086643357144,nM,CHEMBL4208712,COc1cc(N2CCN(C)CC2)ccc1Nc1ncc(Cl)c(Oc2ccccc2NC(=O)CCO)n1
4072,5.619788758288394,nM,CHEMBL4208745,O=c1[nH]c(Cc2ccccc2)cn2c1cc1cc(Cl)ccc12
4073,7.769551078621726,nM,CHEMBL4208829,C=CC(=O)N[C@@H]1CN(c2nc(Nc3cn(C)nc3OC)c3ncn(C(C)(C)C)c3n2)C[C@H]1F
4074,6.568636235841012,nM,CHEMBL420885,CC(C)(C)OC(=O)Nc1ccc(-c2[nH]nc3ncnc(Nc4cccc(Cl)c4)c23)cc1
4075,6.301029995663981,nM,CHEMBL4209588,Cc1c(C(=O)NC(CO)Cc2ccccc2)[nH]c2ccc(Cl)cc12
4076,8.638272163982407,nM,CHEMBL4209801,CN1CCN(c2ccc(Nc3cc4c(N5CCCC5)nc(Nc5ccccc5)nc4cn3)nc2)CC1
4077,6.572513890904215,nM,CHEMBL4210100,COc1cc2c(cc1OC)Nc1ncnc(Oc3ccc(NC(=O)C4(C(=O)Nc5ccc(F)cc5)CC4)cc3F)c1NC2
4078,5.156144577376839,nM,CHEMBL4210237,C=CC(=O)Nc1ccccc1Oc1nc(Nc2ccc(N3CCN(C)CC3)cc2OC)ncc1Cl
4079,7.083019952679618,nM,CHEMBL4210550,COc1ccc(-c2c3c4cc(O)c(OCCCN(C)C)cc4oc(=O)c3n3ccc4cc(O)c(OC)cc4c23)cc1O.O=C(O)C(F)(F)F
4080,5.5016894462104,nM,CHEMBL4210744,COc1cc(N2CCN(C)CC2)ccc1Nc1ncc(Cl)c(Oc2cccc(N)c2)n1
4081,5.11975822410452,nM,CHEMBL4211322,COc1cc(N2CCN(C)CC2)ccc1Nc1ncc(Cl)c(Oc2ccccc2[N+](=O)[O-])n1
4082,8.050609993355087,nM,CHEMBL4211835,COc1ccc(-c2c3c4cc(OCCCN(C)C)c(OCCCN(C)C)cc4oc(=O)c3n3ccc4cc(O)c(OC)cc4c23)cc1O.O=C(O)C(F)(F)F.O=C(O)C(F)(F)F
4083,7.0,nM,CHEMBL4212450,COc1cc(N2CCN(C)CC2)ccc1Nc1ncc(Cl)c(Oc2ccccc2NC(=O)CO)n1
4084,8.795880017344075,nM,CHEMBL4212884,CN(C)C1CCN(c2ccc(Nc3cc4c(N5CCCC5)nc(Nc5ccccc5)nc4cn3)nc2)CC1
4085,5.605548319173784,nM,CHEMBL4213082,C=CC(=O)Nc1ccc(Oc2nc(Nc3ccc(N4CCN(C)CC4)cc3OC)ncc2Cl)cc1
4086,5.408935392973501,nM,CHEMBL4213146,CCc1c2cc(C(F)(F)F)ccc2n2cc(Cc3ccccc3)[nH]c(=O)c12
4087,8.397940008672037,nM,CHEMBL421326,OCCOCCNCc1ccc(-c2cc3nccc(Nc4ccc5[nH]ccc5c4)c3s2)cc1
4088,7.10790539730952,nM,CHEMBL4213400,CC(C)C(CO)Nc1nc(Nc2ccc(N3CCNCC3)cc2)c2ncn(C(C)C)c2n1
4089,6.2519671058698565,nM,CHEMBL4213519,COc1ccc(-c2c3c4cc(OC)c(OCCN(C)C)cc4oc(=O)c3n3ccc4cc(O)c(OC)cc4c23)cc1O.O=C(O)C(F)(F)F
4090,6.170696227168975,nM,CHEMBL4213609,C=CC(=O)N[C@@H]1CN(c2nc(Nc3cn(C)nc3OC)c3nc[nH]c3n2)C[C@H]1F
4091,6.0655015487564325,nM,CHEMBL4214040,COc1cc(N2CCN(C)CC2)ccc1Nc1ncc(Cl)c(Oc2ccc(NC(=O)CO)cc2)n1
4092,6.096910013008056,nM,CHEMBL4214496,O=C(NC(CO)Cc1ccccc1)c1cc2cc(Cl)ccc2[nH]1
4093,6.652697400533215,nM,CHEMBL4214567,O=C(Nc1nccs1)C(c1cc(F)ccc1O)N1Cc2ccccc2C1=O
4094,7.337242168318426,nM,CHEMBL4214588,COC(=O)c1ccc(O)c(-c2nc(NCc3cccnc3)c3ccccc3n2)c1
4095,5.220403508742176,nM,CHEMBL4214620,COc1cc(N2CCN(C)CC2)ccc1Nc1ncc(Cl)c(Oc2cccc(N=[N+]=[N-])c2)n1
4096,8.602059991327963,nM,CHEMBL4215076,CN(C)C1CCN(c2ccc(Nc3cc4c(N5CCOCC5)nc(Nc5ccc(F)cc5)nc4cn3)nc2)CC1
4097,8.67778070526608,nM,CHEMBL4215080,CN(C)C1CCN(c2ccc(Nc3cc4c(N5CCOCC5)nc(Nc5ccc(F)cc5F)nc4cn3)nc2)CC1
4098,5.928117992693875,nM,CHEMBL4215164,COc1cc(N2CCN(C)CC2)ccc1Nc1ncc(Cl)c(Oc2cccc(NC(=O)CCO)c2)n1
4099,7.4089353929735005,nM,CHEMBL4215397,COc1ccc(-c2c3c4cc(OC)c(OCCCNC(=N)N)cc4oc(=O)c3n3ccc4cc(O)c(OC)cc4c23)cc1O.O=C(O)C(F)(F)F
4100,6.585026652029182,nM,CHEMBL4215496,COc1cc(N2CCN(C)CC2)ccc1Nc1ncc(Cl)c(Oc2ccccc2NC(=O)COCc2ccccc2)n1
4101,5.161150909262745,nM,CHEMBL4215703,Cc1cc(=O)n(-c2ccc(F)cc2)nc1C(=O)Nc1ccc(Oc2ncnc3ccsc23)c(F)c1
4102,5.010550182333308,nM,CHEMBL4216025,COc1cc(N2CCN(C)CC2)ccc1Nc1ncc(Cl)c(Oc2ccc(N=[N+]=[N-])cc2)n1
4103,5.375717904164332,nM,CHEMBL4216265,COc1cc(N2CCN(C)CC2)ccc1Nc1ncc(Cl)c(Oc2ccccc2NC(C)=O)n1
4104,5.29929628285498,nM,CHEMBL4216551,COc1cc(N2CCN(C)CC2)ccc1Nc1ncc(Cl)c(Oc2ccc(NC(=O)/C=C/CN(C)C)cc2)n1
4105,9.0,nM,CHEMBL4216679,C=CC(=O)N[C@@H]1CN(c2nc(Nc3cn(C)nc3OC)c3ncn(C(C)C)c3n2)C[C@H]1F
4106,5.935542010773082,nM,CHEMBL4216784,COc1cc(N2CCN(C)CC2)ccc1Nc1ncc(Cl)c(Oc2ccccc2N)n1
4107,5.966576244513051,nM,CHEMBL421686,Cc1[nH]c2ncnc(NCc3ccccc3)c2c1C
4108,5.488116639021127,nM,CHEMBL4217686,COc1cc(N2CCN(C)CC2)ccc1Nc1ncc(Cl)c(Oc2ccc(NC(=O)CCO)cc2)n1
4109,8.4089353929735,nM,CHEMBL4217992,CN(C)C1CCN(c2ccc(Nc3cc4c(N5CCOCC5)nc(Nc5ccccc5)nc4cn3)nc2)CC1
4110,5.320572103387882,nM,CHEMBL4218052,COc1cc(N2CCN(C)CC2)ccc1Nc1ncc(Cl)c(Oc2cccc(N=C=S)c2)n1
4111,8.522878745280337,nM,CHEMBL4218154,C=CC(=O)N[C@@H]1CN(c2nc(Nc3cn(C)nc3CC)c3ncn(C(C)C)c3n2)C[C@H]1F
4112,5.703334809738469,nM,CHEMBL4218320,COc1cc(N2CCN(C)CC2)ccc1Nc1ncc(Cl)c(Oc2ccccc2NC(=O)CCOCc2ccccc2)n1
4113,7.240924720107195,nM,CHEMBL4218431,N#Cc1ccc(O)c(-c2nc(NCc3cnccn3)c3ccccc3n2)c1
4114,6.401537799525849,nM,CHEMBL4218447,COc1ccc(-c2c3c4cc(O)c(OC)cc4oc(=O)c3n3ccc4cc(O)c(OC)cc4c23)cc1O
4115,6.366531544420414,nM,CHEMBL422066,COc1cc2ncnc(NNc3ccc(F)c(Cl)c3)c2cc1OC
4116,8.823908740944319,nM,CHEMBL422292,CCOC(=O)/C=C/C(=O)Nc1cc2c(Nc3cccc(Br)c3)ncnc2cn1
4117,7.086186147616283,nM,CHEMBL422347,CS(=O)(=O)CCNc1nc(-c2ccc3ncnc(Nc4ccc(OCc5ccccc5)cc4)c3c2)cs1
4118,8.301029995663981,nM,CHEMBL4224932,C=CC(=O)Nc1cccc(NC(=O)Nc2ccnc(Nc3ccc(N4CCC(N5CCN(C)CC5)CC4)cc3OC)n2)c1
4119,8.638272163982407,nM,CHEMBL4225166,C=CC(=O)Nc1cc(Nc2ncc3ncn(-c4ccc(F)c(Br)c4)c3n2)c(OC)cc1N(C)CCN(C)C
4120,8.698970004336019,nM,CHEMBL4225191,C=CC(=O)Nc1cccc(NC(=O)Nc2ccnc(Nc3ccc(N4CCC(N(C)C)CC4)cc3OC)n2)c1
4121,7.721246399047171,nM,CHEMBL4225255,C=CC(=O)Nc1cccc(NC(=O)Nc2ccnc(Nc3ccc(N(C)CCN(C)C)cc3OC)n2)c1
4122,4.920818753952376,nM,CHEMBL422531,CN(C)C(=O)CCc1c(SSc2[nH]c3ccccc3c2CCC(=O)N(C)C)[nH]c2ccccc12
4123,4.0,nM,CHEMBL422540,c1ccc(-c2c(SSc3[nH]c4ccccc4c3-c3ccccc3)[nH]c3ccccc23)cc1
4124,6.769551078621726,nM,CHEMBL4225517,C=CC(=O)Nc1cccc(NC(=O)Nc2ccnc(Nc3ccc(N(C)C)cc3)n2)c1
4125,6.276544327964814,nM,CHEMBL4225565,CN1CCN(c2ccc(Nc3ncc4nc(Sc5ccccc5)n([C@H]5CC[C@H](O)CC5)c4n3)cc2)CC1
4126,6.292429823902064,nM,CHEMBL4225571,C=CC(=O)Nc1cccc(NC(=O)Nc2ccnc(Nc3ccc(C4CCN(C)CC4)cc3)n2)c1
4127,6.254925208417943,nM,CHEMBL4225777,CN(C)CCOc1ccc(Nc2ncc3nc(Sc4ccccc4)n(C4CCOCC4)c3n2)cc1
4128,8.397940008672037,nM,CHEMBL4225781,C=CC(=O)Nc1cccc(NC(=O)Nc2ccnc(Nc3ccc(N4CCC(N5CCOCC5)CC4)cc3OC)n2)c1
4129,6.224753740259764,nM,CHEMBL4225828,CNC(=O)c1ccc(Sc2cccc(NC(=S)Nc3ccc(Cl)c(C(F)(F)F)c3)c2)nc1
4130,8.494850021680094,nM,CHEMBL4225863,C=CC(=O)Nc1cc(Nc2ncc3ncn(-c4ccc(F)cc4)c3n2)c(OC)cc1N(C)CCN(C)C
4131,6.049635145623878,nM,CHEMBL4226151,CN1CCN(c2ccc(Nc3ncc4nc(Sc5ccccc5)n(C5CCOCC5)c4n3)cc2)CC1
4132,6.667561540084395,nM,CHEMBL4226177,C=CC(=O)Nc1cccc(NC(=O)Nc2ccnc(Nc3ccc(C(=O)N4CCN(C)CC4)cc3OC)n2)c1
4133,6.568636235841012,nM,CHEMBL4226254,C=CC(=O)Nc1cccc(NC(=O)Nc2nc(Nc3ccc(N4CCC(N5CCOCC5)CC4)cc3OC)ncc2C(F)(F)F)c1
4134,7.552841968657781,nM,CHEMBL4226436,C=CC(=O)Nc1cccc(NC(=O)Nc2ccnc(Nc3ccc(C4CCN(C)CC4)cc3OC)n2)c1
4135,7.431798275933005,nM,CHEMBL4226562,C=CC(=O)Nc1cccc(NC(=O)Nc2nc(Nc3ccc(N4CCC(N5CCOCC5)CC4)cc3OC)ncc2Cl)c1
4136,8.795880017344075,nM,CHEMBL4226676,CN(C)C1CCN(c2ccc(Nc3ncc4nc(Sc5ccccc5)n(C5CCOCC5)c4n3)cc2)CC1
4137,7.823908740944319,nM,CHEMBL4226702,C=CC(=O)Nc1cccc(NC(=O)Nc2ccnc(Nc3ccc(N4CCOCC4)cc3OC)n2)c1
4138,7.744727494896694,nM,CHEMBL4226907,O=C(N/N=C/c1ccc(F)cc1Cl)N1CCc2ncnc(Nc3cccc(Br)c3)c2C1
4139,6.094204119632131,nM,CHEMBL4226937,CN(C)CCOc1ccc(Nc2ncc3nc(Sc4cccc(F)c4)n(C4CCOCC4)c3n2)cc1
4140,7.318758762624412,nM,CHEMBL4226965,C=CC(=O)Nc1cccc(NC(=O)Nc2ccnc(Nc3ccc(N4CCN(C)CC4)cc3)n2)c1
4141,8.455931955649724,nM,CHEMBL4227091,C=CC(=O)Nc1cc(Nc2ncc3ncn(-c4ccc(I)cc4)c3n2)c(OC)cc1N(C)CCN(C)C
4142,8.569924944448061,nM,CHEMBL4227201,C=CC(=O)Nc1cc(Nc2ncc3nc(Nc4ccccc4)n(C)c3n2)c(OC)cc1N(C)CCN(C)C
4143,8.3767507096021,nM,CHEMBL4227210,C=CC(=O)Nc1cc(Nc2ncc3ncn(-c4ccc(C(C)C)cc4)c3n2)c(OC)cc1N(C)CCN(C)C
4144,7.060480747381382,nM,CHEMBL4227278,C=CC(=O)Nc1cccc(NC(=O)Nc2ccnc(Nc3ccc(N4CCOCC4)cc3)n2)c1
4145,7.616184634019569,nM,CHEMBL4227281,Cc1ccc(/C=N/NC(=O)N2CCc3ncnc(Nc4cccc(C(F)(F)F)c4)c3C2)cc1
4146,6.716698771296451,nM,CHEMBL4227490,C=CC(=O)Nc1cccc(NC(=O)Nc2ccnc(Nc3ccccc3OC)n2)c1
4147,7.657577319177793,nM,CHEMBL4227552,C=CC(=O)Nc1cccc(NC(=O)Nc2ccnc(Nc3ccc(N4CCN(CCF)CC4)cc3OC)n2)c1
4148,6.346787486224656,nM,CHEMBL422758,COc1cc2c(Nc3c(F)cc(Cl)cc3F)ncnc2cc1OCC1CCN(C)CC1
4149,8.292429823902063,nM,CHEMBL4227701,C=CC(=O)Nc1cc(Nc2ncc3nc(Nc4ccccc4)n(C(C)C)c3n2)c(OC)cc1N(C)CCN(C)C
4150,7.236572006437063,nM,CHEMBL4227812,C=CC(=O)Nc1cccc(NC(=O)Nc2ccnc(Nc3ccc(OC)cc3OC)n2)c1
4151,6.575118363368933,nM,CHEMBL4228018,C=CC(=O)Nc1cccc(NC(=O)Nc2ccnc(Nc3ccc(OCCOC)cc3)n2)c1
4152,7.373659632624958,nM,CHEMBL4228120,O=C(N/N=C/c1cc(F)c(F)cc1Cl)N1CCc2ncnc(Nc3ccc(F)c(Cl)c3)c2C1
4153,8.698970004336019,nM,CHEMBL4228176,C=CC(=O)Nc1cccc(NC(=O)Nc2ccnc(Nc3ccc(N4CCC(N(CC)CC)CC4)cc3OC)n2)c1
4154,7.769551078621726,nM,CHEMBL4228473,C=CC(=O)Nc1cccc(NC(=O)Nc2ccnc(Nc3ccc(N4CCN(C)CC4)cc3OC)n2)c1
4155,8.4089353929735,nM,CHEMBL4228672,C=CC(=O)Nc1cc(Nc2ncc3ncn(-c4ccc(Cl)cc4)c3n2)c(OC)cc1N(C)CCN(C)C
4156,6.892790030352132,nM,CHEMBL4228848,C=CC(=O)Nc1cccc(NC(=O)Nc2ccnc(Nc3ccc(C(=O)N4CCOCC4)cc3OC)n2)c1
4157,7.920818753952375,nM,CHEMBL4229010,C=CC(=O)Nc1cccc(NC(=O)Nc2ccnc(Nc3ccc(N(CC)CC)cc3OC)n2)c1
4158,7.204119982655925,nM,CHEMBL4229213,O=C(N/N=C/c1cccs1)N1CCc2ncnc(Nc3ccc(F)c(Cl)c3)c2C1
4159,6.995678626217357,nM,CHEMBL4229266,C=CC(=O)Nc1cccc(NC(=O)Nc2ccnc(Nc3ccc(C(=O)N(CC)CC)cc3OC)n2)c1
4160,7.508638306165727,nM,CHEMBL423224,Brc1cccc(Nc2[nH]cnc3nc4ccccc4c2-3)c1
4161,8.148741651280925,nM,CHEMBL4237916,CCCN(c1ccc(OC)cc1)c1ncnc2occ(C)c12
4162,4.341988603342888,nM,CHEMBL4238771,Clc1ccc(SCc2n[nH]c(-c3ccc(Cl)cc3)n2)cc1
4163,8.142667503568731,nM,CHEMBL4239716,CSc1ccc(N(C)c2ncnc3occ(C)c23)cc1
4164,5.920818753952375,nM,CHEMBL4241486,O=C(N/N=C1\CC2(CCCCC2)Oc2c1ccc1ccccc21)C1C2CC3CC(C2)CC1C3
4165,7.033858267260968,nM,CHEMBL4241638,CCN(c1ccc(OC)cc1)c1ncnc2occ(C)c12
4166,5.721246399047171,nM,CHEMBL4241867,O=C(N/N=C1\CC2(CCCC2)Oc2ccccc21)Nc1ccc(Cl)cc1
4167,8.397940008672037,nM,CHEMBL4242522,CCc1ccc(N(C)c2ncnc3occ(C)c23)cc1
4168,5.886056647693163,nM,CHEMBL424302,N#C/C(=C\c1ccc(O)c(O)c1)C(=O)NCCCCCCCCCCNC(=O)/C(C#N)=C/c1ccc(O)c(O)c1
4169,6.522878745280337,nM,CHEMBL424375,COc1cccc(-c2cn(-c3ccc(CNCCO)cc3)c3ncnc(N)c23)c1
4170,5.853871964321762,nM,CHEMBL4244030,NCCCCCCC(=S)N/N=C1\CC2(CCCCC2)Oc2c1ccc1ccccc21
4171,8.508638306165727,nM,CHEMBL4245415,Cc1coc2ncnc(N(C)c3ccc(N(C)C)cc3)c12
4172,6.548060130634898,nM,CHEMBL4245874,COc1ccc(Nc2ncnc3occ(C)c23)cc1
4173,3.9030899869919446,nM,CHEMBL424625,COc1cc(/C=C(\C#N)C(N)=O)cc(CSCCC(=O)O)c1O
4174,4.283078926833239,nM,CHEMBL4246256,Oc1cccc(Nc2nnnc3sc4c(c23)CCC4)c1
4175,6.0,nM,CHEMBL424853,Fc1ccc2c(c1)CNc1c(Nc3ccc(F)c(Cl)c3)ncnc1O2
4176,7.809668301829708,nM,CHEMBL4250191,COc1ccc(N(C)c2ncnc3occ(C)c23)cc1
4177,8.193820026016112,nM,CHEMBL4250210,CNc1ccc(N(C)c2ncnc3occ(C)c23)cc1
4178,7.995678626217358,nM,CHEMBL4250273,COc1ccc(N(c2ncnc3occ(C)c23)C(C)C)cc1
4179,4.411952503013918,nM,CHEMBL4251297,Oc1ccc(Nc2nnnc3sc4c(c23)CCC4)cc1
4180,5.958607314841776,nM,CHEMBL425402,Fc1ccc(Nc2ncnc3c2NCc2ccccc2O3)cc1Cl
4181,8.045757490560675,nM,CHEMBL425601,COc1cc2ncnc(Nc3cccc(Cl)c3F)c2cc1CN(C)C1(C(N)=O)CN(C(C)C)C1
4182,6.920818753952375,nM,CHEMBL425738,CCOC(=O)c1cc2c(Nc3ccc4c(cnn4Cc4ccccc4)c3)ncnn2c1
4183,6.045757490560675,nM,CHEMBL426124,COc1ccc2c(c1)CNc1c(Nc3ccc(F)c(Cl)c3)ncnc1O2
4184,9.537602002101044,nM,CHEMBL426580,Cc1nc2cc3c(Nc4cccc(Br)c4)ncnc3cc2[nH]1
4185,6.692503962086787,nM,CHEMBL427298,CN(C)CCn1cnc2c(Cl)c3c(Nc4cccc(Br)c4)ncnc3cc21
4186,7.091514981121351,nM,CHEMBL427671,Cc1ccn2ncnc(Nc3ccc4c(cnn4Cc4cccc(F)c4)c3)c12
4187,7.667561540084395,nM,CHEMBL4276744,C=CC(=O)Nc1ccccc1Nc1nc(Nc2ccc(OCCCN3CCOCC3)cc2)ncc1Cl
4188,6.330683119433888,nM,CHEMBL4276965,COc1ccc(OC)c(Nc2cc(Nc3ccc(S(N)(=O)=O)cc3)ncn2)c1
4189,6.997833938243493,nM,CHEMBL4277822,C=CC(=O)Nc1cccc(Oc2nc(Nc3ccc(CC(=O)N4CCOCC4)cc3)ncc2Cl)c1
4190,6.011441043121385,nM,CHEMBL4278031,COc1cccc(Nc2cc(Nc3cccc(Cl)c3)ncn2)c1
4191,8.92009553233328,nM,CHEMBL427832,OCCN(CCO)CCCNc1c(Br)cccc1Nc1ncnc2ccncc12
4192,7.769551078621726,nM,CHEMBL4278325,C=CC(=O)Nc1cccc(-n2c(=O)c(=O)n(C(C)C)c3cnc(Nc4ccc(N(C)CCN(C)C)cc4OC)nc32)c1
4193,7.669586226650809,nM,CHEMBL4278886,Nc1ccc(-c2cc3c(Nc4ccc(Oc5cccc(C(F)(F)F)c5)c(Cl)c4)ncnc3s2)cc1
4194,6.978810700930062,nM,CHEMBL4278997,O=C(O)CCCC(=O)Nc1cc(Nc2ccccc2)ncn1
4195,5.823908740944319,nM,CHEMBL4279008,COc1ccc(-c2nc3sc(-c4ccc(Cl)cc4)cn3n2)cc1
4196,9.154901959985745,nM,CHEMBL4279016,C=C=CC(=O)Nc1cc(Nc2nccc(-c3cn(C)c4ccccc34)n2)c(OC)cc1N1CCC(N2CCN(C)CC2)CC1
4197,4.346787486224657,nM,CHEMBL4279863,O=C(N/N=C/c1cccn1CCCN1CCCC1)Nc1ccc(Oc2ccnc3[nH]ccc23)cc1
4198,7.815308569182402,nM,CHEMBL4280174,C=CC(=O)Nc1ccccc1Nc1nc(Nc2ccc(CN3CCOCC3)cc2)ncc1Cl
4199,6.097290187030123,nM,CHEMBL428039,CCOc1cc2ncnc(NC3=CC(=O)C(OC)=CC3=O)c2cc1NC(=O)/C=C/CN(C)C
4200,6.681936665037238,nM,CHEMBL4280395,COc1ccc(OC)c(Nc2cc(Nc3ccc(F)cc3)ncn2)c1
4201,7.080921907623926,nM,CHEMBL428046,Fc1cccc(Cn2ncc3cc(Nc4ncnn5ccc(COC[C@H]6CNCCO6)c45)ccc32)c1
4202,8.045757490560675,nM,CHEMBL4280817,O=C1CSC(N2N=C(c3ccncc3)CC2c2ccc(Br)cc2)=N1
4203,7.326979092871104,nM,CHEMBL4280835,CS(=O)(=O)Nc1ccc(-c2cc3c(Nc4ccc(Oc5cccc(C(F)(F)F)c5)c(Cl)c4)ncnc3s2)cc1
4204,5.8510890068906445,nM,CHEMBL4281413,O=C(Nc1cc(Nc2ccc(Cl)cc2)ncn1)c1ccc(F)cc1
4205,7.337242168318426,nM,CHEMBL4281426,O=C1Nc2ccc(S(=O)(=O)N3CCOCC3)cc2/C1=N/Nc1ccccc1
4206,8.154901959985743,nM,CHEMBL4282460,O=C(O)CCCC(=O)Nc1cc(Nc2cccc(Cl)c2)ncn1
4207,5.142667503568732,nM,CHEMBL4282482,Clc1ccc(-c2cn3nc(-c4ccccc4)nc3s2)cc1
4208,9.397940008672036,nM,CHEMBL4282543,C=C=CC(=O)Nc1cc(Nc2nccc(-c3cn(C)c4ccccc34)n2)c(OC)cc1OCCN1CCN(C)CC1
4209,7.167491087293763,nM,CHEMBL4282879,COc1ccc(OC)c(Nc2cc(NC(=O)CCCC(=O)O)ncn2)c1
4210,9.221848749616356,nM,CHEMBL4282954,C=C=CC(=O)Nc1cc(Nc2nccc(-c3cn(C)c4ccccc34)n2)c(OC)cc1N1CCOCC1
4211,7.568636235841013,nM,CHEMBL4283061,CCOC(=O)CCCC(=O)Nc1cc(Nc2cccc(Cl)c2)ncn1
4212,6.991399828238083,nM,CHEMBL4283097,COc1ccc(OC)c(Nc2cc(NCCc3cccs3)ncn2)c1
4213,6.045275209020938,nM,CHEMBL4283517,COc1cc(Nc2cc(Nc3ccc(Cl)cc3)ncn2)cc(OC)c1OC
4214,7.585026652029182,nM,CHEMBL4283823,COc1ccc(Nc2cc(NC(=O)c3ccccc3)ncn2)cc1
4215,7.958607314841775,nM,CHEMBL4283970,O=C(O)CCCC(=O)Nc1cc(N2CCOCC2)ncn1
4216,9.148741651280924,nM,CHEMBL4284071,C=CC(=O)Nc1cccc(Nc2nc(Nc3ccc(CN4CCOCC4)cc3)ncc2Cl)c1
4217,7.619788758288394,nM,CHEMBL4284413,O=C(Nc1nccs1)C(c1ccccc1)N1Cc2ccccc2C1=O
4218,7.605548319173784,nM,CHEMBL4284684,C=CC(=O)Nc1ccccc1Nc1nc(Nc2ccc(OCC(=O)N3CCOCC3)cc2)ncc1Cl
4219,6.966576244513051,nM,CHEMBL4284841,COc1ccc(C2=C(C#N)C3=NC4=Nc5ccc(S(=O)(=O)N6CCOCC6)cc5C4=NC3C(O)=C2C#N)cc1
4220,5.910448117113546,nM,CHEMBL4284911,COc1cccc(Nc2cc(Nc3ccc(S(N)(=O)=O)cc3)ncn2)c1
4221,6.301029995663981,nM,CHEMBL428534,COc1cc2c(Nc3ccc(C)cc3F)ncnc2cc1OCC1CCNCC1
4222,6.123782159408358,nM,CHEMBL4285894,Cc1oc2ncnc(Nc3cccc(Br)c3)c2c1C(=O)O
4223,7.221848749616356,nM,CHEMBL4286031,Fc1cc(F)cc(NC(=S)Nc2ccc3ncnc(Nc4cccc(Br)c4)c3c2)c1
4224,7.167491087293763,nM,CHEMBL4286241,C=CC(=O)Nc1cccc(-n2c(=O)c(=O)n(C(C)C)c3cnc(Nc4ccc(OCCN(C)C)cc4OC)nc32)c1
4225,7.154901959985743,nM,CHEMBL4286263,O=C(O)CCCC(=O)Nc1cc(Nc2cccc(Br)c2)ncn1
4226,6.950781977329819,nM,CHEMBL4286733,O=C(Nc1ccc(-c2cc3c(Nc4ccc(Oc5cccc(C(F)(F)F)c5)c(Cl)c4)ncnc3s2)cc1)NC1CC1
4227,6.769551078621726,nM,CHEMBL4286871,CCNc1cc(Nc2cccc(Cl)c2)ncn1
4228,4.888381863448501,nM,CHEMBL428690,CN1CC[C@H](c2c(O)cc(O)c3c(=O)cc(-c4ccccc4Cl)oc23)[C@H](O)C1
4229,5.552841968657781,nM,CHEMBL4286943,COc1cc(-c2nc3sc(-c4ccccc4)cn3n2)cc(OC)c1OC
4230,5.008773924307505,nM,CHEMBL4286998,c1ccc(-c2nc3sc(-c4ccccc4)cn3n2)cc1
4231,9.154901959985745,nM,CHEMBL4287401,C=C=CC(=O)Nc1cc(Nc2nccc(-c3cn(C)c4ccccc34)n2)c(OC)cc1OCCN1CCOCC1
4232,8.387216143280265,nM,CHEMBL428741,CCOc1cc2ncnc(NC3=CC(=O)C(OCc4cccc(F)c4)=CC3=O)c2cc1NC(=O)/C=C/CN(C)C
4233,6.101274818410507,nM,CHEMBL4287629,O=C(O)CCC(=O)Nc1cc(Nc2ccc(Cl)cc2)ncn1
4234,7.657577319177793,nM,CHEMBL428777,C[C@@H](Oc1cccc2ncnc(Nc3ccc(OCc4ccccn4)c(Cl)c3)c12)C(=O)N(C)C
4235,7.872895201635193,nM,CHEMBL4288080,C=CC(=O)Nc1ccccc1Nc1nc(Nc2ccc(OCCN3CCOCC3)cc2)ncc1Cl
4236,8.920818753952375,nM,CHEMBL4288246,C=C=CC(=O)Nc1cc(Nc2nccc(-c3cn(C)c4ccccc34)n2)c(OC)cc1N(C)CCN1CCOCC1
4237,6.6401645176601125,nM,CHEMBL4288262,Clc1ccc(Nc2cc(Nc3cccc(Cl)n3)ncn2)cc1
4238,8.113509274827518,nM,CHEMBL4288300,COc1cccc(Nc2cc(Nc3cc(OC)ccc3OC)ncn2)c1
4239,7.037630664329979,nM,CHEMBL4288374,O=C(NCCN1CCOCC1)Nc1ccc(-c2cc3c(Nc4ccc(Oc5cccc(C(F)(F)F)c5)c(Cl)c4)ncnc3s2)cc1
4240,6.0301183562535,nM,CHEMBL4288761,CCOC(=O)CCC(=O)Nc1cc(Nc2cccc(Br)c2)ncn1
4241,5.714217726220605,nM,CHEMBL4289083,COc1ccc(-c2c(C#N)c(N)n(/N=C3\C(=O)Nc4ccc(S(=O)(=O)N5CCOCC5)cc43)c(=O)c2C#N)cc1
4242,5.769551078621726,nM,CHEMBL4289274,COc1cc(-c2nc3sc(-c4ccc(Cl)cc4)cn3n2)cc(OC)c1OC
4243,6.19873352951038,nM,CHEMBL4289577,O=C(Nc1ccc(Oc2ccnc3[nH]ccc23)c(F)c1)c1cc2cccnc2n(-c2ccc(F)cc2)c1=O
4244,6.025028005701932,nM,CHEMBL4289682,O=C(O)CCCC(=O)Nc1cc(Nc2ccc(Cl)cc2)ncn1
4245,6.688246138944246,nM,CHEMBL4289728,N=c1oc2ccccc2cc1C(=O)N/N=C1\C(=O)Nc2ccc(S(=O)(=O)N3CCOCC3)cc21
4246,5.251811972993799,nM,CHEMBL4290355,COc1ccc(-c2nc3sc(-c4ccccc4)cn3n2)cc1
4247,6.045275209020938,nM,CHEMBL4290375,Cc1oc2ncnc(Nc3cccc(Cl)c3)c2c1C(=O)O
4248,5.958607314841776,nM,CHEMBL429057,Nc1ncnc2c1c(-c1ccccc1)cn2-c1ccccc1CO
4249,7.67778070526608,nM,CHEMBL4290750,CCOC(=O)c1ccc(Nc2cc(NC(=O)CCCC(=O)O)ncn2)cc1
4250,8.10790539730952,nM,CHEMBL4290785,C=CC(=O)Nc1cccc(-n2c(=O)c(=O)n(C(C)C)c3cnc(Nc4ccc(N5CCC(N6CCN(C)CC6)CC5)cc4OC)nc32)c1
4251,9.522878745280336,nM,CHEMBL4290812,C=C=CC(=O)Nc1cc(Nc2nccc(-c3cn(C)c4ccccc34)n2)c(OC)cc1N1CCN(C)CC1
4252,7.3214816209598865,nM,CHEMBL4291471,CC(=O)Nc1ccc(-c2cc3c(Nc4ccc(Oc5cccc(C(F)(F)F)c5)c(Cl)c4)ncnc3s2)cc1
4253,7.023650020996727,nM,CHEMBL4291900,C=CC(=O)Nc1cccc(Nc2nc(Nc3ccc(OCCN4CCOCC4)cc3)ncc2Cl)c1
4254,7.092588639225414,nM,CHEMBL4291935,C=CC(=O)Nc1cccc(Nc2nc(Nc3ccc(CN4CCOCC4)cc3)ncc2F)c1
4255,5.925183559354825,nM,CHEMBL4292110,CCOC(=O)c1ccc(Nc2cc(Nc3cccc(OC)c3)ncn2)cc1
4256,7.769551078621726,nM,CHEMBL4292351,C=CC(=O)Nc1cccc(Nc2nc(Nc3ccc(CN4CCOCC4)cc3OC)ncc2Cl)c1
4257,5.568636235841013,nM,CHEMBL4292715,Cc1oc2ncnc(Nc3cccc(Cl)c3)c2c1C(=O)NCCO
4258,6.122628654130226,nM,CHEMBL4293134,CCOc1ccc(Nc2cc(NC(=O)c3ccccc3)ncn2)cc1
4259,9.154901959985745,nM,CHEMBL4293145,C=C=CC(=O)Nc1cc(Nc2nccc(-c3cn(C)c4ccccc34)n2)c(OC)cc1O[C@H]1CCOC1
4260,6.021819483062586,nM,CHEMBL4293326,Cc1oc2ncnc(Nc3ccc(OCc4cccc(F)c4)c(Cl)c3)c2c1C(=O)O
4261,6.540607512240769,nM,CHEMBL4293690,COc1ccc(OC)c(Nc2cc(Nc3ccc(N4CCN(C)CC4)cc3)ncn2)c1
4262,9.0,nM,CHEMBL4293734,C=C=CC(=O)Nc1cc(Nc2nccc(-c3cn(C)c4ccccc34)n2)c(OC)cc1N1CCC(N(C)C)CC1
4263,7.920818753952375,nM,CHEMBL4294156,COc1cccc(Nc2cc(NC(=O)CCCC(=O)O)ncn2)c1
4264,9.154901959985745,nM,CHEMBL4294211,C=C=CC(=O)Nc1cc(Nc2nccc(-c3cn(C)c4ccccc34)n2)c(OC)cc1N1CCC(N2CCOCC2)CC1
4265,5.71331903064507,nM,CHEMBL4294264,COc1cc2ncnc(Nc3ccc(-c4cc(-c5ccc(Br)cc5)c(C#N)c(=N)[nH]4)cc3)c2cc1OC
4266,8.236572006437063,nM,CHEMBL4294743,CCC(=O)N[C@H]1CC[C@H](N2C(=O)N(c3ccccc3Cl)Cc3cnc(Nc4ccc(N5CCN(C)CC5)c(C)c4)nc32)CC1
4267,5.698970004336019,nM,CHEMBL4297674,CC#CC(=O)N[C@H]1CCCN(c2c(F)cc(C(N)=O)c3[nH]c(C)c(C)c23)C1
4268,9.769551078621726,nM,CHEMBL4297865,C=CC(=O)Nc1cccc(Oc2nc(Nc3ccc(N4CCN(C)CC4)c(F)c3)nc3[nH]ccc23)c1
4269,7.0655015487564325,nM,CHEMBL429827,Cc1ccn2ncnc(Nc3ccc4c(cnn4Cc4ccccc4)c3)c12
4270,7.494850021680094,nM,CHEMBL430031,CC(C)CO/N=C/c1c(N)ncnc1Nc1ccc2c(cnn2Cc2cccc(F)c2)c1
4271,8.443697499232712,nM,CHEMBL430571,C=CC(=O)Nc1ccc2ncnc(Nc3ccc(OCc4ccccc4)cc3)c2c1
4272,4.787812395596043,nM,CHEMBL431001,Cc1[nH]c2ncnc(Nc3cccc(C(=O)O)c3)c2c1C
4273,6.0655015487564325,nM,CHEMBL431191,COc1cccc(Nc2ncnc3[nH]c4c(c23)CCCC4)c1
4274,9.0,nM,CHEMBL431977,NC(=O)C1CCN(Cc2ccc(-c3cc4nccc(Nc5ccc6[nH]ccc6c5)c4s3)cc2)CC1
4275,4.247951552180562,nM,CHEMBL431996,O=C(O)CCc1c(/C=C2\C(=O)Nc3ccc(C(=O)O)cc32)[nH]c2c1CCCC2
4276,4.319999993033795,nM,CHEMBL432396,COc1cc2ncc(C#N)c(Nc3ccc(F)cc3)c2cc1OC
4277,4.85078088734462,nM,CHEMBL432416,Nc1ccc(-c2cc(=O)c3cc(N)c(O)cc3o2)cc1
4278,6.193820026016113,nM,CHEMBL432428,N#C/C(=C\c1cc(O)c(O)c(CSCc2ccccc2)c1)C(N)=O
4279,5.866461091629783,nM,CHEMBL432738,CCNC(=O)Nc1nc2nc(N)ncc2cc1-c1c(Cl)cccc1Cl
4280,6.698970004336019,nM,CHEMBL432903,CCN(CC)CCNC(=O)c1c(C)[nH]c(/C=C2\C(=O)Nc3ncnc(Nc4ccc(F)c(Cl)c4)c32)c1C
4281,5.051587034221399,nM,CHEMBL432941,COc1cccc(-c2ccc3c(c2)NC(=O)/C3=C\c2[nH]c3c(c2CCC(=O)O)CCCC3)c1
4282,8.481486060122112,nM,CHEMBL433205,Nc1ccc2c(Nc3cccc(C(F)(F)F)c3)ncnc2c1
4283,6.508638306165727,nM,CHEMBL433305,c1ccc(Nc2ncnc3[nH]c4c(c23)CCCC4)cc1
4284,8.337242168318426,nM,CHEMBL433520,CCN(CC)CC(O)CNc1cc2c(Nc3cccc(Br)c3)ncnc2cn1
4285,4.962732905431291,nM,CHEMBL434063,CN(CCOc1ccc(C[C@H](Nc2ccccc2C(=O)c2ccccc2)C(=O)O)cc1)c1ccccn1
4286,9.136677139879543,nM,CHEMBL434827,CCN(CC)CCCNC(=O)/C=C/C(=O)Nc1cc2c(Nc3cccc(Br)c3)ncnc2cn1
4287,8.040958607678906,nM,CHEMBL434828,O=C(/C=C/c1ccccc1)Nc1cc2c(Nc3cccc(Br)c3)ncnc2cn1
4288,4.327902142064283,nM,CHEMBL435054,Cn1c(SSc2c(C(=O)Nc3ccccn3)c3ccccc3n2C)c(C(=O)Nc2ccccn2)c2ccccc21
4289,6.958607314841775,nM,CHEMBL435809,CO[C@H]1[C@@H](N(C)C(=O)c2ccc(C(=O)O)cc2)C[C@@H]2O[C@@]1(C)n1c3ccccc3c3c4c(c5c6ccccc6n2c5c31)C(=O)NC4
4290,4.420216403383191,nM,CHEMBL435831,O=C(Cc1c(SSc2[nH]c3ccccc3c2CC(=O)NCc2ccccc2)[nH]c2ccccc12)NCc1ccccc1
4291,8.040005161671584,nM,CHEMBL435993,OCCN(CCO)CCNc1cc2ncnc(Nc3cccc(Br)c3)c2cn1
4292,6.015472686656208,nM,CHEMBL436137,Cc1cccc(C)c1-c1cc(C)c2nc(Nc3ccc(OCCN4CCCC4)cc3)nnc2c1
4293,6.161150909262745,nM,CHEMBL436511,CN1CCC(Oc2cccc3ncnc(Nc4ccc(OCc5cnccn5)c(Cl)c4)c23)CC1
4294,5.865631615396621,nM,CHEMBL437197,COc1cc2ncnc(Nc3cccc(C#CCCCO)c3)c2cc1OC
4295,3.356547323513813,nM,CHEMBL437612,Cc1cc(C=C2C(=O)C=CC2=O)cc(C)c1O
4296,9.681936665037238,nM,CHEMBL437879,COc1cc2ncnc(Nc3cc(Cl)c(Cl)cc3F)c2cc1OC
4297,6.443697499232712,nM,CHEMBL437885,COc1cc2ncnc(Nc3cccc(Cl)c3F)c2cc1CN1CCCC1
4298,8.958607314841775,nM,CHEMBL437890,CN1CCN(CCC#CC(=O)Nc2cc3c(Nc4ccc(F)c(Br)c4)ncnc3cn2)CC1
4299,4.6003262785189625,nM,CHEMBL438075,CC(=O)Nc1ccc(C#Cc2cncnc2Nc2ccc(OCc3cccc(F)c3)c(Cl)c2)cc1
4300,7.130768280269024,nM,CHEMBL438440,Fc1cccc(COc2ccc(Nc3ncncc3C#Cc3cccnc3)cc2Cl)c1
4301,6.022276394711152,nM,CHEMBL438805,CCCc1c(C(=O)OCC)cn2ncnc(Nc3ccc4c(cnn4Cc4ccccc4)c3)c12
4302,7.42021640338319,nM,CHEMBL440453,COc1cc(O)c2c(O)c(-c3cccc(Cl)c3)cnc2c1
4303,6.443697499232712,nM,CHEMBL440873,FC(F)(F)c1cccc(Nc2ncnc3[nH]c4c(c23)CCCC4)c1
4304,6.040958607678906,nM,CHEMBL441083,Cc1cccc(Nc2ncnc3ccccc23)c1
4305,7.389978975335855,nM,CHEMBL441332,Nc1c(Nc2ncnc3ccncc23)cccc1[N+](=O)[O-]
4306,7.400007822415902,nM,CHEMBL441333,COc1c(Br)cccc1Nc1ncnc2ccncc12
4307,6.879985747921934,nM,CHEMBL441335,COc1cccc(Nc2ncnc3ccncc23)c1N
4308,5.689604105989774,nM,CHEMBL441518,CN(C)C/C=C/C(=O)Nc1cnc2ncc(C#N)c(Nc3cccc(Br)c3)c2c1
4309,6.221848749616356,nM,CHEMBL442749,c1nc(Nc2ccc3[nH]ccc3c2)c2sccc2n1
4310,7.207608310501747,nM,CHEMBL442754,COCCN(C)C/C=C/C(=O)Nc1ccc2ncnc(Nc3cccc(Br)c3)c2c1
4311,7.248105311956253,nM,CHEMBL442938,C[C@H]1[C@H](C)CC[C@]2(C(=O)O)CC[C@]3(COC(=O)/C=C/c4ccc(O)cc4)C(=CC[C@@H]4[C@@]5(C)CC[C@H](O)C(C)(C)[C@@H]5CC[C@]43C)[C@H]12
4312,7.236572006437063,nM,CHEMBL443098,COCCCN1CCN([C@H]2CC[C@H](n3nc(-c4ccc5nc(Cc6ccccc6OC)[nH]c5c4)c4c(N)ncnc43)CC2)CC1
4313,5.274905478918532,nM,CHEMBL443268,Cc1cc(C(=O)NCCN2CCOCC2)[nH]c1/C=C1\C(=O)N(C)c2ncnc(Nc3ccc(F)c(Cl)c3)c21
4314,6.573488738635425,nM,CHEMBL4434788,CC(C)(O)Cn1/c(=N/C(=O)c2ccnc(-c3ccccc3)c2)[nH]c2ccccc21
4315,8.30539480106643,nM,CHEMBL4435233,COc1cc2c(Nc3ccc(Br)cc3F)ncnc2cc1OCCOCCOCCNC(=O)Cn1cnc([N+](=O)[O-])n1
4316,6.050609993355088,nM,CHEMBL4435619,O=C(/C=C/CN1CCCC1)N1CCCOc2cc3ncnc(Nc4ccc(F)c(Cl)c4)c3cc21
4317,7.091514981121351,nM,CHEMBL4435632,Cc1cc(=O)n2nc(SCc3cccc(C(F)(F)F)c3)nc2[nH]1
4318,7.823908740944319,nM,CHEMBL4435699,C=CC(=O)Oc1cc2c(Nc3ccc(F)c(Cl)c3)ncnc2cc1OCC
4319,7.549750891680639,nM,CHEMBL4435885,COc1cc2ncnc(Nc3ccc(Br)cc3F)c2cc1OCCCN1CCNCCNCC1
4320,7.602059991327963,nM,CHEMBL4437599,CCOc1cc2ncnc(Nc3ccc(F)c(Cl)c3)c2cc1NC(=O)COC(=O)c1ccccc1
4321,6.832682665251824,nM,CHEMBL4437803,O=C(Nc1cccc(NC(=O)c2ccccn2)c1)NC1CCCCC1
4322,7.522878745280337,nM,CHEMBL4437863,CC1(C)CC[C@]2(C(=O)OCCO[N+](=O)[O-])CC[C@]3(C)C(=CC[C@@H]4[C@@]5(C)CC[C@H](O)C(C)(C)[C@@H]5CC[C@]43C)[C@@H]2C1
4323,7.154901959985743,nM,CHEMBL4437943,O=C(CCSC(=S)N1CCN(c2ccccc2)CC1)Nc1cccc(NC(=O)c2ccccn2)c1
4324,7.332360293943589,nM,CHEMBL4438856,C=CC(=O)Nc1cc(Nc2nccc(NC(=O)c3ccc(C(F)(F)F)cc3)n2)c(OC)cc1N(C)CCN(C)C
4325,4.9755143323008335,nM,CHEMBL4439053,O=C(Nc1cnn(-c2ccccc2)c1)c1cccc(NS(=O)(=O)c2ccc(Cl)cc2)c1
4326,5.769551078621726,nM,CHEMBL443906,c1cc(Nc2ncnc3[nH]cnc23)cc(-c2nc3ccccc3s2)c1
4327,6.301029995663981,nM,CHEMBL4439066,C=CC(=O)N(c1cc(F)c(F)cc1F)c1ncnc2cc(OC)c(OCCCN3CCOCC3)cc12
4328,9.522878745280336,nM,CHEMBL4439338,COc1cc2ncnc(Nc3ccc(OCc4cccc(F)c4)c(Cl)c3)c2cc1OCCCN1CCNCCNCC1
4329,8.045757490560675,nM,CHEMBL4439680,COc1ccc(/C=C/C(=O)Nc2cc3c(Nc4ccc(F)c(Cl)c4)ncnc3cc2O[C@@H]2CCOC2)cc1
4330,6.346787486224656,nM,CHEMBL4439837,Cn1c(=O)c2[nH]c(SC/C(=N/O)c3ccc(Br)cc3)nc2n(C)c1=O
4331,9.2839966563652,nM,CHEMBL4439974,CCOc1cc2ncnc(Nc3ccc(F)c(Cl)c3)c2cc1NC(=O)COC(C)=O
4332,9.657577319177792,nM,CHEMBL4439982,C[N+](C)(C/C=C/C(=O)Nc1ccc2ncnc(Nc3cccc(Br)c3)c2c1)Cc1ccc([N+](=O)[O-])cc1.[Br-]
4333,6.494850021680094,nM,CHEMBL4440012,COc1ccc(/C(CSc2nc3c([nH]2)c(=O)n(C)c(=O)n3C)=N\O)cc1
4334,9.060480747381382,nM,CHEMBL4440618,CCOc1cc2ncnc(Nc3ccc(F)c(Cl)c3)c2cc1OC(=O)CCl
4335,7.279014255846262,nM,CHEMBL4441029,C=CC(=O)N(c1cccc(Cl)c1F)c1ncnc2cc(OC)c(OCCCN3CCOCC3)cc12
4336,6.954677021213342,nM,CHEMBL4441037,C=CC(=O)Nc1ccc(OC)c(Nc2cc(-c3c(-c4ccc(F)cc4)nc(SC)n3C)ccn2)c1
4337,7.2839966563652,nM,CHEMBL4441392,Cc1cc(=O)n2nc(SCc3ccc(F)cc3)nc2[nH]1
4338,6.148741651280925,nM,CHEMBL4441404,COc1ccc(/C(CSc2nc3[nH]c(=O)n(C)c(=O)c3[nH]2)=N\O)cc1
4339,6.798602875679549,nM,CHEMBL4441440,C=CC(=O)Nc1cccc(-c2coc3ncnc(N[C@H](CO)c4ccccc4)c23)c1
4340,7.262092076625361,nM,CHEMBL4441745,C=CC(=O)Nc1cc(Nc2nccc(NC(=O)c3ccc(OC)c(OC)c3)n2)c(OC)cc1N1CCC(C(N)=O)CC1
4341,6.073657553374344,nM,CHEMBL4441921,C=CC(=O)N(c1cccc(C(F)(F)F)c1)c1ncnc2cc(OC)c(OCCCN3CCOCC3)cc12
4342,4.617442678091214,nM,CHEMBL4442932,COc1cccc(-n2cc(NC(=O)c3ccc(NS(=O)(=O)c4ccccc4)cc3)cn2)c1
4343,8.563837352959244,nM,CHEMBL4443188,COC[C@H](C)Oc1cc2ncnc(Nc3ccc(F)c(Cl)c3)c2cc1NC(=O)/C=C/CN(C)C
4344,5.886056647693163,nM,CHEMBL444337,COC(=O)CN(C)[C@H]1C[C@@H]2O[C@](C)([C@H]1OC)n1c3ccccc3c3c4c(c5c6ccccc6n2c5c31)C(=O)NC4
4345,7.087777943467585,nM,CHEMBL4443413,CCC(=O)N1CC[C@@H](n2c(=O)c(-c3ccccc3Cl)c(C)c3cnc(Nc4ccc(N5CCN(C)CC5)c(C)c4)nc32)C1
4346,8.657577319177793,nM,CHEMBL4443483,COc1cc2c(Nc3ccc(NC(=O)C(c4cc(F)ccc4F)N4Cc5ccccc5C4=O)cc3F)ncnc2cc1OCC1CCN(C)CC1
4347,5.900664722314042,nM,CHEMBL4443805,C=CC(=O)N1CCC(Oc2nc(Nc3ccc(N4CCOCC4)cc3)nc3[nH]cc(-c4cncc(NC)n4)c23)CC1
4348,5.568636235841013,nM,CHEMBL4444231,CC(C)(O)Cn1/c(=N/C(=O)c2cccc(-c3cccnc3)c2)[nH]c2ccccc21
4349,7.795880017344075,nM,CHEMBL4444312,CCC/C=C\C(=O)Nc1cc(Nc2nc3c(c(-c4cn(C)c5ccccc45)n2)CS(=O)(=O)CC3)c(OC)cc1N(C)CCN(C)C
4350,8.397940008672037,nM,CHEMBL4445017,O=C(/C=C/CN1CCCCC1)N1CCOc2cc3ncnc(Nc4ccc(F)c(Cl)c4)c3cc21
4351,7.119186407719209,nM,CHEMBL4445265,Cc1cc(=O)n2nc(SCc3ccc([N+](=O)[O-])cc3)nc2[nH]1
4352,4.594995334949632,nM,CHEMBL4445843,O=C(Nc1cnn(-c2ccccc2)c1)c1ccc(NS(=O)(=O)c2ccccc2)cc1
4353,7.443697499232713,nM,CHEMBL4446124,N#Cc1cnc2ccc(NC(=O)CC3CCSS3)cc2c1Nc1ccc(OCc2cccc(F)c2)c(Cl)c1
4354,5.903785414653595,nM,CHEMBL4446546,CC/C=C\C(=O)Nc1cc(Nc2nc3c(c(-c4cn(C)c5ccccc45)n2)CSCC3)c(OC)cc1N(C)CCN(C)C
4355,5.0,nM,CHEMBL4446681,CN(CCc1ccc(-c2ccccc2)cc1)Cc1cn(C)c2ccc(C(=O)Nc3ccc(F)cc3)cc12
4356,7.102372908709559,nM,CHEMBL4446953,CCOC(=O)/C=C/C(=O)Nc1cccc(-c2c(-c3ccccc3)oc3ncnc(N[C@H](CO)c4ccccc4)c23)c1
4357,6.3979400086720375,nM,CHEMBL4446992,COc1cc2c(Oc3ccc(C4SCC(=O)N4NC(=O)Nc4ccc(F)cc4F)cc3F)ccnc2cc1OCCCN1CCN(C)CC1
4358,5.609241471261283,nM,CHEMBL4447036,C=CS(=O)(=O)Nc1cccc(-c2c(-c3ccccc3)oc3ncnc(N[C@H](CO)c4ccccc4)c23)c1
4359,6.301029995663981,nM,CHEMBL4447196,COc1ccc(/C=C/C(=O)c2ccc(NC(=O)c3cc4cc5cc(C)ccc5nc4s3)cc2)cc1OC
4360,6.22767829327708,nM,CHEMBL4447225,COc1cc2c(Oc3ccc(NS(=O)(=O)c4ccccc4C(F)(F)F)cc3F)ccnc2cc1OCCCN1CCC(C)CC1
4361,8.443697499232712,nM,CHEMBL444724,COc1ccc(N(C)c2nc(Cl)nc3ccccc23)cc1
4362,6.380906669373258,nM,CHEMBL4447289,C=CC(=O)Nc1cccc(-c2noc3ncnc(N[C@H](CO)c4ccccc4)c23)c1
4363,6.97061622231479,nM,CHEMBL4447962,C=CC(=O)Nc1cccc(-c2c(C)sc3ncnc(N[C@H](CO)c4ccccc4)c23)c1
4364,6.813891620186795,nM,CHEMBL4447976,CCOCCOc1cc2ncnc(Nc3ccc(OCc4cccc(F)c4)c(Cl)c3)c2cc1NC(=O)/C=C/CN(C)C
4365,8.698970004336019,nM,CHEMBL4448107,C=CC(=O)Nc1cc(Nc2ncc(F)c(Nc3ccccc3S(=O)(=O)C(C)C)n2)c(OC)cc1N(C)CCN(C)C
4366,6.621602099051863,nM,CHEMBL4448148,C/C=C/C(=O)Nc1cccc(-c2c(-c3ccccc3)oc3ncnc(N[C@H](CO)c4ccccc4)c23)c1
4367,9.0,nM,CHEMBL4448162,COc1cc2ncnc(Nc3ccc(Cl)c(Cl)c3)c2cc1OCCCN1CCOCC1
4368,4.582528306796707,nM,CHEMBL4448424,COc1ccc(-n2cc(NC(=O)c3ccc(NS(=O)(=O)c4ccccc4)cc3)cn2)cc1
4369,7.488116639021126,nM,CHEMBL4448428,CC(C)=CC[C@@H](OC(=O)/C=C\C(=O)c1ccc(Cl)cc1)C1=CC(=O)c2c(O)ccc(O)c2C1=O
4370,7.207608310501747,nM,CHEMBL4448691,C=CC(=O)Nc1cccc(-c2c(C)oc3ncnc(N[C@H](CO)c4ccccc4)c23)c1
4371,6.30189945437661,nM,CHEMBL4448712,C=CC(=O)N(c1ccc(F)c(C)c1)c1ncnc2cc(OC)c(OCCCN3CCOCC3)cc12
4372,8.698970004336019,nM,CHEMBL4449391,C=CC(=O)Nc1cc(Nc2ncc(Cl)c(Nc3ccccc3S(=O)(=O)N(C)C)n2)c(OC)cc1N(C)CCN(C)C
4373,6.452225294612178,nM,CHEMBL4449589,CC(C)(O)Cn1/c(=N/C(=O)c2ccnc(-c3cccnc3)c2)[nH]c2ccccc21
4374,9.468521082957745,nM,CHEMBL4449681,CCOc1cc2ncnc(Nc3ccc(F)c(Cl)c3)c2cc1NC(=O)CO
4375,7.184820869860582,nM,CHEMBL4449898,C=CC(=O)Nc1cc(Nc2nccc(NC(=O)c3ccc(C(F)(F)F)cc3)n2)c(OC)cc1N1CCC(C(N)=O)CC1
4376,6.909389292171594,nM,CHEMBL4450061,C=CC(=O)Nc1cc(Nc2nccc(NC(=O)c3ccc(OC)c(OC)c3)n2)c(OC)cc1N(C)CCN(C)C
4377,8.812479279163536,nM,CHEMBL4450824,CC(C)OCCOc1cc2ncnc(Nc3ccc(F)c(Cl)c3)c2cc1NC(=O)/C=C/CN(C)C
4378,6.250263684430939,nM,CHEMBL4450843,CN(C)C/C=C/C(=O)Nc1cccc(-c2c(-c3ccccc3)oc3ncnc(N[C@@H](CO)c4ccccc4)c23)c1
4379,6.522878745280337,nM,CHEMBL4451538,CCOc1cc2ncc(C#N)c(Nc3ccc(F)c(Cl)c3)c2cc1NC(=O)CC1CCSS1
4380,7.259716280318122,nM,CHEMBL4451619,C=CC(=O)Nc1cc(Nc2nccc(NC(=O)c3cccc(OC)c3)n2)c(OC)cc1N1CCN(C)CC1
4381,8.698970004336019,nM,CHEMBL4452106,O=C(Nc1nccs1)[C@@H](c1cc(F)ccc1O)N1Cc2ccccc2C1=O
4382,7.698970004336019,nM,CHEMBL4452906,CC(=O)O[C@H]1CC[C@]2(C)[C@H]3CC=C4[C@@H]5CC(C)(C)CC[C@]5(C(=O)OCCCCO[N+](=O)[O-])CC[C@@]4(C)[C@]3(C)CC[C@H]2C1(C)C
4383,7.6307841425898575,nM,CHEMBL4452957,CC(C)=CC[C@@H](OC(=O)/C=C\C(=O)c1cc(F)ccc1C)C1=CC(=O)c2c(O)ccc(O)c2C1=O
4384,7.312471038785365,nM,CHEMBL4453068,C#Cc1cccc(Nc2ncnc3cc4c(cc23)OCCO4)c1
4385,7.3609121289162625,nM,CHEMBL4453429,COc1cc2c(Nc3ccc(Br)cc3F)ncnc2cc1OCCNC(=O)Cn1cnc([N+](=O)[O-])n1
4386,7.18575240426808,nM,CHEMBL4453748,C=CC(=O)N(c1ccc(F)c(Cl)c1)c1ncnc2cc(OC)c(OCCCN3CCOCC3)cc12
4387,9.231213953091986,nM,CHEMBL4454516,C=CC(=O)Nc1cc(Nc2nccc(NC(=O)c3ccccc3)n2)c(OC)cc1N1CCC(C(N)=O)CC1
4388,5.772370350428991,nM,CHEMBL4454709,COc1cc(N(C)CCN(C)C)c(NC(=O)/C=C\C(C)C)cc1Nc1nc2c(c(-c3cn(C)c4ccc(F)cc34)n1)CSCC2
4389,4.516412703031106,nM,CHEMBL4455321,Cn1cc(NC(=O)c2cccc(NS(=O)(=O)c3ccc(Cl)cc3)c2)cn1
4390,7.045757490560675,nM,CHEMBL445572,CS(=O)(=O)CCN(Cc1ccccc1)Cc1ccc(-c2ccc3ncnc(Nc4ccc(OCc5cccc(F)c5)c(Cl)c4)c3c2)o1
4391,6.918292729902651,nM,CHEMBL4456234,C=CC(=O)Nc1cc(Nc2nccc(NC(=O)c3ccccc3)n2)c(OC)cc1N1CCN(C)CC1
4392,7.193820026016113,nM,CHEMBL4456359,CC#CC(=O)Nc1cccc(-c2c(-c3ccccc3)oc3ncnc(N[C@H](CO)c4ccccc4)c23)c1
4393,5.200659450546419,nM,CHEMBL4456370,OC(c1cccs1)c1cc2ccccc2nc1Cl
4394,7.207608310501747,nM,CHEMBL4456976,Cc1cc(=O)n2nc(SCc3ccc(C(C)C)cc3)nc2[nH]1
4395,8.060480747381382,nM,CHEMBL4457018,C=CC(=O)N1CCC[C@@H](Oc2nc(Nc3ccc(N4CCN(CC)CC4)cc3)nc3[nH]cc(-c4cncc(NC)n4)c23)C1
4396,5.947690900352677,nM,CHEMBL4457733,COc1cc2c(Oc3ccc(NS(=O)(=O)c4cc(F)ccc4F)cc3F)ccnc2cc1OCCCN1CCCC(C)C1
4397,6.860120913598763,nM,CHEMBL4458344,C=CC(=O)N1CCC[C@@H](Oc2nc(Nc3ccc(N4CCOCC4)cc3)nc3[nH]cc(-c4cncc(NC)n4)c23)C1
4398,7.886056647693163,nM,CHEMBL4458437,CCN(C/C=C/C(=O)Nc1cccc(-c2c(-c3ccccc3)oc3ncnc(N[C@H](CO)c4ccccc4)c23)c1)CCO
4399,8.522878745280337,nM,CHEMBL4458843,CC1CCCCN1C/C=C/C(=O)N1CCOc2cc3ncnc(Nc4ccc(F)c(Cl)c4)c3cc21
4400,4.813608784304507,nM,CHEMBL4459052,O=C(Nc1cnn(-c2ccccc2)c1)c1cccc(NS(=O)(=O)c2ccccc2)c1
4401,4.728390698621168,nM,CHEMBL4459564,O=C(Nc1cnn(-c2ccccc2)c1)c1ccc(NS(=O)(=O)c2ccc(Cl)cc2)cc1
4402,7.557520230935552,nM,CHEMBL4459978,CCC(=O)N[C@H]1CC[C@@H](n2c(=O)c(-c3ccccc3Cl)c(C)c3cnc(Nc4ccc(N5CCN(C)CC5)c(C)c4)nc32)CC1
4403,7.784362436564939,nM,CHEMBL4460151,COc1cc2c(Nc3ccc(F)cc3)ncnc2cc1OCCOCCNC(=O)Cn1cnc([N+](=O)[O-])n1
4404,9.270025714300443,nM,CHEMBL446019,C=CC(=O)Nc1cc2ncnc(Nc3cccc(Cl)c3)c2cn1
4405,7.187086643357144,nM,CHEMBL4460261,C=CC(=O)Nc1cc(Nc2nccc(-c3cn(C)c4ccccc34)n2)c(OC)cc1N1CC[S+]([O-])CC1
4406,8.602059991327963,nM,CHEMBL4460381,COc1cc(Nc2ncnc3cc(-c4cccs4)sc23)cc(OC)c1OC
4407,5.05700040663396,nM,CHEMBL4460897,Cc1ccc(-n2cc(NC(=O)c3cccc(NS(=O)(=O)c4ccc(Cl)cc4)c3)cn2)cc1
4408,5.657577319177794,nM,CHEMBL4462395,COc1cc(N(C)c2ccnc3ccc(C(F)(F)F)cc23)cc(OC)c1OC
4409,8.522878745280337,nM,CHEMBL446250,COc1ccccc1Cc1nc2ccc(-c3nn([C@H]4CC[C@H](N5CCN(CC6CC6)CC5)CC4)c4ncnc(N)c34)cc2[nH]1
4410,6.209714835966759,nM,CHEMBL4462528,COc1cc(NC(=O)C2CC2)ccc1Nc1ncc(Cl)c(Nc2ccccc2NC(C)=O)n1
4411,6.154901959985743,nM,CHEMBL4462971,COc1ccc2nc3sc(C(=O)Nc4ccc(C(=O)/C=C/c5ccc(OC)c(OC)c5)cc4)cc3cc2c1
4412,6.376750709602099,nM,CHEMBL4463005,CCOc1cc2ncc(C#N)c(Nc3ccc(F)c(Cl)c3)c2cc1NC(=O)CCCCC1CCSS1
4413,7.853871964321762,nM,CHEMBL4463012,CCN(CC)C/C=C/C(=O)Nc1cccc(-c2c(-c3ccccc3)oc3ncnc(N[C@H](CO)c4ccccc4)c23)c1
4414,7.643974142806877,nM,CHEMBL4463094,CC(C)=CC[C@@H](OC(=O)/C=C\C(=O)c1ccc(F)cc1)C1=CC(=O)c2c(O)ccc(O)c2C1=O
4415,6.044312249686494,nM,CHEMBL4463563,C=CC(=O)N1CCC(Oc2nc(Nc3ccc(N4CCN(C(C)=O)CC4)cc3)nc3[nH]cc(-c4cncc(NC)n4)c23)CC1
4416,7.731890270191522,nM,CHEMBL4463765,COc1cc2c(Nc3ccc(C)c(Br)c3)ncnc2cc1OCCNC(=O)Cn1cnc([N+](=O)[O-])n1
4417,7.193820026016113,nM,CHEMBL4463766,C=CC(=O)Nc1cc(Nc2nccc(-c3cn(C)c4ccccc34)n2)c(OC)cc1N1CCSCC1
4418,8.638272163982407,nM,CHEMBL4464404,C=CC(=O)Nc1cccc(Oc2nc(Nc3ccc(N4CCOCC4)cc3)nc3[nH]cc(-c4ccncc4)c23)c1
4419,5.795880017344075,nM,CHEMBL4464785,COc1ccc(/C=C/C(=O)c2ccc(NC(=O)c3cc4cc5ccccc5nc4s3)cc2)cc1OC
4420,8.301029995663981,nM,CHEMBL4465103,C=CC(=O)Nc1cc(Nc2nccc(Nc3ccccc3P(C)(C)=O)n2)c(OC)cc1N(C)CCN(C)C
4421,5.979638717352293,nM,CHEMBL4465231,CNc1cncc(-c2c[nH]c3nc(Nc4ccc(N5CCN(C(C)=O)CC5)cc4)nc(Oc4ccccc4)c23)n1
4422,8.102372908709558,nM,CHEMBL4465497,COc1cc2c(Nc3ccc(NC(=O)[C@H](c4ccccc4)N4Cc5ccccc5C4=O)cc3F)ncnc2cc1OCC1CCN(C)CC1
4423,6.116338564846383,nM,CHEMBL4465558,COc1cc(N2CCNC2=O)ccc1Nc1ncc(Cl)c(Nc2ccccc2S(=O)(=O)C(C)C)n1
4424,6.259637310505757,nM,CHEMBL4465727,O=C(/C=C/Cn1ccnc1)N1CCOc2cc3ncnc(Nc4ccc(F)c(Cl)c4)c3cc21
4425,8.045757490560675,nM,CHEMBL4466350,COc1cc(/C=C/C(=O)Nc2cc3c(Nc4ccc(F)c(Cl)c4)ncnc3cc2O[C@@H]2CCOC2)cc(OC)c1OC
4426,8.522878745280337,nM,CHEMBL4467561,C=CC(=O)Nc1cc(Nc2ncc(I)c(Nc3ccccc3S(=O)(=O)N(C)C)n2)c(OC)cc1N(C)CCN(C)C
4427,7.699621935129297,nM,CHEMBL4468893,COc1cc2c(Nc3ccc(F)c(F)c3)ncnc2cc1OCCOCCOCCNC(=O)Cn1cnc([N+](=O)[O-])n1
4428,8.301029995663981,nM,CHEMBL4468924,CC1CCN(C/C=C/C(=O)N2CCOc3cc4ncnc(Nc5ccc(F)c(Cl)c5)c4cc32)CC1
4429,5.560667306169737,nM,CHEMBL4469453,Fc1ccc(COC(c2cccs2)c2cc3ccccc3nc2Cl)cc1
4430,8.060480747381382,nM,CHEMBL4469866,C=CC(=O)N(c1cccc(Cl)c1F)c1ncnc2cc(OC)c(OC(=O)N3CCN(C)C[C@H]3C)cc12
4431,6.30189945437661,nM,CHEMBL4469900,C=CC(=O)N1CCC[C@@H](Oc2nc(Nc3ccc(N4CCN(C(C)=O)CC4)cc3)nc3[nH]cc(-c4cncc(NC)n4)c23)C1
4432,4.7384992268017205,nM,CHEMBL4470214,Cc1ccc(-n2cc(NC(=O)c3ccc(NS(=O)(=O)c4ccccc4)cc3)cn2)cc1
4433,5.51130830168306,nM,CHEMBL4470236,COc1cc2c(Oc3ccc(NS(=O)(=O)c4ccccc4OC(F)(F)F)cc3F)ccnc2cc1OCCCN1CCN(C)CC1
4434,5.43651891460559,nM,CHEMBL4470431,Clc1ccc(COC(c2cccs2)c2cc3ccccc3nc2Cl)cc1
4435,7.498940737782249,nM,CHEMBL4471155,C=CC(=O)N(c1ccc(Cl)c(Cl)c1)c1ncnc2cc(OC)c(OCCCN3CCOCC3)cc12
4436,7.430626090384954,nM,CHEMBL4471235,COc1cc2c(Nc3cc(NC(=O)C(c4ccccc4)N4Cc5ccccc5C4=O)ccc3F)ncnc2cc1OCC1CCN(C)CC1
4437,4.814457845145625,nM,CHEMBL4471464,COc1ccc(-n2cc(NC(=O)c3cccc(NS(=O)(=O)c4ccc(Cl)cc4)c3)cn2)cc1
4438,9.161150909262744,nM,CHEMBL4471491,COc1cc2c(Nc3ccc(Cl)c(Cl)c3F)ncnc2cc1OCCOCCNC(=O)Cn1cnc([N+](=O)[O-])n1
4439,7.508638306165727,nM,CHEMBL4471845,C=C(Cl)C(=O)Nc1cc(Nc2nc3c(c(-c4cn(C)c5ccccc45)n2)CSCC3)c(OC)cc1N(C)CCN(C)C
4440,9.119987161633228,nM,CHEMBL447223,C=CC(=O)Nc1ccc2ncnc(Cc3ccc(F)c(Cl)c3)c2c1
4441,6.818156412055227,nM,CHEMBL447230,COc1cc2ncnc(N(C)c3cccc(Br)c3)c2cc1OC
4442,5.756218083906205,nM,CHEMBL4472571,COc1cc(N(C)CCN(C)C)c(NC(=O)/C=C\C(C)C)cc1Nc1nc2c(c(-c3cn(C)c4ccccc34)n1)CS(=O)(=O)CC2
4443,9.657577319177792,nM,CHEMBL4473277,Cn1cc([N+](=O)[O-])nc1C[N+](C)(C)C/C=C/C(=O)Nc1ccc2ncnc(Nc3cccc(Br)c3)c2c1.[Br-]
4444,9.36001575195841,nM,CHEMBL447331,Brc1cccc(Nc2ncnc3cc4c(cc23)CN4)c1
4445,8.698970004336019,nM,CHEMBL4473365,C=CC(=O)Nc1cc(Nc2ncc(Cl)c(Nc3ccccc3S(=O)(=O)C(C)C)n2)c(OC)cc1N(C)CCN(C)C
4446,7.080921907623926,nM,CHEMBL4473375,CCOc1cc2ncnc(Nc3ccc(F)c(Cl)c3)c2cc1OC(=O)CSc1nc2ccccc2s1
4447,7.102372908709559,nM,CHEMBL447365,O=C(O[C@@H]1CN[C@H](C#Cc2cc3ncnc(Nc4ccc(OCc5cccc(F)c5)c(Cl)c4)c3s2)C1)N1CCOCC1
4448,8.0,nM,CHEMBL4473768,COc1cc(Nc2ncnc3cc(-c4ccc(I)cc4)sc23)cc(OC)c1OC
4449,9.161150909262744,nM,CHEMBL4473875,CCOCCOc1cc2ncnc(Nc3ccc(F)c(Cl)c3)c2cc1NC(=O)/C=C/CN(C)C
4450,9.119186407719209,nM,CHEMBL4474073,COCCCOc1cc2ncnc(Nc3ccc(F)c(Cl)c3)c2cc1NC(=O)/C=C/CN(C)C
4451,5.552841968657781,nM,CHEMBL4474429,COc1cccc(/C=C/C(=O)c2ccc(NC(=O)c3cc4cc5cc(OC)ccc5nc4s3)cc2)c1
4452,7.091514981121351,nM,CHEMBL4475546,C=CC(=O)Nc1cccc(-c2c(Cl)sc3ncnc(N[C@H](CO)c4ccccc4)c23)c1
4453,6.696803942579511,nM,CHEMBL4475770,COc1cc(N(C)CCN(C)C)c(NC(=O)C=C(C)C)cc1Nc1nc2c(c(-c3cn(C)c4ccc(F)cc34)n1)CS(=O)(=O)CC2
4454,6.6307841425898575,nM,CHEMBL4475780,C=CC(=O)N(c1ccc(Cl)cc1F)c1ncnc2cc(OC)c(OCCCN3CCOCC3)cc12
4455,8.397940008672037,nM,CHEMBL4476544,C=CC(=O)Nc1cc2c(Nc3ccc(F)c(Cl)c3)ncnc2cc1OCc1cn(CCCO)nn1
4456,5.947690900352677,nM,CHEMBL4476689,CC/C=C\C(=O)Nc1cc(Nc2nc3c(c(-c4cn(C)c5ccc(F)cc45)n2)CSCC3)c(OC)cc1N(C)CCN(C)C
4457,7.568636235841013,nM,CHEMBL4476772,CCN(CC)C/C=C/C(=O)N1CCOc2cc3ncnc(Nc4ccc(F)c(Cl)c4)c3cc21
4458,8.655018586072742,nM,CHEMBL4476791,C=CC(=O)Nc1cc(Nc2nccc(NC(=O)c3ccccc3)n2)c(OC)cc1N(C)C
4459,5.5003129173815966,nM,CHEMBL447720,O=C(O[C@H]1CN[C@H](C#Cc2cc3ncnc(Nc4ccc5c(ccn5CCc5ccccc5)c4)c3s2)C1)N1CCOCC1
4460,6.309803919971486,nM,CHEMBL448154,CCn1c(=O)c(-c2c(Cl)cccc2Cl)cc2cnc(Nc3ccncc3)nc21
4461,8.179995693191682,nM,CHEMBL448172,C=CC(=O)Nc1nc2c(Cc3ccc(F)c(Cl)c3)ncnc2cc1OCCCN1CCC(C)CC1
4462,7.602059991327963,nM,CHEMBL448628,COc1ccccc1Cc1nc2ccc(-c3nn([C@H]4CC[C@H](N5CCN(C(=O)N(C)C)CC5)CC4)c4ncnc(N)c34)cc2[nH]1
4463,5.3872161432802645,nM,CHEMBL448730,CCN(CC)CCn1c2ccccc2c2c(Nc3cccc(Br)c3)ncnc21
4464,7.657577319177793,nM,CHEMBL448929,CCc1cc(Nc2nccc(-c3c(-c4cccc(C(=O)Nc5c(F)cccc5F)c4)nc4ccccn34)n2)c(OC)cc1N1CCC(N2CCN(S(C)(=O)=O)CC2)CC1
4465,3.3979400086720384,nM,CHEMBL449114,N#CC(C#N)=C(C#N)c1cccc(O)c1
4466,5.585026652029182,nM,CHEMBL449949,O=C(O[C@H]1CN[C@H](C#Cc2cc3ncnc(Nc4ccc(OCc5cccc(F)c5)nc4)c3s2)C1)N1CCOCC1
4467,7.397940008672037,nM,CHEMBL450109,O=C(O[C@@H]1CN[C@@H](C#Cc2cc3ncnc(Nc4ccc(OCc5cccc(F)c5)c(Cl)c4)c3s2)C1)N1CCOCC1
4468,3.221848749616357,nM,CHEMBL450319,N#CC(C#N)=C(C#N)c1ccc(O)cc1
4469,7.301029995663981,nM,CHEMBL450396,O=C(O[C@H]1CN[C@@H](C#Cc2cc3ncnc(Nc4ccc(OCc5cccc(F)c5)c(Cl)c4)c3s2)C1)N1CCOCC1
4470,1.6020599913279625,nM,CHEMBL45068,O=C(CCc1ccc(O)cc1)c1c(O)cc(O)cc1O
4471,5.42021640338319,nM,CHEMBL450786,Cc1[nH]c(/C=C2\C(=O)Nc3ccc(S(=O)(=O)Cc4c(Cl)cccc4Cl)cc32)c(C)c1C(=O)N1CCC[C@@H]1CN1CCCC1
4472,6.638272163982407,nM,CHEMBL451074,O=C(O[C@H]1CN[C@H](C#Cc2cc3ncnc(Nc4ccc5c(cnn5S(=O)(=O)c5cccc(F)c5)c4)c3s2)C1)N1CCOCC1
4473,6.977571628814514,nM,CHEMBL4514393,CC(C)=CC[C@@H](OC(=O)/C=C\C(=O)c1ccc(C)cc1Cl)C1=CC(=O)c2c(O)ccc(O)c2C1=O
4474,9.669586226650807,nM,CHEMBL4514452,C=CC(=O)Nc1cccc(-c2c(-c3ccccc3)oc3ncnc(N[C@H](C)c4ccccc4)c23)c1
4475,7.681310730052254,nM,CHEMBL4515673,COc1cc2c(Nc3ccc(F)cc3Cl)ncnc2cc1OCCOCCNC(=O)Cn1cnc([N+](=O)[O-])n1
4476,9.657577319177792,nM,CHEMBL4516232,Cn1ncc([N+](=O)[O-])c1C[N+](C)(C)C/C=C/C(=O)Nc1ccc2ncnc(Nc3cccc(Br)c3)c2c1.[Br-]
4477,7.585026652029182,nM,CHEMBL4516287,C=CC(=O)Nc1cc(Nc2nccc(Nc3ccccc3S(=O)(=O)C(C)C)n2)c(OC)cc1N(C)CCN(C)C
4478,8.031517051446064,nM,CHEMBL4516635,COc1cc2c(Nc3ccc(NC(=O)C(c4ccccc4)N4Cc5ccccc5C4=O)cc3F)ncnc2cc1OCC1CCN(C)CC1
4479,5.36251027048749,nM,CHEMBL4516736,N#Cc1ccc(-c2csc(N3N=C(c4ccc(N5CCOCC5)cc4)CC3c3ccc(Cl)cc3)n2)cc1
4480,4.63189914829065,nM,CHEMBL4516916,Fc1ccc(-c2csc(N3N=C(c4ccc(N5CCOCC5)cc4)CC3c3ccc(Cl)cc3)n2)cc1
4481,6.22329881601159,nM,CHEMBL4519408,COc1cc(N2CCN(CC(=O)N(C)C)C2=O)ccc1Nc1ncc(Cl)c(Nc2ccccc2S(=O)(=O)C(C)C)n1
4482,7.318758762624412,nM,CHEMBL4519470,COc1cc2ncnc(Nc3ccc(Oc4ccc(C)nc4)c(C)c3)c2cc1NC(=O)CC1CCSS1
4483,6.921905849593589,nM,CHEMBL4519860,CC(C)=CC[C@@H](OC(=O)/C=C\C(=O)c1ccc(Br)cc1)C1=CC(=O)c2c(O)ccc(O)c2C1=O
4484,4.641113795594131,nM,CHEMBL4520103,COc1cccc(-n2cc(NC(=O)c3cccc(NS(=O)(=O)c4ccccc4)c3)cn2)c1
4485,6.184422251675732,nM,CHEMBL4520286,CNc1cncc(-c2c[nH]c3nc(Nc4ccc(N5CCN(C(C)=O)CC5)cc4)nc(OC4CCCCC4)c23)n1
4486,8.698970004336019,nM,CHEMBL4520341,C=CC(=O)Nc1cc(Nc2ncc(Cl)c(Nc3ccccc3P(C)(C)=O)n2)c(OC)cc1N(C)CCN(C)C
4487,8.229147988357855,nM,CHEMBL4521028,COc1cc2c(Nc3ccc(Br)cc3F)ncnc2cc1OCCOCCNC(=O)Cn1cnc([N+](=O)[O-])n1
4488,7.154901959985743,nM,CHEMBL4521214,CCOc1cc2ncnc(Nc3ccc(F)c(Cl)c3)c2cc1OC(=O)CSc1ccccn1
4489,10.366531544420411,nM,CHEMBL4521381,CN(C)C/C=C/C(=O)Nc1cccc(-c2c(-c3ccccc3)oc3ncnc(N[C@H](CO)c4ccccc4)c23)c1
4490,8.397940008672037,nM,CHEMBL4521506,C=CC(=O)Nc1cc2c(Nc3ccc(F)c(Cl)c3)ncnc2cc1OCc1cn(CCCN2CCOCC2)nn1
4491,5.790216985151485,nM,CHEMBL4522613,COc1cc(N(C)CCN(C)C)c(NC(=O)/C=C\C(C)C)cc1Nc1nc2c(c(-c3cn(C)c4ccccc34)n1)CSCC2
4492,6.3979400086720375,nM,CHEMBL4525168,Cn1c(=O)c2[nH]c(SC/C(=N/O)c3ccc(Cl)cc3)nc2n(C)c1=O
4493,9.207608310501746,nM,CHEMBL4526992,CCOc1cc2ncnc(Nc3ccc(F)c(Cl)c3)c2cc1OC(=O)CSc1ncc[nH]1
4494,9.657577319177792,nM,CHEMBL4527121,C[N+](C)(C/C=C/C(=O)Nc1ccc2ncnc(Nc3cccc(Br)c3)c2c1)Cc1ccccc1[N+](=O)[O-].[Br-]
4495,5.300682698978617,nM,CHEMBL4527132,O=C(/C=C/c1ccccc1)Nc1cccc(-c2c(-c3ccccc3)oc3ncnc(N[C@H](CO)c4ccccc4)c23)c1
4496,5.978810700930062,nM,CHEMBL452716,O=C(O[C@H]1CN[C@H](C#Cc2cc3ncnc(Nc4ccc5c(Oc6ccccn6)cccc5c4)c3s2)C1)N1CCOCC1
4497,6.886056647693163,nM,CHEMBL452717,COc1ccccc1Cc1nc2ccc(-c3nn([C@H]4CC[C@H](N5CCN(C(C)=O)CC5)CC4)c4ncnc(N)c34)cc2[nH]1
4498,7.698970004336019,nM,CHEMBL4527443,C=CC(=O)Nc1cccc(Nc2nc(Nc3ccc(N4CCN(C(C)=O)CC4)c(OC)c3)ncc2C(F)(F)F)c1
4499,5.995678626217358,nM,CHEMBL4527630,CCN(CC)C/C=C/C(=O)N1CCCOc2cc3ncnc(Nc4ccc(F)c(Cl)c4)c3cc21
4500,6.823908740944319,nM,CHEMBL452768,O=C(O[C@H]1CN[C@H](C#Cc2cc3ncnc(Nc4ccc5c(ccn5S(=O)(=O)c5ccsc5)c4)c3s2)C1)N1CCOCC1
4501,6.876148359032914,nM,CHEMBL4527715,C=CC(=O)N(c1cc(Cl)ccc1F)c1ncnc2cc(OC)c(OCCCN3CCOCC3)cc12
4502,6.086186147616283,nM,CHEMBL4529183,Cn1c(=O)[nH]c2nc(SC/C(=N/O)c3ccc(Cl)cc3)[nH]c2c1=O
4503,7.294136287716081,nM,CHEMBL4529521,CCc1ccc(C(=O)/C=C\C(=O)O[C@H](CC=C(C)C)C2=CC(=O)c3c(O)ccc(O)c3C2=O)cc1
4504,4.569119053547109,nM,CHEMBL4530048,COc1ccc(-n2cc(NC(=O)c3cccc(NS(=O)(=O)c4ccccc4)c3)cn2)cc1
4505,9.275724130399212,nM,CHEMBL4530170,CCOc1cc2ncnc(Nc3ccc(F)c(Cl)c3)c2cc1OC(=O)CSc1nnnn1C
4506,6.431798275933005,nM,CHEMBL4531109,O=C1Nc2ccccc2N/C1=C\C(=O)c1cccc2ccccc12
4507,8.045757490560675,nM,CHEMBL4531697,C=CC(=O)Nc1cc(Nc2ncc(I)c(Nc3ccccc3S(=O)(=O)C(C)C)n2)c(OC)cc1N(C)CCN(C)C
4508,7.888401475119606,nM,CHEMBL4531912,COc1cc2c(Nc3ccc(F)cc3Cl)ncnc2cc1OCCOCCOCCNC(=O)Cn1cnc([N+](=O)[O-])n1
4509,7.920818753952375,nM,CHEMBL4532034,COc1ccncc1-c1cc(C(=O)/N=c2\[nH]c3ccccc3n2CC(C)(C)O)ccn1
4510,8.204815410317575,nM,CHEMBL4532084,COc1cc2c(Nc3ccc(C)c(Br)c3)ncnc2cc1OCCOCCOCCNC(=O)Cn1cnc([N+](=O)[O-])n1
4511,7.721246399047171,nM,CHEMBL4533337,O=C1c2cc(-c3ccc(N4CCNCC4)cc3)ccc2Nc2ccc(F)cc2N1Cc1ccccc1
4512,4.853871964321763,nM,CHEMBL453336,COc1cc(C2=C(c3cn(COCc4ccccc4)c4ccccc34)CNC2=O)cc(OC)c1OC
4513,8.0,nM,CHEMBL453376,CS(=O)(=O)CCNCc1nc(-c2ccc3ncnc(Nc4ccc(OCc5cccc(F)c5)c(Cl)c4)c3c2)cs1
4514,8.819874124835946,nM,CHEMBL453378,CCOC(=O)/C=C/C(=O)Cc1cc2c(Nc3cccc(Br)c3)ncnc2cn1
4515,8.379968104873702,nM,CHEMBL453379,C=CC(=O)C(CCN(C)C)c1cc2c(Nc3cccc(Br)c3)ncnc2cn1
4516,6.721246399047171,nM,CHEMBL453398,O=C(O[C@H]1CN[C@H](C#Cc2cc3ncnc(Nc4ccc(Oc5ccccn5)c(Cl)c4)c3s2)C1)N1CCOCC1
4517,8.221848749616356,nM,CHEMBL4534592,C=CC(=O)N1CCC[C@@H](n2nc(-c3cn(-c4cc(C(F)(F)F)cnc4C#N)nn3)c3c(N)ncnc32)C1
4518,8.18045606445813,nM,CHEMBL4534611,COc1cc2ncnc(Nc3ccc(F)c(Cl)c3)c2cc1OCCCN1CCNCCNCCNCC1
4519,8.939302159646388,nM,CHEMBL4534719,C=CC(=O)Nc1cccc(-c2c(-c3ccccc3)sc3ncnc(N[C@H](CO)c4ccccc4)c23)c1
4520,6.5595632338942265,nM,CHEMBL4535881,O=C(Nc1ccccc1)Nc1nnc(-c2cccnc2)o1
4521,7.318125877871354,nM,CHEMBL4535949,COc1cc2c(Nc3ccc(F)cc3Cl)ncnc2cc1OCCNC(=O)Cn1cnc([N+](=O)[O-])n1
4522,6.187086643357144,nM,CHEMBL4536115,COc1cc2c(Oc3ccc(NS(=O)(=O)c4ccccc4C(F)(F)F)cc3F)ccnc2cc1OCCCN1CCOCC1
4523,5.180456064458132,nM,CHEMBL4536146,C=CC(=O)Nc1cc(Nc2nccc(-c3cn(C)c4cccnc34)n2)c(OC)cc1N(C)CCNC
4524,5.769551078621726,nM,CHEMBL453737,COc1cc2c(Oc3ccc(-c4cnc(Nc5ccc(F)cc5)n(C)c4=O)cc3F)ccnc2cc1OCCCN1CCOCC1
4525,7.397940008672037,nM,CHEMBL4537422,CC1(C)CC[C@]2(C(=O)OCCCCO[N+](=O)[O-])CC[C@]3(C)C(=CC[C@@H]4[C@@]5(C)CC[C@H](O)[C@@](C)(CO)[C@@H]5CC[C@]43C)[C@@H]2C1
4526,6.745693667668714,nM,CHEMBL4538066,COc1cc2c(Nc3ccc(NC(=O)C(C4CCCCC4)N4Cc5ccccc5C4=O)cc3F)ncnc2cc1OCC1CCN(C)CC1
4527,7.356547323513813,nM,CHEMBL4538707,CCOc1cc2ncnc(Nc3ccc(F)c(Cl)c3)c2cc1NC(=O)COC(=O)c1c(C)cccc1C
4528,6.774690718274138,nM,CHEMBL4539566,Cc1ccc(CSc2nc3[nH]c(C)cc(=O)n3n2)cc1
4529,5.0,nM,CHEMBL454002,N#CC(C#N)=C(C#N)c1cc(O)cc(O)c1
4530,5.537602002101044,nM,CHEMBL4540070,COc1cccc(/C=C/C(=O)c2ccc(NC(=O)c3cc4cc5cc(C)ccc5nc4s3)cc2)c1
4531,9.657577319177792,nM,CHEMBL4540138,Cn1c(C[N+](C)(C)C/C=C/C(=O)Nc2ccc3ncnc(Nc4cccc(Br)c4)c3c2)ccc1[N+](=O)[O-].[Br-]
4532,7.554084586048877,nM,CHEMBL4540295,C=CC(=O)Nc1cc(Nc2nccc(NC(=O)c3ccc(C(F)(F)F)cc3)n2)c(OC)cc1N1CCN(C)CC1
4533,9.431798275933003,nM,CHEMBL4540303,COc1cc2c(Nc3ccc(C)c(Br)c3)ncnc2cc1OCCOCCNC(=O)Cn1cnc([N+](=O)[O-])n1
4534,8.397940008672037,nM,CHEMBL4540442,C=CC(=O)Nc1cc(Nc2nccc(Nc3ccccc3S(=O)(=O)N(C)C)n2)c(OC)cc1N(C)CCN(C)C
4535,7.638272163982407,nM,CHEMBL4541014,COc1cc(Nc2ncnc3cc(-c4ccccc4)sc23)cc(OC)c1OC
4536,6.443697499232712,nM,CHEMBL4541573,CN(C)C/C=C/C(=O)N1CCCOc2cc3ncnc(Nc4ccc(F)c(Cl)c4)c3cc21
4537,8.96018944585165,nM,CHEMBL454370,C=C/C=C/C(=O)Cc1cc2c(Nc3cccc(Br)c3)ncnc2cn1
4538,8.79997073344623,nM,CHEMBL454371,C=C=CC(=O)Cc1ccc2ncnc(Nc3cccc(Br)c3)c2c1
4539,9.15002808767115,nM,CHEMBL454383,C=CC(=O)Nc1ccc2ncnc(Cc3cccc(Br)c3)c2c1
4540,8.569924944448061,nM,CHEMBL454384,CCOC(=O)/C=C/C(=O)Cc1ccc2ncnc(Nc3cccc(Br)c3)c2c1
4541,5.704432900037521,nM,CHEMBL4543893,C=CC(=O)N1CCC[C@H]1COc1nc(Nc2ccc(N3CCN(C(C)=O)CC3)cc2)nc2[nH]cc(-c3cncc(NC)n3)c12
4542,5.6777807052660805,nM,CHEMBL4545086,C=CC(=O)Nc1cc(Nc2nccc(-c3cn(C)c4cccnc34)n2)c(OC)cc1N(C)CCN(C)C
4543,7.2839966563652,nM,CHEMBL4546122,COc1ccc(-c2cc3ncnc(Nc4cc(OC)c(OC)c(OC)c4)c3s2)cc1
4544,6.306273051076353,nM,CHEMBL4546553,CCOc1cc2ncc(C#N)c(Nc3ccc(F)c(Cl)c3)c2cc1NC(=O)C(CSC(C)=O)CSC(C)=O
4545,8.698970004336019,nM,CHEMBL4547332,C=CC(=O)Nc1cc2c(Nc3ccc(Br)cc3F)ncnc2cc1OCCCC(=O)CN(C)C
4546,4.904830648568245,nM,CHEMBL4549295,Cc1ccc(-n2cc(NC(=O)c3ccc(NS(=O)(=O)c4ccc(Cl)cc4)cc3)cn2)cc1
4547,8.045757490560675,nM,CHEMBL4549542,CN1CCN(C/C=C/C(=O)N2CCOc3cc4ncnc(Nc5ccc(F)c(Cl)c5)c4cc32)CC1
4548,5.019088062223156,nM,CHEMBL4549604,Cc1ccc(-n2cc(NC(=O)c3cccc(NS(=O)(=O)c4ccccc4)c3)cn2)cc1
4549,7.42021640338319,nM,CHEMBL4549626,C=CC(=O)N1CCC(Oc2nc(Nc3ccc(N4CCOCC4)cc3)nc3[nH]cc(-c4ccnc(NC)c4)c23)CC1
4550,7.229147988357855,nM,CHEMBL4550473,Cc1cc(=O)n2nc(SCc3cccc(Cl)c3)nc2[nH]1
4551,8.92009553233328,nM,CHEMBL455174,CC(=O)/C=C/C(=O)Cc1ccc2ncnc(Nc3cccc(Br)c3)c2c1
4552,4.46495918674884,nM,CHEMBL4552065,Cn1cc(NC(=O)c2cccc(NS(=O)(=O)c3ccccc3)c2)cn1
4553,7.522878745280337,nM,CHEMBL455208,COc1ccccc1Cc1nc2ccc(-c3nn([C@H]4CC[C@H](N5CCNCC5)CC4)c4ncnc(N)c34)cc2[nH]1
4554,7.455931955649724,nM,CHEMBL4552429,C=CC(=O)Nc1cc(Nc2nc3c(c(-c4cn(C)c5ccccc45)n2)CSCC3)c(OC)cc1N(C)CCN(C)C
4555,6.563837352959244,nM,CHEMBL4552482,COc1cc(Nc2ncnc3cc(-c4ccc(Cl)cc4)sc23)cc(OC)c1OC
4556,6.92009553233328,nM,CHEMBL4553504,CC(C)=CC[C@@H](OC(=O)/C=C\C(=O)c1ccc(C)cc1F)C1=CC(=O)c2c(O)ccc(O)c2C1=O
4557,4.17979854051436,nM,CHEMBL4553708,OCCNc1nc(Nc2cccc(F)c2)c2cn[nH]c2n1
4558,6.7447274948966935,nM,CHEMBL455433,O=C(O[C@H]1CN[C@H](C#Cc2cc3ncnc(NCc4cccc(Oc5ccccc5)c4)c3s2)C1)N1CCOCC1
4559,6.619788758288394,nM,CHEMBL455434,O=C(O[C@H]1CN[C@H](C#Cc2cc3ncnc(Nc4ccc(Cc5ccccc5)cc4)c3s2)C1)N1CCOCC1
4560,4.806041021980814,nM,CHEMBL4554486,COc1cccc(-n2cc(NC(=O)c3cccc(NS(=O)(=O)c4ccc(Cl)cc4)c3)cn2)c1
4561,6.434152181326482,nM,CHEMBL4555488,C=CC(=O)N(c1ccc(F)c(F)c1)c1ncnc2cc(OC)c(OCCCN3CCOCC3)cc12
4562,7.486649201194043,nM,CHEMBL4555707,C=CC(=O)Nc1cc(Nc2nccc(NC(=O)c3cccc(OC)c3)n2)c(OC)cc1N1CCC(C(N)=O)CC1
4563,7.086186147616283,nM,CHEMBL4556670,C=CC(=O)Nc1cccc(-c2csc3ncnc(N[C@H](CO)c4ccccc4)c23)c1
4564,7.920818753952375,nM,CHEMBL4556799,CCOc1cc2ncnc(Nc3ccc(F)c(Cl)c3)c2cc1OC(=O)CSc1nc2ccccc2n1C
4565,5.326979092871104,nM,CHEMBL4557318,N#Cc1ccc(-c2csc(N3N=C(c4ccc(N5CCCCC5)cc4)CC3c3ccc(Cl)cc3)n2)cc1
4566,7.3448615651886175,nM,CHEMBL4557993,CC(C)=CC[C@@H](OC(=O)/C=C\C(=O)c1ccc(C)cc1)C1=CC(=O)c2c(O)ccc(O)c2C1=O
4567,8.698970004336019,nM,CHEMBL4558227,C=CC(=O)Nc1cc(Nc2ncc(F)c(Nc3ccccc3P(C)(C)=O)n2)c(OC)cc1N(C)CCN(C)C
4568,7.568636235841013,nM,CHEMBL4558356,CCOc1cc2ncnc(Nc3ccc(F)c(Cl)c3)c2cc1OC(=O)CSc1ncccn1
4569,6.705533773838408,nM,CHEMBL4559217,CCOc1cc2ncnc(Nc3ccc(F)c(Cl)c3)c2cc1OC(=O)CSc1nc2cc(OC)ccc2s1
4570,9.838631997765026,nM,CHEMBL4559807,C=CC(=O)Nc1cccc(-c2c(-c3ccccc3OC)oc3ncnc(N[C@H](CO)c4ccccc4)c23)c1
4571,8.507239610973162,nM,CHEMBL4560187,COc1cc2c(Nc3cccc(F)c3)ncnc2cc1OCCOCCNC(=O)Cn1cnc([N+](=O)[O-])n1
4572,9.657577319177792,nM,CHEMBL4560430,Cn1cnc([N+](=O)[O-])c1C[N+](C)(C)C/C=C/C(=O)Nc1ccc2ncnc(Nc3cccc(Br)c3)c2c1.[Br-]
4573,6.384786665198642,nM,CHEMBL4561572,O=[N+]([O-])c1ccc(/C=N/Nc2nnc(-c3ccncc3)o2)cc1
4574,8.522878745280337,nM,CHEMBL4561606,O=C(/C=C/CN1CCCC1)N1CCOc2cc3ncnc(Nc4ccc(F)c(Cl)c4)c3cc21
4575,9.221848749616356,nM,CHEMBL4562352,CCOc1cc2ncnc(Nc3ccc(F)c(Cl)c3)c2cc1OC(=O)CSc1cccnc1
4576,6.028260409112223,nM,CHEMBL4562744,CNc1cncc(-c2c[nH]c3nc(Nc4ccc(N5CCN(C(C)=O)CC5)cc4)nc(OC4CCOCC4)c23)n1
4577,8.2518119729938,nM,CHEMBL4563873,COc1cc2ncnc(Nc3ccc(F)c(Br)c3)c2cc1OCCCN1CCNCCNCC1
4578,7.229147988357855,nM,CHEMBL4563980,C=CC(=O)Nc1cc(Nc2nccc(NC(=O)c3cccc(OC)c3)n2)c(OC)cc1N(C)CCN(C)C
4579,7.113509274827518,nM,CHEMBL4565086,Cc1cc(=O)n2nc(SCc3cccc([N+](=O)[O-])c3)nc2[nH]1
4580,5.514420523015321,nM,CHEMBL4565374,O=C(O)/C=C/C(=O)Nc1cccc(-c2c(-c3ccccc3)oc3ncnc(N[C@H](CO)c4ccccc4)c23)c1
4581,8.698970004336019,nM,CHEMBL4565984,C=CC(=O)Nc1cc(Nc2ncc(F)c(Nc3ccccc3S(=O)(=O)N(C)C)n2)c(OC)cc1N(C)CCN(C)C
4582,7.585026652029182,nM,CHEMBL456758,COC[C@@H]1CCCN1/N=C/c1c(N)ncnc1Nc1ccc2c(cnn2Cc2cccc(F)c2)c1
4583,7.0655015487564325,nM,CHEMBL4567599,Cc1cc(=O)n2nc(SCc3ccc(C(C)(C)C)cc3)nc2[nH]1
4584,6.468521082957745,nM,CHEMBL4568087,Cn1cc(-c2cnc3c(-c4csc(C(=O)N[C@@H]5CCCC[C@@H]5N)c4)cnn3c2)cn1
4585,5.494850021680094,nM,CHEMBL4568408,COc1cc(/C=C/C(=O)c2ccc(NC(=O)c3cc4cc5cc(C)ccc5nc4s3)cc2)cc(OC)c1OC
4586,5.958607314841776,nM,CHEMBL4569508,O=C(NCC(F)(F)F)c1cc(-c2cnn3cc(-c4ccc(OCCN5CCCCC5)cc4)cnc23)cs1
4587,7.395881993807965,nM,CHEMBL4569552,C=CC(=O)Nc1cc(Nc2nccc(NC(=O)c3ccc(OC)c(OC)c3)n2)c(OC)cc1N(C)C
4588,5.947344526960474,nM,CHEMBL4569755,Clc1ccc(/C=N/c2nnc(-c3cccnc3)o2)cc1
4589,7.477425367308824,nM,CHEMBL4570293,C=CC(=O)Nc1cc(Nc2nccc(NC(=O)c3cccc4ccccc34)n2)c(OC)cc1N1CCN(C)CC1
4590,6.85078088734462,nM,CHEMBL4570484,Cc1cc(=O)n2nc(SCc3ccc(Cl)cc3Cl)nc2[nH]1
4591,6.969805214643249,nM,CHEMBL4571687,CC(C)=CC[C@@H](OC(=O)/C=C\C(=O)c1ccc(C)c(F)c1)C1=CC(=O)c2c(O)ccc(O)c2C1=O
4592,7.958607314841775,nM,CHEMBL4572315,CCOc1cc2ncnc(Nc3ccc(F)c(Cl)c3)c2cc1OC(=O)CSc1nccn1C
4593,6.486782399932061,nM,CHEMBL4572443,COc1cc(Nc2ncnc3cc(-c4ccc(Br)cc4)sc23)cc(OC)c1OC
4594,5.782516055786094,nM,CHEMBL457250,O=C(O[C@H]1CN[C@H](C#Cc2cc3ncnc(Nc4ccc(Sc5ccccn5)cc4)c3s2)C1)N1CCOCC1
4595,7.585026652029182,nM,CHEMBL4575267,C=CC(=O)Nc1cc2c(Nc3ccc(F)c(Cl)c3)ncnc2cc1OCc1cn(-c2ccccc2)nn1
4596,6.925915310971757,nM,CHEMBL4575374,CC(C)=CC[C@@H](OC(=O)/C=C\C(=O)c1ccc(C)c(C)c1)C1=CC(=O)c2c(O)ccc(O)c2C1=O
4597,4.920818753952376,nM,CHEMBL4575647,C=CC(=O)Nc1cc(Nc2nccc(-c3cn(C)c4cccnc34)n2)c(OC)cc1NCCN(C)C
4598,6.845576026885354,nM,CHEMBL4575697,C=CC(=O)Nc1cc(Nc2nccc(NC(=O)c3ccccc3)n2)c(OC)cc1N(C)CCN(C)C
4599,8.431798275933005,nM,CHEMBL4576032,COc1cc2c(Nc3ccc(F)c(F)c3)ncnc2cc1OCCOCCNC(=O)Cn1cnc([N+](=O)[O-])n1
4600,4.791021482723747,nM,CHEMBL4576626,COc1ccc(-n2cc(NC(=O)c3ccc(NS(=O)(=O)c4ccc(Cl)cc4)cc3)cn2)cc1
4601,6.659555885159882,nM,CHEMBL4576802,CCOc1cc2ncc(C#N)c(Nc3ccc(F)c(Cl)c3)c2cc1NC(=O)C1CSSC1
4602,9.0268721464003,nM,CHEMBL4577883,COC[C@@H](C)Oc1cc2ncnc(Nc3ccc(F)c(Cl)c3)c2cc1NC(=O)/C=C/CN(C)C
4603,7.036212172654444,nM,CHEMBL4578466,CCOc1cc2ncc(C#N)c(Nc3ccc(OCc4ccccn4)c(F)c3)c2cc1NC(=O)/C=C/CN(C)C
4604,7.414539270491499,nM,CHEMBL4578561,CCOc1cc2ncc(C#N)c(Nc3ccc(Cl)c(F)c3)c2cc1NC(=O)/C=C/CN(C)C
4605,5.66554624884907,nM,CHEMBL4578764,Cc1ccc(C2=NN(c3ccccc3)C(c3ccc(OC4CCCC4)cc3)C2)cc1
4606,6.51999305704285,nM,CHEMBL4579429,C=CC(=O)N(c1ccc(F)cc1F)c1ncnc2cc(OC)c(OCCCN3CCOCC3)cc12
4607,5.0965844142309145,nM,CHEMBL4581088,C=CC(=O)N1CCC[C@@H](n2nc(-c3cn(-c4ccc(C(C)=O)cc4)nn3)c3c(N)ncnc32)C1
4608,8.698970004336019,nM,CHEMBL4581316,C=CC(=O)Nc1cc(Nc2ncc(I)c(Nc3ccccc3P(C)(C)=O)n2)c(OC)cc1N(C)CCN(C)C
4609,7.075720713938119,nM,CHEMBL4582195,O=C(CSC(=S)N1CCCCC1)Nc1cccc(NC(=O)c2ccccn2)c1
4610,6.514362075630947,nM,CHEMBL45827,CCN(CC)CCCCNc1ncc2cc(-c3c(Cl)cccc3Cl)c(NC(=O)NC(C)(C)C)nc2n1
4611,8.236572006437063,nM,CHEMBL4582933,COc1cc2ncnc(Nc3ccc(OCc4cccc(F)c4)c(Cl)c3)c2cc1NC(=O)CC1CCSS1
4612,7.721246399047171,nM,CHEMBL4583178,O=C(/C=C/CN1CCOCC1)Nc1cccc(-c2c(-c3ccccc3)oc3ncnc(N[C@H](CO)c4ccccc4)c23)c1
4613,6.982966660701219,nM,CHEMBL4583545,C=C(Cl)C(=O)Nc1cc(Nc2nc3c(c(-c4cn(C)c5ccccc45)n2)CS(=O)(=O)CC3)c(OC)cc1N(C)CCN(C)C
4614,7.920818753952375,nM,CHEMBL4584413,C=CC(=O)Nc1cc2c(Nc3ccc(F)c(Cl)c3)ncnc2cc1OCc1cn(CCc2ccccc2)nn1
4615,7.070581074285707,nM,CHEMBL4584630,C=CC(=O)N1CCC[C@@H](n2nc(-c3cn(Cc4nc5ccc(Cl)cn5c4Br)nn3)c3c(N)ncnc32)C1
4616,6.835052627378158,nM,CHEMBL4584651,CC(C)=CC[C@@H](OC(=O)/C=C\C(=O)c1cc(Cl)ccc1C)C1=CC(=O)c2c(O)ccc(O)c2C1=O
4617,5.920818753952375,nM,CHEMBL4585048,COc1cc(/C=C/C(=O)c2ccc(NC(=O)c3cc4cc5ccccc5nc4s3)cc2)cc(OC)c1OC
4618,5.540607512240769,nM,CHEMBL4586164,Cn1c(=O)[nH]c2nc(SC/C(=N/O)c3ccc(Br)cc3)[nH]c2c1=O
4619,8.080921907623926,nM,CHEMBL4586581,COc1cc2ncnc(Nc3ccc(F)c(Cl)c3)c2cc1OCCCN1CCNCCNCC1
4620,6.2839966563652006,nM,CHEMBL4587222,CCN1CCN(CCCOc2cc3nccc(Oc4c(F)cc(NC(=O)NN5C(=O)CSC5c5c(F)cccc5F)cc4F)c3cc2OC)CC1
4621,6.55129368009492,nM,CHEMBL4587811,COc1cc2c(Oc3ccc(NS(=O)(=O)c4ccccc4C(F)(F)F)cc3F)ccnc2cc1OCCCN1CCN(C)CC1
4622,7.900664722314042,nM,CHEMBL4587847,C=CC(=O)Nc1cc(Nc2nccc(NC(=O)c3ccc(OC)c(OC)c3)n2)c(OC)cc1N1CCN(C)CC1
4623,6.187755303199631,nM,CHEMBL4588202,CCC(=O)N1CCC[C@@H](n2nc(-c3cn(-c4ccc(C(C)=O)cc4)nn3)c3c(N)ncnc32)C1
4624,5.853871964321762,nM,CHEMBL4588486,COc1ccc2nc3sc(C(=O)Nc4ccc(C(=O)/C=C/c5cc(OC)c(OC)c(OC)c5)cc4)cc3cc2c1
4625,8.0,nM,CHEMBL4588786,CC(=O)OC[C@@]1(C)[C@@H]2CC[C@]3(C)[C@H](CC=C4[C@@H]5CC(C)(C)CC[C@]5(C(=O)OCCCCO[N+](=O)[O-])CC[C@]43C)[C@@]2(C)CC[C@@H]1OC(C)=O
4626,6.259637310505757,nM,CHEMBL458997,CNC(=O)c1ccccc1Nc1nc(Nc2ccc(N3CCOCC3)cc2OC)ncc1Cl
4627,5.281664421091493,nM,CHEMBL459,C[C@](N)(Cc1ccc(O)c(O)c1)C(=O)O
4628,5.6777807052660805,nM,CHEMBL4591327,CC(C)(O)Cn1/c(=N/C(=O)c2cc(F)cc(-c3cccnc3)c2)[nH]c2ccccc21
4629,8.829738284605043,nM,CHEMBL4591886,CCOCCOc1cc2ncnc(Nc3ccc(F)c(Cl)c3)c2cc1NC(=O)/C=C/CN(CC)CC
4630,8.546681659952963,nM,CHEMBL4592101,CCCOCCOc1cc2ncnc(Nc3ccc(F)c(Cl)c3)c2cc1NC(=O)/C=C/CN(C)C
4631,6.384049948343598,nM,CHEMBL4593016,COc1cc2ncnc(Nc3ccc(Oc4ccc(C)nc4)c(C)c3)c2cc1NC(=O)C1CSSC1
4632,6.823908740944319,nM,CHEMBL4593230,C=CC(=O)N1CCC[C@@H]1COc1nc(Nc2ccc(N3CCN(C(C)=O)CC3)cc2)nc2[nH]cc(-c3cncc(NC)n3)c12
4633,7.716698771296451,nM,CHEMBL4593609,COc1cc2c(Nc3ccc(NC(=O)[C@@H](c4ccccc4)N4Cc5ccccc5C4=O)cc3F)ncnc2cc1OCC1CCN(C)CC1
4634,4.677780705266081,nM,CHEMBL459729,Cc1cc(C2CCN(CCCF)CC2)cc2[nH]c(-c3c(NCCn4cc(Cl)cn4)cc[nH]c3=O)nc12
4635,9.14002155835798,nM,CHEMBL460721,CCN(CC)CCCNC(=O)/C=C/C(=O)Cc1cc2c(Nc3cccc(Br)c3)ncnc2cn1
4636,9.090016305060155,nM,CHEMBL460722,O=C(/C=C/C(=O)NCCCN1CCOCC1)Cc1cc2c(Nc3cccc(Br)c3)ncnc2cn1
4637,9.250031916490595,nM,CHEMBL460723,O=C(/C=C/C(=O)NCCCn1ccnc1)Cc1cc2c(Nc3cccc(Br)c3)ncnc2cn1
4638,7.700057099977233,nM,CHEMBL460731,CS(=O)(=O)CCNCCCCOc1ccc2ncnc(Nc3ccc(F)c(Cl)c3)c2c1
4639,7.031517051446065,nM,CHEMBL460732,CS(=O)(=O)CCNCCCCOc1ccc2ncnc(Nc3ccc(S(=O)(=O)c4ccccc4)cc3)c2c1
4640,8.065501548756432,nM,CHEMBL460736,CN(N)C/C=C/C(=O)Nc1cc2c(Nc3cccc(Br)c3)ccnc2cn1
4641,8.96018944585165,nM,CHEMBL460743,CN(C)CCCNC(=O)/C=C/C(=O)Cc1cc2c(Nc3cccc(Br)c3)ncnc2cn1
4642,6.552841968657781,nM,CHEMBL460746,O=C(NC(=S)Nc1ccc(O)c(-c2nc3ccccc3s2)c1)c1ccc([N+](=O)[O-])cc1
4643,8.840132152907433,nM,CHEMBL460894,CC(C(=O)/C=C/C(=O)NCCCN(C)C)c1cc2c(Nc3cccc(Br)c3)ncnc2cn1
4644,6.823908740944319,nM,CHEMBL461113,Nc1ncnc(Nc2ccc(OCc3ccccc3)c(Cl)c2)c1C(=O)OCCN1CCOCC1
4645,7.119186407719209,nM,CHEMBL461114,Nc1ncnc(Nc2ccc(OCc3ccccc3)c(Cl)c2)c1C(=O)Nc1ccccc1
4646,5.481486060122113,nM,CHEMBL461140,CN(C)CCOc1ccc(/C=C/c2cc(-c3cc4c(=O)[nH]cnc4[nH]3)ccn2)cc1
4647,7.119186407719209,nM,CHEMBL461311,Nc1ncnc(Nc2ccc(OCc3ccccc3)c(Cl)c2)c1C=O
4648,5.649751981665838,nM,CHEMBL461571,Cc1c(C(=O)c2ccc(Cl)cc2)c2ccc(OC(F)(F)F)cc2n1Cc1cccc(O[C@H](C)C(=O)O)c1
4649,5.200659450546419,nM,CHEMBL461781,FC(F)(F)c1ccc(-n2cnnc2SCc2nc(COc3c(Cl)cccc3Cl)no2)cc1
4650,4.954677021213343,nM,CHEMBL461782,CCOC(=O)c1ccc(N2CCOCC2)c(NS(=O)(=O)c2cc(Br)c(Cl)s2)c1
4651,7.996539467890494,nM,CHEMBL461792,COC[C@H]1Oc2cc3ncnc(Nc4cccc(Cl)c4)c3cc2O[C@@H]1COC
4652,8.221848749616356,nM,CHEMBL461795,COc1cc2ncnc(Nc3ccc(F)c(Cl)c3)c2cc1CN1CC[C@@H](C(N)=O)C1
4653,8.61996975203217,nM,CHEMBL461796,CN(C)CCCOC(=O)/C=C/C(=O)Cc1ccc2ncnc(Nc3cccc(Br)c3)c2c1
4654,9.36001575195841,nM,CHEMBL461797,CN(C)CCCNC(=O)/C=C/C(=O)Cc1ccc2ncnc(Nc3cccc(Br)c3)c2c1
4655,6.3979400086720375,nM,CHEMBL461811,Cc1cc(Oc2ccc(Nc3ncnc4cc(C#C[C@@H]5C[C@@H](OC(=O)N6CCOCC6)CN5)sc34)cc2Cl)no1
4656,8.096910013008056,nM,CHEMBL461967,COc1cc2ncnc(Nc3ccc(F)c(Cl)c3)c2cc1CNC(=O)[C@H]1CCCCN1C
4657,8.096910013008056,nM,CHEMBL461968,COc1cc2ncnc(Nc3ccc(F)c(Cl)c3)c2cc1CN(C)[C@@H](C)C(N)=O
4658,6.142667503568732,nM,CHEMBL462162,COc1cc(Nc2ncnc3[nH]ccc23)ccc1-c1nc2ccccc2s1
4659,5.113509274827518,nM,CHEMBL462338,COc1nc(Nc2ccc(-c3nc4ccccc4s3)cc2)c2cc[nH]c2n1
4660,6.244887733604929,nM,CHEMBL4634127,CC1CCN(C/C=C/C(=O)N2CCOc3cc4ncnc(Nc5ccc(OCc6cccc(F)c6)c(Cl)c5)c4cc32)CC1
4661,4.823908740944319,nM,CHEMBL4634317,C=C1CC(CI)(c2ccc(F)cc2)OC1=O
4662,6.350665141287858,nM,CHEMBL4634817,CN(C)C/C=C/C(=O)N1CCCOc2cc3ncnc(Nc4ccc(OCc5cccc(F)c5)c(Cl)c4)c3cc21
4663,5.386158178123932,nM,CHEMBL4635625,C[C@@H]1[C@@H]2CN(c3nc(Nc4cnn(C)c4)ncc3F)C[C@]12NC(=O)[C@@H]1CC1(F)F
4664,7.096910013008056,nM,CHEMBL4636996,CCN(CC)C/C=C/C(=O)N1CCCOc2cc3ncnc(Nc4ccc(OCc5cccc(F)c5)c(Cl)c4)c3cc21
4665,8.619788758288394,nM,CHEMBL4637274,C#Cc1cccc(Nc2cccc3cc(OC)c(OCCCCCCC(=O)NO)cc23)c1
4666,5.407823242604133,nM,CHEMBL4637355,CCN1CCN(CC(=O)Nc2nnc3c4ccccc4nc(Sc4ccc(Br)cc4)n23)CC1
4667,6.073657553374344,nM,CHEMBL4638194,O=C(/C=C/CN1CCCCC1)N1CCCOc2cc3ncnc(Nc4ccc(OCc5cccc(F)c5)c(Cl)c4)c3cc21
4668,5.1214782044987945,nM,CHEMBL4638857,Clc1nc2ccccc2c2nnc(/N=C/C=C/c3ccccc3)n12
4669,5.312471038785366,nM,CHEMBL4639556,CN1CCN(C/C=C/C(=O)N2CCCOc3cc4ncnc(Nc5ccc(OCc6cccc(F)c6)c(Cl)c5)c4cc32)CC1
4670,4.522878745280338,nM,CHEMBL4640482,C=C1CC(CBr)(c2ccc(F)cc2)OC1=O
4671,5.312471038785366,nM,CHEMBL4641942,CC1CCN(C/C=C/C(=O)N2CCCOc3cc4ncnc(Nc5ccc(OCc6cccc(F)c6)c(Cl)c5)c4cc32)CC1
4672,6.935542010773082,nM,CHEMBL4642158,O=C(/C=C/CN1CCCCC1)N1CCOc2cc3ncnc(Nc4ccc(OCc5cccc(F)c5)c(Cl)c4)c3cc21
4673,8.698970004336019,nM,CHEMBL4642574,N#Cc1cnc2cc(OC[C@H](O)CO)c(NC(=O)CC3CSSC3)cc2c1Nc1ccc(OCc2cccc(F)c2)c(Cl)c1
4674,4.585026652029183,nM,CHEMBL4642842,C=C1CC(CI)(c2ccccc2)OC1=O
4675,8.221848749616356,nM,CHEMBL4643111,CN1CCN(C/C=C/C(=O)N2CCOc3cc4ncnc(Nc5ccc(OCc6cccc(F)c6)c(Cl)c5)c4cc32)CC1
4676,6.238072161579471,nM,CHEMBL4643903,O=C(/C=C/CN1CCCC1)N1CCCOc2cc3ncnc(Nc4ccc(OCc5cccc(F)c5)c(Cl)c4)c3cc21
4677,4.853871964321763,nM,CHEMBL4644209,C=C1CC(c2ccccc2)(C(Br)c2ccccc2)OC1=O
4678,5.3872161432802645,nM,CHEMBL4644480,O=C1CSCC(=O)N1c1nnc2c3ccccc3nc(Sc3ccc(Br)cc3)n12
4679,5.7447274948966935,nM,CHEMBL4645726,N#CC1=C(N)N(c2nnc3c4ccccc4nc(Sc4ccc(Br)cc4)n23)C(=O)C1
4680,8.619788758288394,nM,CHEMBL4646030,N#Cc1cnc2cc(OC[C@@H](O)CO)c(NC(=O)CC3CSSC3)cc2c1Nc1ccc(OCc2cccc(F)c2)c(Cl)c1
4681,6.838631997765026,nM,CHEMBL4646415,CN(CCO)c1ccc2ncnc(Nc3cccc(Br)c3)c2c1
4682,5.234331445240986,nM,CHEMBL4646638,CC1CCCCN1C/C=C/C(=O)N1CCCOc2cc3ncnc(Nc4ccc(OCc5cccc(F)c5)c(Cl)c4)c3cc21
4683,5.368556230986828,nM,CHEMBL4646644,COc1ccc(/C=N/c2nnc3c4ccccc4nc(Nc4ccc(C)cc4N)n23)cc1O
4684,5.795880017344075,nM,CHEMBL464721,CCC(C)/C=C/C(=O)C(=O)/C=C/C=C/C=C/C=C/C=C/C=C/[C@@H]1C[C@@H](O)[C@H](C(=O)O)O1
4685,6.486516043295744,nM,CHEMBL4647257,CN(CCOS(=O)(=O)CCc1cn(CCCC(=O)N2CCN(C(=O)c3cc(Cc4n[nH]c(=O)c5ccccc45)ccc3F)CC2)nn1)c1ccc2ncnc(Nc3cccc(Br)c3)c2c1
4686,6.161150909262745,nM,CHEMBL4647325,Nc1nc(Nc2nnc3c4ccccc4nc(Sc4ccc(Br)cc4)n23)cs1
4687,8.096910013008056,nM,CHEMBL4648271,CCN(CC)C/C=C/C(=O)N1CCOc2cc3ncnc(Nc4ccc(OCc5cccc(F)c5)c(Cl)c4)c3cc21
4688,6.747146969020108,nM,CHEMBL4648924,CC1CCCCN1C/C=C/C(=O)N1CCOc2cc3ncnc(Nc4ccc(OCc5cccc(F)c5)c(Cl)c4)c3cc21
4689,6.130768280269024,nM,CHEMBL4649213,Clc1nc2ccccc2c2nnc(/N=C/c3ccco3)n12
4690,5.021819483062586,nM,CHEMBL4649833,CCN1CCN(CCCNc2ccc(Oc3nc4ccccc4c4nncn34)cc2)CC1
4691,5.251811972993799,nM,CHEMBL468975,C=C(CN(C)C)C(=O)c1ccccc1.Cl
4692,8.0,nM,CHEMBL469354,NS(=O)(=O)c1ccc(Nc2nc3ncnc(Nc4cccc(Br)c4)c3s2)cc1
4693,8.045757490560675,nM,CHEMBL469355,NS(=O)(=O)c1ccc(Nc2nc3ncnc(Nc4ccc(F)c(Cl)c4)c3s2)cc1
4694,5.154901959985743,nM,CHEMBL46946,O=CN/C=C/c1ccc(O)c(O)c1
4695,5.481486060122113,nM,CHEMBL469996,NS(=O)(=O)c1ccc(Nc2nc3ncnc(Nc4ccc(N5CCOCC5)c(Cl)c4)c3s2)cc1
4696,7.229147988357855,nM,CHEMBL469997,Fc1ccc(Nc2ncnc3nc(Nc4ccccc4)sc23)cc1Cl
4697,7.568636235841013,nM,CHEMBL470003,Clc1cccc(Nc2ncnc3nc(Nc4ccccc4)sc23)c1
4698,7.602059991327963,nM,CHEMBL470010,COCCN(CCOC)S(=O)(=O)c1ccc(Nc2nc3ncnc(Nc4ccc(F)c(Cl)c4)c3s2)cc1
4699,8.0,nM,CHEMBL470011,Fc1ccc(Nc2ncnc3nc(Nc4ccc(CN5CCCCC5)cc4)sc23)cc1Cl
4700,7.823908740944319,nM,CHEMBL470012,Fc1ccc(Nc2ncnc3nc(Nc4ccc(CCN5CCOCC5)cc4)sc23)cc1Cl
4701,7.886056647693163,nM,CHEMBL470218,CN(C)CCc1ccc(Nc2nc3ncnc(Nc4ccc(F)c(Cl)c4)c3s2)cc1
4702,8.397940008672037,nM,CHEMBL470219,Fc1ccc(Nc2ncnc3nc(Nc4ccc(CN5CCCC5)cc4)sc23)cc1Cl
4703,7.366531544420414,nM,CHEMBL470391,C#Cc1cccc(Nc2ncnc3nc(Nc4ccc(CN5CCOCC5)cc4)sc23)c1
4704,8.221848749616356,nM,CHEMBL471058,CCc1nccn1Cc1ccc(Nc2nc3ncnc(Nc4ccc(F)c(Cl)c4)c3s2)cc1
4705,4.995678626217358,nM,CHEMBL47173,O=C1Nc2ccccc2/C1=C/c1ccc(-c2cccs2)s1
4706,6.207608310501746,nM,CHEMBL472544,Nc1ncnc(Nc2ccc(OCc3ccccc3)c(Cl)c2)c1C(=O)NNC(=O)CCN1CCOCC1
4707,7.522878745280337,nM,CHEMBL472545,Nc1ncnc(Nc2ccc(OCc3ccccc3)c(Cl)c2)c1-c1nnc(CCN2CCOCC2)o1
4708,5.268411234813262,nM,CHEMBL472743,COc1cc(NC(=O)/C=C/CN2CCOCC2)cc2c(Nc3cccc(Br)c3)ccnc12
4709,8.439973751087107,nM,CHEMBL472746,C=CC(=O)NC1=CC=C2N=CN=C(Nc3ccc(OCc4ccccc4)cc3)C21
4710,4.867420152340263,nM,CHEMBL472942,COc1cc2nccc(Nc3ccc(F)c(Cl)c3)c2cc1NC(=O)/C=C/CN1CCOCC1
4711,5.282329496997738,nM,CHEMBL472943,COc1cc2nccc(Nc3ccc(F)c(Cl)c3)c2cc1NC(=O)/C=C/C(C)N(C)C
4712,4.986320302708807,nM,CHEMBL473141,CCOc1cc2nccc(Nc3cccc(Br)c3)c2cc1NC(=O)/C=C/CN1CCOCC1
4713,6.8827287043442364,nM,CHEMBL473320,COc1cc2ncnc(-c3c[nH]c4ccc(Br)cc34)c2cc1OC
4714,5.657577319177794,nM,CHEMBL473351,COc1cc2ncnc(Nc3ccc(-c4nc5ccccc5s4)c(O)c3)c2cc1OC
4715,8.096910013008056,nM,CHEMBL473427,Fc1cccc(COc2ccc(Nc3ncnc4cc(-c5cccs5)sc34)cc2Cl)c1
4716,8.522878745280337,nM,CHEMBL473428,OCc1ccc(-c2cc3ncnc(Nc4ccc(OCc5cccc(F)c5)c(Cl)c4)c3s2)o1
4717,8.522878745280337,nM,CHEMBL473429,N#CCNCc1ccc(-c2cc3ncnc(Nc4ccc(OCc5cccc(F)c5)c(Cl)c4)c3s2)o1
4718,7.167491087293763,nM,CHEMBL473436,Fc1cccc(COc2ccc(Nc3ncnc4cc(-c5ccc[nH]5)sc34)cc2Cl)c1
4719,8.397940008672037,nM,CHEMBL473437,CN(C)Cc1ccc(-c2cc3ncnc(Nc4ccc(OCc5cccc(F)c5)c(Cl)c4)c3s2)[nH]1
4720,8.221848749616356,nM,CHEMBL473438,CCNCc1ccc(-c2cc3ncnc(Nc4ccc(OCc5cccc(F)c5)c(Cl)c4)c3s2)[nH]1
4721,7.090016305060156,nM,CHEMBL473543,CS(=O)(=O)CCNCc1nc(-c2ccc3ncnc(Nc4ccc(OCc5ccccc5)cc4)c3c2)cs1
4722,7.200659450546419,nM,CHEMBL473553,COc1cc2ncnc(Nc3ccc(-c4nc5ccccc5s4)c(OC)c3)c2cc1OC
4723,5.823908740944319,nM,CHEMBL473556,COc1cc2ncnc(Nc3ccc(-c4nc5ccccc5s4)cc3)c2cc1OC
4724,8.439973751087107,nM,CHEMBL473747,C=CC(=O)Nc1cc2c(Cc3cccc(Br)c3)ncnc2cc1OCCCN1CCOCC1
4725,8.410050398674292,nM,CHEMBL473748,C=CC(=O)Nc1cc2c(Cc3cccc(Br)c3)ncnc2cc1OCCCCN(C)C
4726,8.51999305704285,nM,CHEMBL473944,C=CC(=O)Nc1cc2c(Cc3cccc(Br)c3)ncnc2cc1OCCCn1ccnc1
4727,8.193141970481182,nM,CHEMBL4740063,Clc1cccc(Nc2ncnc3cc4c(cc23)OCCO4)c1
4728,7.193820026016113,nM,CHEMBL4740108,Cc1cc(NC(=O)CN2CCN(c3ccccc3)CC2)no1
4729,8.1249387366083,nM,CHEMBL4740234,C=C(Cl)C(=O)Nc1cccc(Nc2nc(Nc3ccc(N4CCN(C(C)=O)CC4)nc3)ncc2Cl)c1
4730,9.096910013008056,nM,CHEMBL4740295,CS(=O)(=O)c1ccc(-c2cc3c(N[C@H](CO)c4ccccc4)ncnc3[nH]2)cc1
4731,9.522878745280336,nM,CHEMBL4740573,COc1cc(NS(C)(=O)=O)ccc1-c1cc2c(N[C@H](CO)c3ccccc3)ncnc2[nH]1
4732,6.6817487897988,nM,CHEMBL4740646,COc1ccc(/C=N\Nc2nc(-c3nc4ccccc4n3C)cs2)cc1OC
4733,9.14002155835798,nM,CHEMBL474141,C=CC(=O)NC1=NC=C2N=CN=C(Nc3ccc(F)c(Br)c3)C21
4734,8.96018944585165,nM,CHEMBL474142,C=CC(=O)Nc1cc2ncnc(Nc3cccc(Br)c3)c2[nH]1
4735,8.92009553233328,nM,CHEMBL474143,C=CC(=O)Nc1cc2ncnc(Nc3ccc(F)c(Br)c3)c2[nH]1
4736,7.537602002101044,nM,CHEMBL4741678,O=C(Nc1cc2c(Nc3ccc(F)c(Cl)c3)ncnc2cc1OCCCN1CCOCC1)c1cccc(F)c1F
4737,9.221848749616356,nM,CHEMBL4741922,C[C@@H](Nc1ncnc2[nH]c(-c3ccncc3)cc12)c1ccccc1
4738,6.8703101078007,nM,CHEMBL4741925,COc1ccc(-c2c3c4cc(OC)c(O)cc4[nH]c(=O)c3n3ccc4cc(O)c(OC)cc4c23)cc1O
4739,10.0,nM,CHEMBL4742081,COc1cc(CNCCN2CCNCC2)ccc1-c1cc2c(N[C@H](CO)c3ccccc3)ncnc2[nH]1
4740,5.0,nM,CHEMBL474267,N#CC(C#N)=C(C#N)c1ccc(O)c(O)c1
4741,8.603800652904264,nM,CHEMBL4743220,Fc1c(Br)cccc1Nc1ncnc2cc3c(cc12)OCCO3
4742,6.273272790973428,nM,CHEMBL474323,COc1cc2ncnc(-c3c[nH]c4cc(F)c(C)cc34)c2cc1OC
4743,6.3260580013659125,nM,CHEMBL474324,COCCOc1cc2ncnc(-c3c[nH]c4cc(F)c(Cl)cc34)c2cc1OCCOC
4744,8.430041181903405,nM,CHEMBL474341,O=C(CCn1ncc2cc3c(Nc4cccc(Br)c4)ncnc3cc21)N1CCOCC1
4745,8.240030142445693,nM,CHEMBL474343,C=CC(=O)NC1=CC=C2N=CN=C(Nc3ccc(Oc4ccccc4)cc3)C21
4746,7.657577319177793,nM,CHEMBL4743464,N#Cc1cccc(Nc2ncnc3cc4c(cc23)OCCO4)c1F
4747,7.853871964321762,nM,CHEMBL4743566,O=C(Nc1cc2c(Nc3ccc(F)c(Cl)c3)ncnc2cc1OCCCN1CCOCC1)c1cccc([N+](=O)[O-])c1Cl
4748,9.522878745280336,nM,CHEMBL4743998,C[C@@H](Nc1ncnc2[nH]c(-c3ccc(NS(C)(=O)=O)cc3)cc12)c1ccccc1
4749,7.602059991327963,nM,CHEMBL4744207,Fc1c(Nc2ncnc3cc4c(cc23)OCCO4)ccc(Cl)c1Cl
4750,8.522878745280337,nM,CHEMBL474431,CS(=O)(=O)CCNCc1cc(-c2cc3ncnc(Nc4ccc(OCc5cccc(F)c5)c(Cl)c4)c3s2)cs1
4751,8.407823242604133,nM,CHEMBL4744655,Fc1c(Cl)cccc1Nc1ncnc2cc3c(cc12)OCCO3
4752,9.154901959985745,nM,CHEMBL4744798,CC(=O)Nc1ccc(-c2cc3c(N[C@H](C)c4ccccc4)ncnc3[nH]2)cc1
4753,7.657577319177793,nM,CHEMBL4744973,CN1CCN(c2ccc(Nc3ncc4nc(Nc5ccc(F)cc5)n([C@H]5CCN(S(=O)(=O)C6CC6)C5)c4n3)cc2)CC1
4754,9.455931955649724,nM,CHEMBL4744985,C=CC(=O)Nc1cc2c(Nc3ccc(F)c(Cl)c3)ncnc2cc1OCc1cn(CCCCC(=O)NO)nn1
4755,6.47755576649368,nM,CHEMBL474524,COc1cc2ncnc(-c3c[nH]c4cc(F)c(Cl)cc34)c2cc1OCCCN1CCOCC1
4756,5.275724130399212,nM,CHEMBL474543,Clc1ccc2c(Nc3ccc(-c4nc5ccccc5s4)cc3)ccnc2c1
4757,8.585026652029182,nM,CHEMBL4745868,C=C(Cl)C(=O)Nc1cccc(Nc2nc(Nc3ccc(N4CCN(C(C)=O)CC4)c(C)c3)ncc2Cl)c1
4758,6.671987561144414,nM,CHEMBL4746023,Cc1ccc(/C=N\Nc2nc(-c3nc4ccccc4n3C)cs2)o1
4759,6.688246138944246,nM,CHEMBL4746030,C#Cc1cccc(Nc2ncnc3cc(OCCOC)c(OCCOC(=O)CCCCC[N+]4=C(/C=C/C=C/C=C/C=C5/N(CCCC)c6ccccc6C5(C)C)C(C)(C)c5cc(C(F)(F)F)ccc54)cc23)c1.[Br-]
4760,6.391377704916,nM,CHEMBL4746321,Cn1c(-c2csc(N/N=C\c3ccc(Br)cc3)n2)nc2ccccc21
4761,7.795880017344075,nM,CHEMBL4746377,C=C(Cl)C(=O)Nc1cccc(Nc2nc(Nc3ccc(N4CCN(C(C)=O)CC4)cc3OC)ncc2C(F)(F)F)c1
4762,7.97469413473523,nM,CHEMBL4746488,COc1cccc2cc(N(C)c3nc(C)nc4ccccc34)ccc12
4763,9.096910013008056,nM,CHEMBL4746697,C[C@@H](Nc1ncnc2[nH]c(-c3ccccc3OC(F)F)cc12)c1ccccc1
4764,9.221848749616356,nM,CHEMBL4746770,CC(C)Oc1ccccc1-c1cc2c(N[C@H](C)c3ccccc3)ncnc2[nH]1
4765,8.244125144327509,nM,CHEMBL4746895,COc1ccc(-c2c3c4cc(OC)c(OCCCN(C)C)cc4[nH]c(=O)c3n3ccc4cc(O)c(OC)cc4c23)cc1O.O=C(O)C(F)(F)F
4766,7.917933065714887,nM,CHEMBL4747078,C=CC(=O)Nc1cc(Nc2ncc(C(F)(F)F)c(-c3cn(C4CC4)c4ccccc34)n2)c(OC)cc1N(C)CCN(C)C
4767,6.554582630234082,nM,CHEMBL4747759,Cn1c(-c2csc(NN=C3CCCCC3)n2)nc2ccccc21
4768,7.4089353929735005,nM,CHEMBL4747893,O=C(Nc1cc2c(Nc3ccc(OCc4ccccn4)c(Cl)c3)ncnc2cc1OCCCN1CCOCC1)c1cc([N+](=O)[O-])ccc1F
4769,8.795880017344075,nM,CHEMBL4748149,OCc1cc(-c2cc3c(N[C@H](CO)c4ccccc4)ncnc3[nH]2)ccc1F
4770,9.522878745280336,nM,CHEMBL4748320,CN(C)CCNCc1ccc(-c2cc3c(N[C@H](CO)c4ccccc4)ncnc3[nH]2)cc1
4771,10.0,nM,CHEMBL4748367,CN(C)CCNCc1ccc(-c2cc3c(N[C@H](CO)c4ccccc4)ncnc3[nH]2)cc1F
4772,8.920818753952375,nM,CHEMBL4749064,CN(C)CCNCc1cc(-c2cc3c(N[C@H](CO)c4ccccc4)ncnc3[nH]2)ccc1F
4773,5.908213496006023,nM,CHEMBL4749342,Cn1c(-c2csc(N/N=C\c3ccccc3)n2)nc2ccccc21
4774,7.723538195826756,nM,CHEMBL4749501,Fc1cccc(Nc2ncnc3cc4c(cc23)OCCO4)c1F
4775,6.465897708612225,nM,CHEMBL4749518,Cn1c(-c2csc(N/N=C\C3CCCN3)n2)nc2ccccc21
4776,7.552841968657781,nM,CHEMBL4749765,O=C(Nc1cc2c(Nc3ccc(OCc4cccc(F)c4)c(Cl)c3)ncnc2cc1OCCCN1CCOCC1)c1cc([N+](=O)[O-])ccc1F
4777,9.221848749616356,nM,CHEMBL4749862,COc1cnccc1-c1cc2c(N[C@H](CO)c3ccccc3)ncnc2[nH]1
4778,7.779891911959945,nM,CHEMBL4750158,COc1ccc(-c2c3c4cc(OCCCN(C)C)c(O)cc4[nH]c(=O)c3n3ccc4cc(O)c(OC)cc4c23)cc1O.O=C(O)C(F)(F)F
4779,8.568636235841012,nM,CHEMBL4750196,O=C(Nc1cc2c(Nc3ccc(F)c(Cl)c3)ncnc2cc1OCCCN1CCOCC1)c1cc([N+](=O)[O-])ccc1F
4780,6.626389271687069,nM,CHEMBL4750343,COc1ccc(C2N=C(C(N)=O)c3ncn(-c4ccc(N5CCN(C)CC5)c([N+](=O)[O-])c4)c3N2)cc1OC
4781,7.472885888360195,nM,CHEMBL4750368,CNc1nc(C)c(C(=O)/C=C/c2ccc(O)cc2)s1
4782,7.705533773838408,nM,CHEMBL4750375,C#Cc1cccc(Nc2ncnc3cc4c(cc23)OCCO4)c1F
4783,7.366531544420414,nM,CHEMBL4750608,O=C(Nc1cc2c(Nc3ccc(F)c(Cl)c3)ncnc2cc1OCCCN1CCOCC1)c1cc(F)ccc1[N+](=O)[O-]
4784,7.14466259553046,nM,CHEMBL4750734,Cn1c(-c2csc(N/N=C\c3ccc([N+](=O)[O-])o3)n2)nc2ccccc21
4785,6.823908740944319,nM,CHEMBL4751085,CC(C)(C)c1cc(NC2=NC(=O)CS2)no1
4786,7.267606240177032,nM,CHEMBL4751362,Cc1cc(NC2=NC(=O)/C(=C\c3c4ccccc4cc4ccccc34)S2)no1
4787,9.154901959985745,nM,CHEMBL4751641,C[C@@H](Nc1ncnc2[nH]c(-c3ccc(S(N)(=O)=O)cc3)cc12)c1ccccc1
4788,6.615467384505752,nM,CHEMBL4751768,O=[N+]([O-])c1ccc(F)c(CNc2cc3c(Nc4ccc(F)c(Cl)c4)ncnc3cc2OCCCN2CCOCC2)c1
4789,7.657577319177793,nM,CHEMBL4752022,CN1CCN(c2ccc(Nc3ncc4nc(Nc5ccc(F)cc5)n([C@@H]5CCN(S(=O)(=O)C6CC6)C5)c4n3)cc2)CC1
4790,6.906578314837764,nM,CHEMBL4752492,C#Cc1cccc(Nc2ncnc3cc(OCCOC)c(OCCOC(=O)CCCCC[N+]4=C(/C=C/C=C/C=C/C=C5/N(CCCC)c6ccc(OC)cc6C5(C)C)C(C)(C)c5cc(C(F)(F)F)ccc54)cc23)c1.[Br-]
4791,6.595611064469456,nM,CHEMBL4752843,Cn1c(-c2csc(N/N=C\c3ccc(F)cc3)n2)nc2ccccc21
4792,8.366531544420413,nM,CHEMBL4752951,O=C(Nc1cc2c(Nc3ccc(F)c(Cl)c3)ncnc2cc1OCCCN1CCOCC1)c1cccnc1F
4793,6.045757490560675,nM,CHEMBL4753008,Cn1c(-c2ccccc2)cc2c(N[C@H](CO)c3ccccc3)ncnc21
4794,7.920818753952375,nM,CHEMBL4753193,CN1CCN(CCOc2cc3ncnc(Nc4ccc(F)c(Cl)c4)c3cc2NC(=O)c2cc([N+](=O)[O-])ccc2F)CC1
4795,6.952335805398441,nM,CHEMBL4753387,C=CC(=O)Nc1cc(Nc2cc(-n3c(SC)nnc3-c3ccc(F)cc3)ccn2)c(OC)cc1N1CCC(N2CCOCC2)CC1
4796,8.070581074285707,nM,CHEMBL4753389,C=CC(=O)Nc1cccc(-c2c(-c3ccc(N4CCN(C)CC4)cc3)[nH]c3ncnc(OCC(C)C)c23)c1
4797,5.292429823902063,nM,CHEMBL475351,COc1nc(Nc2ccc(-c3nc4ccccc4s3)c(OC)c2)c2cc[nH]c2n1
4798,5.585026652029182,nM,CHEMBL475352,COc1cc(Nc2ncnc3[nH]cnc23)ccc1-c1nc2ccccc2s1
4799,7.070427820923451,nM,CHEMBL4753631,Cn1c(-c2csc(N/N=C\c3ccc([N+](=O)[O-])cc3)n2)nc2ccccc21
4800,7.714442690992226,nM,CHEMBL4753700,C=CC(=O)Nc1cccc(-n2c(=O)cc(C)c3cnc(Nc4ccc(N5CCN(CCCCCC(=O)N[C@H](C(=O)N6C[C@H](O)C[C@H]6C(=O)NCc6ccc(-c7scnc7C)cc6)C(C)(C)C)CC5)cc4OC)nc32)c1
4801,6.644548479873484,nM,CHEMBL4753913,COc1ccc(/C=C2/N=C(c3ccc(Cl)cc3)N(C(=O)Cc3nc4c(c(C)nn4-c4ccccc4)c(=O)[nH]3)NC2=O)cc1
4802,8.154901959985743,nM,CHEMBL475446,CS(=O)(=O)CCNCc1ccc(-c2cc3ncnc(Nc4ccc(OCc5cccc(F)c5)c(Cl)c4)c3s2)[nH]1
4803,7.886056647693163,nM,CHEMBL4754811,O=C(Nc1cc2c(Nc3ccc(F)c(Cl)c3)ncnc2cc1OCCCN1CCOCC1)c1cccc([N+](=O)[O-])c1F
4804,6.568636235841012,nM,CHEMBL4755444,CN(C)CCOc1ccc(Nc2ncnc3cc(OCCCN4CCOCC4)c(NC(=O)c4cc([N+](=O)[O-])ccc4F)cc23)cc1Cl
4805,7.180456064458132,nM,CHEMBL4755651,CC(C)(C)c1cc(NC(=O)CN2CCN(c3ccccc3)CC2)no1
4806,7.568636235841013,nM,CHEMBL4755832,O=C(Nc1cc2c(Nc3ccc(F)c(Cl)c3)ncnc2cc1OCCCN1CCOCC1)c1ccccc1
4807,8.698970004336019,nM,CHEMBL475594,CN(C)Cc1ccc(-c2cc3ncnc(Nc4ccc(OCc5cccc(F)c5)c(Cl)c4)c3s2)o1
4808,7.091514981121351,nM,CHEMBL4755988,Cc1cc(NC2=NC(=O)CS2)no1
4809,6.939302159646388,nM,CHEMBL475600,Fc1cccc(COc2ccc(Nc3ncnc4sc(-c5ccc[nH]5)cc34)cc2Cl)c1
4810,9.022276394711152,nM,CHEMBL4756020,C=CC(=O)Nc1cc(Nc2nccc(-c3cn(C4COC4)c4ccccc34)n2)c(OC)cc1N(C)CCN(C)C
4811,6.4089353929735005,nM,CHEMBL4756049,Cc1ccc(Oc2ccc(Nc3ncnc4cc(OCCCN5CCOCC5)c(NC(=O)c5cc([N+](=O)[O-])ccc5F)cc34)cc2Cl)cn1
4812,10.154901959985745,nM,CHEMBL4756368,C=CC(=O)Nc1cc(-c2c[nH]c3ncnc(Nc4ccc5c(cnn5Cc5ccccc5)c4)c23)ccc1OCCO
4813,5.900664722314042,nM,CHEMBL4757104,ClCCN(CCCl)c1ccc2ncnc(Nc3cccc(Br)c3)c2c1
4814,10.045757490560677,nM,CHEMBL4757145,C=CC(=O)Nc1cc(-c2c[nH]c3ncnc(Nc4ccc(OCc5ccccn5)c(Cl)c4)c23)ccc1OCCN(C)C
4815,6.772113295386326,nM,CHEMBL4757531,N#Cc1cccc(Oc2ccc(Nc3ncnc4cc(OCCCN5CCOCC5)c(NC(=O)c5cc([N+](=O)[O-])ccc5F)cc34)cc2Cl)c1
4816,7.167491087293763,nM,CHEMBL475767,CN(C)Cc1ccc(-c2cc3c(Nc4ccc(OCc5cccc(F)c5)c(Cl)c4)ncnc3s2)[nH]1
4817,9.0,nM,CHEMBL475768,CS(=O)(=O)CCNCc1ccc(-c2cc3ncnc(Nc4ccc(OCc5cccc(F)c5)c(Cl)c4)c3s2)o1
4818,8.397940008672037,nM,CHEMBL475769,CS(=O)(=O)CCNCc1cc(-c2cc3ncnc(Nc4ccc(OCc5cccc(F)c5)c(Cl)c4)c3s2)co1
4819,8.42021640338319,nM,CHEMBL4757724,CN1CCN(CCCOc2cc3ncnc(Nc4ccc(F)c(Cl)c4)c3cc2NC(=O)c2cc([N+](=O)[O-])ccc2F)CC1
4820,9.397940008672036,nM,CHEMBL4757806,COc1cc(C(N)=O)ccc1-c1cc2c(N[C@H](C)c3ccccc3)ncnc2[nH]1
4821,6.251037138743839,nM,CHEMBL4758107,CNC(=O)CN1CC[C@H](n2c(Nc3ccc(F)cc3)nc3cnc(Nc4ccc(N5CCN(C)CC5)cc4)nc32)C1
4822,6.2057629825592855,nM,CHEMBL4758204,COc1cc(/C=N\Nc2nc(-c3nc4ccccc4n3C)cs2)cc(OC)c1OC
4823,8.823908740944319,nM,CHEMBL4758761,C=CC(=O)Nc1cc2c(Nc3ccc(OCc4cccc(F)c4)c(Cl)c3)ncnc2cc1OCc1cn(CCCCC(=O)NO)nn1
4824,8.958607314841775,nM,CHEMBL4758842,C=CC(=O)Nc1cc2c(Nc3ccc(OCc4cccc(F)c4)c(Cl)c3)ncnc2cc1OCc1cn(CCC(=O)NO)nn1
4825,10.0,nM,CHEMBL4759003,COc1cc(CNCCN(C)C)ccc1-c1cc2c(N[C@H](C)c3ccccc3)ncnc2[nH]1
4826,7.982966660701219,nM,CHEMBL4759031,Fc1c(I)cccc1Nc1ncnc2cc3c(cc12)OCCO3
4827,9.455931955649724,nM,CHEMBL4759072,C=CC(=O)Nc1cc2c(Nc3ccc(F)c(Cl)c3)ncnc2cc1OCc1cn(CCCC(=O)NO)nn1
4828,9.494850021680094,nM,CHEMBL4759112,CN(C)C/C=C/C(=O)Nc1cc2ncnc(Nc3ccc(F)c(Cl)c3)c2cc1O[C@@H]1CCOC1
4829,9.154901959985745,nM,CHEMBL4759127,NC(=O)Cc1cccc(-c2cc3c(N[C@H](CO)c4ccccc4)ncnc3[nH]2)c1
4830,6.374430341756954,nM,CHEMBL4759405,Cc1ccc(C2=N/C(=C/c3ccc(Cl)cc3)C(=O)NN2C(=O)Cc2nc3c(c(C)nn3-c3ccccc3)c(=O)[nH]2)cc1
4831,7.293282217663242,nM,CHEMBL4759414,O=C(Nc1cc2c(Nc3ccc(F)c(Cl)c3)ncnc2cc1OCCCN1CCOCC1)c1cccc([N+](=O)[O-])c1
4832,7.382999658879101,nM,CHEMBL4759650,Fc1c(Nc2ncnc3cc4c(cc23)OCCO4)cccc1C(F)(F)F
4833,9.468521082957745,nM,CHEMBL4759697,C=CC(=O)Nc1cc2c(Nc3cccc(Cl)c3F)ncnc2cc1OCc1cn(CCC(=O)NO)nn1
4834,10.0,nM,CHEMBL4760328,CCOc1ccccc1-c1cc2c(N[C@H](CCO)c3ccccc3)ncnc2[nH]1
4835,7.244125144327507,nM,CHEMBL4760606,CS(=O)(=O)c1ccc(F)c(C(=O)Nc2cc3c(Nc4ccc(F)c(Cl)c4)ncnc3cc2OCCCN2CCOCC2)c1
4836,7.522878745280337,nM,CHEMBL4760864,O=C(Nc1cc2c(Nc3ccc(F)c(Cl)c3)ncnc2cc1OCCCN1CCOCC1)c1cccc(C(F)(F)F)c1F
4837,9.744727494896694,nM,CHEMBL4761468,C=CC(=O)Nc1cc(Nc2nccc(-c3cn(C4CC4)c4ccccc34)n2)c(OC)cc1N(C)CCN(C)C
4838,7.790484985457369,nM,CHEMBL4762453,Fc1c(Nc2ncnc3cc4c(cc23)OCCO4)ccc(Cl)c1Br
4839,6.289349618011718,nM,CHEMBL4762604,Cn1c(-c2csc(N/N=C\c3ccc(Cl)cc3Cl)n2)nc2ccccc21
4840,6.437707135543525,nM,CHEMBL4762998,O=C(Nc1cc2c(Nc3ccc(F)c(Cl)c3)ncnc2cc1OCCCN1CCOCC1)c1cc(F)cc(F)c1F
4841,9.30102999566398,nM,CHEMBL4763315,CS(=O)(=O)Nc1ccc(-c2cc3c(N[C@H](CO)c4ccccc4)ncnc3[nH]2)cc1
4842,6.369572124974976,nM,CHEMBL4763697,O=C(Nc1cc2c(Nc3ccc(F)cc3)ncnc2cc1OCCCN1CCOCC1)c1cc([N+](=O)[O-])ccc1F
4843,6.111685687843247,nM,CHEMBL4763960,Cn1c(-c2csc(N/N=C\c3cccs3)n2)nc2ccccc21
4844,7.494850021680094,nM,CHEMBL4763967,O=C(Nc1cc2c(Nc3ccc(F)c(F)c3)ncnc2cc1OCCCN1CCOCC1)c1cc([N+](=O)[O-])ccc1F
4845,9.096910013008056,nM,CHEMBL4764993,COc1cc(NC(C)=O)ccc1-c1cc2c(N[C@H](CO)c3ccccc3)ncnc2[nH]1
4846,6.297569463554475,nM,CHEMBL4765122,CN(CCCl)c1ccc2ncnc(Nc3cccc(Br)c3)c2c1
4847,5.0,nM,CHEMBL47660,N#C/C(=C\c1cc(O)ccc1O)C(N)=O
4848,3.7099653886374826,nM,CHEMBL477,Nc1ncnc2c1ncn2[C@@H]1O[C@H](CO)[C@@H](O)[C@H]1O
4849,5.4685210829577455,nM,CHEMBL477197,Oc1cc2c(cc1O)[C@@H]1c3ccc(O)c(O)c3OC[C@]1(O)C2
4850,8.494850021680094,nM,CHEMBL4776012,C=C(Cl)C(=O)Nc1cccc(Nc2nc(Nc3ccc(N4CCN(C(C)=O)CC4)c(Cl)c3)ncc2Cl)c1
4851,8.853871964321762,nM,CHEMBL4776056,C[C@@H](Nc1ncnc2[nH]c(-c3cccc(C(N)=O)c3)cc12)c1ccccc1
4852,7.619788758288394,nM,CHEMBL4776057,CS(=O)(=O)c1cccc(C(=O)Nc2cc3c(Nc4ccc(F)c(Cl)c4)ncnc3cc2OCCCN2CCOCC2)c1F
4853,7.327902142064283,nM,CHEMBL4776073,C=C(Cl)C(=O)Nc1cccc(Nc2nc(Nc3ccc(N4CCN(C(C)=O)CC4)cc3Cl)ncc2Cl)c1
4854,9.69897000433602,nM,CHEMBL4776396,CCOc1ccccc1-c1cc2c(N[C@H](CO)c3ccccc3)ncnc2[nH]1
4855,6.906578314837764,nM,CHEMBL4776730,CC(C)(C)c1cc(NC(=O)CCl)no1
4856,9.30102999566398,nM,CHEMBL4776751,COc1cc(C(N)=O)ccc1-c1cc2c(N[C@H](CO)c3ccccc3)ncnc2[nH]1
4857,6.194907121657327,nM,CHEMBL4776833,C=CC(=O)Nc1cccc(Oc2nc(Nc3cccc(OC)c3)nc3c2CSCC3)c1
4858,5.082809691488436,nM,CHEMBL4776925,S=C(NNc1ccccc1)Nc1ccc2c(c1)OCO2
4859,6.764471553092451,nM,CHEMBL4777554,O=C(Nc1cc2c(Nc3ccc(OCC4CC4)c(Cl)c3)ncnc2cc1OCCCN1CCOCC1)c1cc([N+](=O)[O-])ccc1F
4860,7.619788758288394,nM,CHEMBL4778159,N#Cc1cccc(Nc2ncnc3cc4c(cc23)OCCO4)c1
4861,6.832978204209743,nM,CHEMBL4778502,C=CC(=O)Nc1ccc(OC)c(Nc2cc(-n3c(SC)nnc3-c3ccc(F)cc3)ccn2)c1
4862,5.724688645458189,nM,CHEMBL4778717,O=S(=O)(Nc1ccccn1)c1ccc(NC(=S)Nc2ccc3c(c2)OCO3)cc1
4863,7.443697499232713,nM,CHEMBL4778826,COc1ccc(/C=C/C(=O)c2nnn(-c3ccc(Cl)cc3)c2C)cc1OC
4864,9.154901959985745,nM,CHEMBL4778894,COc1cc(NS(C)(=O)=O)ccc1-c1cc2c(N[C@H](C)c3ccccc3)ncnc2[nH]1
4865,5.173730780606274,nM,CHEMBL4779194,C=CCSSCCC(=O)OCCCOc1cc2ncnc(Nc3cccc(Br)c3)c2cc1OC
4866,6.958607314841775,nM,CHEMBL4779681,O=c1ccc2ccc(Oc3nc(Nc4ccc(N5CCC(N6CCCCC6)CC5)c(F)c4)nc4ccsc34)cc2[nH]1
4867,8.958607314841775,nM,CHEMBL4779711,C[C@@H](Nc1ncnc2[nH]c(-c3ccc(C(=O)O)cc3)cc12)c1ccccc1
4868,6.446116973356126,nM,CHEMBL4779958,Cc1c(NC(=S)Nc2ccc3c(c2)OCO3)c(=O)n(-c2ccccc2)n1C
4869,6.9597537849422935,nM,CHEMBL4780058,Cn1c(-c2csc(NN=C3CCCC3)n2)nc2ccccc21
4870,5.724182072122462,nM,CHEMBL4780210,Cc1ccc(C2=N/C(=C\c3ccc(Cl)cc3)C(=O)NN2C(=O)c2nc3c(c(C)nn3-c3ccccc3)c(=O)[nH]2)cc1
4871,9.397940008672036,nM,CHEMBL4780286,OC[C@@H](Nc1ncnc2[nH]c(-c3ccccc3)cc12)c1ccccc1
4872,6.638272163982407,nM,CHEMBL4780855,CN(C)CCNc1ccc(Nc2nc(Oc3ccc4ccc(=O)[nH]c4c3)c3sccc3n2)cc1F
4873,6.913640169325252,nM,CHEMBL4780903,CN1CCN(c2ccc(Nc3ncc4nc(Nc5ccc(F)cc5)n([C@H]5CCN(C(=O)OC(C)(C)C)C5)c4n3)cc2)CC1
4874,8.698970004336019,nM,CHEMBL4780965,OC[C@@H](Nc1ncnc2[nH]c(-c3ccncc3)cc12)c1ccccc1
4875,8.080921907623926,nM,CHEMBL4782025,O=C(Nc1cc2c(Nc3ccc(F)c(Cl)c3)ncnc2cc1OCCCN1CCOCC1)c1cc([N+](=O)[O-])ccc1Cl
4876,6.30715308072277,nM,CHEMBL4782320,S=C(Nc1ccc2c(c1)OCO2)Nc1c2ccccc2nc2ccccc12
4877,7.991399828238083,nM,CHEMBL4782900,COc1ccc(-c2c3c4cc(O)c(OCCCN(C)C)cc4[nH]c(=O)c3n3ccc4cc(O)c(OC)cc4c23)cc1O.O=C(O)C(F)(F)F
4878,8.210419287835574,nM,CHEMBL4783428,Fc1cc(Br)c(F)c(Nc2ncnc3cc4c(cc23)OCCO4)c1
4879,9.397940008672036,nM,CHEMBL4783569,COc1ccccc1-c1cc2c(N[C@H](CO)c3ccccc3)ncnc2[nH]1
4880,9.356547323513812,nM,CHEMBL4783641,C=CC(=O)Nc1cc2c(Nc3cccc(Cl)c3F)ncnc2cc1OCc1cn(CCCCC(=O)NO)nn1
4881,6.8228676829582255,nM,CHEMBL4783948,Cc1ccc(/C=N\Nc2nc(-c3nc4ccccc4n3C)cs2)cc1
4882,5.648783654660658,nM,CHEMBL4784185,N#Cc1ccc(Nc2ncnc3cc(OCCCN4CCOCC4)c(NC(=O)c4cc([N+](=O)[O-])ccc4F)cc23)cc1Cl
4883,10.0,nM,CHEMBL4784258,COc1cc(CN(C)CCN(C)C)ccc1-c1cc2c(N[C@H](CO)c3ccccc3)ncnc2[nH]1
4884,9.397940008672036,nM,CHEMBL4784777,COc1cc(CNCCS(C)(=O)=O)ccc1-c1cc2c(N[C@H](CO)c3ccccc3)ncnc2[nH]1
4885,6.619788758288394,nM,CHEMBL4785528,CCN1CCN(Cc2ccc(Nc3nc(Oc4ccc5ccc(=O)[nH]c5c4)c4sccc4n3)cc2)CC1
4886,9.522878745280336,nM,CHEMBL4785569,CCOc1ccccc1-c1cc2c(N[C@H](C)c3ccccc3)ncnc2[nH]1
4887,7.886056647693163,nM,CHEMBL4785849,C=C(Cl)C(=O)Nc1cccc(Oc2nc(Nc3ccc(N4CCN(C(C)=O)CC4)cc3)ncc2Cl)c1
4888,5.378823718224965,nM,CHEMBL4786003,COc1cc(/C=N/NC(=O)COc2nc(C)nc3c2c(C)nn3-c2ccccc2)cc(OC)c1OC
4889,6.984179365737931,nM,CHEMBL4786168,CN(C)c1ccc(/C=N\Nc2nc(-c3nc4ccccc4n3C)cs2)cc1
4890,6.80771138743188,nM,CHEMBL4786701,C=CC(=O)Nc1cc(Nc2cc(-n3c(SC)nnc3-c3ccc(F)cc3)ccn2)c(OC)cc1N1CCCN(C)CC1
4891,9.30102999566398,nM,CHEMBL4786776,OCC[C@@H](Nc1ncnc2[nH]c(-c3ccccc3)cc12)c1ccccc1
4892,6.296622631487651,nM,CHEMBL4786797,Oc1c(Br)cccc1Nc1ncnc2cc3c(cc12)OCCO3
4893,8.0,nM,CHEMBL4786961,Fc1ccc(Br)c(F)c1Nc1ncnc2cc3c(cc12)OCCO3
4894,10.096910013008056,nM,CHEMBL4787483,C=CC(=O)Nc1cccc(-c2c[nH]c3ncnc(Nc4ccc(OCc5ccccn5)c(Cl)c4)c23)c1
4895,6.630042392653947,nM,CHEMBL4787536,C=CC(=O)Nc1cccc(Nc2cc(-n3c(SC)nnc3-c3ccc(F)cc3)ccn2)c1
4896,6.841637507904751,nM,CHEMBL4787698,CC(C)(C)c1cc(NC(=O)CN2CCOCC2)no1
4897,9.522878745280336,nM,CHEMBL4787816,COc1cc(CNCCN(C)C)ccc1-c1cc2c(N[C@H](CO)c3ccccc3)ncnc2[nH]1
4898,10.0,nM,CHEMBL4787951,COc1cc(CNCCN2CCOCC2)ccc1-c1cc2c(N[C@H](CO)c3ccccc3)ncnc2[nH]1
4899,6.843450848668219,nM,CHEMBL4788364,C=CC(=O)Nc1cccc(Nc2cc(-n3c(CCCO)nnc3-c3ccc(F)cc3)ccn2)c1
4900,9.221848749616356,nM,CHEMBL4789027,OCc1ccc(-c2cc3c(N[C@H](CO)c4ccccc4)ncnc3[nH]2)cc1F
4901,8.657577319177793,nM,CHEMBL4789312,OC[C@@H](Nc1ncnc2[nH]c(-c3cccnc3)cc12)c1ccccc1
4902,6.7594507517174005,nM,CHEMBL4789716,C=C(F)C(=O)Nc1cccc(Nc2nc(Nc3ccc(N4CCN(C(C)=O)CC4)c(C)c3)ncc2Cl)c1
4903,6.0030507515046185,nM,CHEMBL4789796,S=C(NN=C(c1ccccc1)c1ccccc1)Nc1ccc2c(c1)OCO2
4904,8.886056647693163,nM,CHEMBL4789811,N#Cc1ccc(F)c(C(=O)Nc2cc3c(Nc4ccc(F)c(Cl)c4)ncnc3cc2OCCCN2CCOCC2)c1
4905,5.530619864150076,nM,CHEMBL479,CSc1ccc2c(c1)N(CCC1CCCCN1C)c1ccccc1S2
4906,6.334419008982048,nM,CHEMBL4790485,COCCOc1ccc(Nc2ncnc3cc(OCCCN4CCOCC4)c(NC(=O)c4cc([N+](=O)[O-])ccc4F)cc23)cc1Cl
4907,6.183361055101539,nM,CHEMBL4790553,Cc1nn(-c2ccccc2)c2nc(CC(=O)N3NC(=O)/C(=C\c4ccccc4)N=C3c3ccccc3)[nH]c(=O)c12
4908,8.522878745280337,nM,CHEMBL4790655,O=C(Nc1cc2c(Nc3ccc(F)c(Cl)c3)ncnc2cc1OCCCN1CCOCC1)c1ccccc1F
4909,9.096910013008056,nM,CHEMBL4791195,C[C@@H](Nc1ncnc2[nH]c(-c3ccc(C(N)=O)cc3)cc12)c1ccccc1
4910,8.769551078621726,nM,CHEMBL4791596,COc1ccc(-c2c3c4cc(OCCCN(C)C)c(OCCCN(C)C)cc4[nH]c(=O)c3n3ccc4cc(O)c(OC)cc4c23)cc1O.O=C(O)C(F)(F)F.O=C(O)C(F)(F)F
4911,8.11747546204512,nM,CHEMBL4791756,Fc1ccc(Br)cc1Nc1ncnc2cc3c(cc12)OCCO3
4912,6.698970004336019,nM,CHEMBL4791953,CN1CCN(Cc2ccc(Nc3nc(Oc4ccc5ccc(=O)[nH]c5c4)c4sccc4n3)cc2)CC1
4913,4.245804611810162,nM,CHEMBL4791960,CC(C)(C)c1cc(NC(=O)Cc2ccc(Nc3ncnc4[nH]c(-c5ccc(S(C)(=O)=O)cc5)cc34)cc2)no1
4914,6.730487055782083,nM,CHEMBL4792279,Cc1nn(-c2ccc(F)cc2)c2ncnc(Nc3ccc(F)c(Cl)c3)c12
4915,8.721246399047171,nM,CHEMBL4792426,O=C(Nc1cc2c(Nc3ccc(F)c(Cl)c3)ncnc2cc1OCCCN1CCNCC1)c1cc([N+](=O)[O-])ccc1F
4916,9.30102999566398,nM,CHEMBL4792577,COC[C@@H](Nc1ncnc2[nH]c(-c3ccc(CO)cc3OC)cc12)c1ccccc1
4917,7.185086818724926,nM,CHEMBL4792673,COc1ccc(-c2c3c4cc(OC)c(OC)cc4[nH]c(=O)c3n3ccc4cc(O)c(OC)cc4c23)cc1O
4918,9.769551078621726,nM,CHEMBL4792967,C=CC(=O)Nc1cc(Nc2ncc(C(F)(F)F)c(-c3cn(C4COC4)c4ccccc34)n2)c(OC)cc1N(C)CCN(C)C
4919,9.397940008672036,nM,CHEMBL4793053,[2H]C([2H])([2H])Oc1ccccc1-c1cc2c(N[C@H](CO)c3ccccc3)ncnc2[nH]1
4920,8.4089353929735,nM,CHEMBL4793105,C=C(Cl)C(=O)Nc1cccc(Nc2nc(Nc3ccc(N4CCN(C(C)=O)CC4)cc3)ncc2Cl)c1
4921,9.481486060122112,nM,CHEMBL4793338,C=CC(=O)Nc1cc2c(Nc3ccc(F)c(Cl)c3)ncnc2cc1OCc1cn(CCC(=O)NO)nn1
4922,7.806875401645539,nM,CHEMBL4793453,Fc1ccc(Nc2ncnc3cc4c(cc23)OCCO4)c(F)c1Br
4923,6.2094826173826805,nM,CHEMBL4793639,COc1ccc(C2N=C(C(N)=O)c3ncn(-c4ccc(F)cc4)c3N2)cc1OC
4924,7.853871964321762,nM,CHEMBL4793852,CC(=O)N1CCN(CCCOc2cc3ncnc(Nc4ccc(F)c(Cl)c4)c3cc2NC(=O)c2cc([N+](=O)[O-])ccc2F)CC1
4925,6.106349183014037,nM,CHEMBL4793944,Fc1c(Br)cc(Cl)cc1Nc1ncnc2cc3c(cc12)OCCO3
4926,5.494850021680094,nM,CHEMBL47940,Nc1ncnc2c1c(-c1ccc(Oc3ccccc3)cc1)cn2C1CCCC1
4927,8.886056647693163,nM,CHEMBL4794073,COC[C@@H](Nc1ncnc2[nH]c(-c3ccccc3OC(F)F)cc12)c1ccccc1
4928,6.50619353784942,nM,CHEMBL4794131,COc1ccc(/C=N\Nc2nc(-c3nc4ccccc4n3C)cs2)cc1
4929,7.67778070526608,nM,CHEMBL4794223,Fc1c(Nc2ncnc3cc4c(cc23)OCCO4)ccc(Br)c1Br
4930,8.744727494896694,nM,CHEMBL4794670,C=CC(=O)Nc1cc2c(Nc3ccc(OCc4cccc(F)c4)c(Cl)c3)ncnc2cc1OCc1cn(CCCC(=O)NO)nn1
4931,6.671620396561263,nM,CHEMBL4794857,C=C(F)C(=O)Nc1cccc(Nc2nc(Nc3ccc(N4CCN(C(C)=O)CC4)cc3)ncc2Cl)c1
4932,9.443697499232712,nM,CHEMBL4794998,C=CC(=O)Nc1cc2c(Nc3cccc(Cl)c3F)ncnc2cc1OCc1cn(CCCC(=O)NO)nn1
4933,9.397940008672036,nM,CHEMBL4795296,C[C@@H](Nc1ncnc2[nH]c(-c3ccc(S(C)(=O)=O)cc3)cc12)c1ccccc1
4934,6.148741651280925,nM,CHEMBL4795888,CC(C)c1ccc(C2N=C(C(N)=O)c3ncn(-c4ccc(F)cc4)c3N2)cc1
4935,9.585026652029182,nM,CHEMBL4796010,C=CC(=O)Nc1cc(Nc2nccc(-c3cn(C4CC4)c4ccccc34)n2)c(OC)cc1[S+]([O-])CCN(C)C
4936,6.244574910025939,nM,CHEMBL4796408,Cn1c(-c2csc(N/N=C\c3ccncc3)n2)nc2ccccc21
4937,7.387216143280264,nM,CHEMBL4797395,CN1CCN(c2ccc(Nc3ncc4nc(Nc5ccc(F)cc5)n([C@H]5CCCN(C(=O)CO)C5)c4n3)cc2)CC1
4938,6.8427548395248055,nM,CHEMBL4797515,CNc1nc(C)c(C(=O)/C=C/c2ccsc2)s1
4939,8.0,nM,CHEMBL479800,Fc1cccc(COc2ccc(Nc3ncnc4cc(-c5ccco5)sc34)cc2Cl)c1
4940,7.365522729839268,nM,CHEMBL4798177,C=CC(=O)Nc1cc(Nc2cc(-n3c(SC)nnc3-c3ccc(F)cc3)ccn2)c(OC)cc1N(C)CCN(C)C
4941,6.592439150513638,nM,CHEMBL4798434,CNc1nc(C)c(C(=O)/C=C/c2nccs2)s1
4942,6.805763251276171,nM,CHEMBL4798480,C=CC(=O)Nc1cc(Nc2cc(-n3c(SC)nnc3-c3ccc(F)cc3)ccn2)ccc1N(C)CCN(C)C
4943,7.721246399047171,nM,CHEMBL4798527,Cc1ccc(NC(=O)c2ccc(C)c(C(F)(F)F)c2)cc1C#Cc1nn([C@H]2CC[C@H](O)CC2)c2ncnc(N)c12
4944,8.065501548756432,nM,CHEMBL4799276,C=CC(=O)Nc1cccc(-c2c(-c3ccc(N4CCN(C)CC4)cc3)[nH]c3ncnc(OC(C)C)c23)c1
4945,5.789681480173769,nM,CHEMBL4799700,O=S(=O)(Nc1nccs1)c1ccc(NC(=S)Nc2ccc3c(c2)OCO3)cc1
4946,8.366531544420413,nM,CHEMBL4800697,C[C@@H](Nc1ncnc2[nH]c(-c3ccccc3OC(F)(F)F)cc12)c1ccccc1
4947,6.91721462968355,nM,CHEMBL480348,CCNCc1ccc(-c2cc3c(Nc4ccc(OCc5cccc(F)c5)c(Cl)c4)ncnc3s2)[nH]1
4948,7.920818753952375,nM,CHEMBL480349,CS(=O)(=O)CCNCc1ccc(-c2cc3c(Nc4ccc(OCc5cccc(F)c5)c(Cl)c4)ncnc3s2)o1
4949,5.458420756053419,nM,CHEMBL480356,Cc1[nH]c(/C=C2\C(=O)Nc3ccc(C(=O)NNc4ccccc4)cc32)c(C)c1CCC(=O)O
4950,7.017728766960432,nM,CHEMBL481324,CS(=O)(=O)CCNCc1ccc(-c2cc3c(Nc4ccc(OCc5cccc(F)c5)c(Cl)c4)ncnc3s2)s1
4951,6.860120913598763,nM,CHEMBL481331,CS(=O)(=O)CCNCc1ccc(-c2cc3c(Nc4ccc(OCc5cccc(F)c5)c(Cl)c4)ncnc3s2)[nH]1
4952,5.3260580013659125,nM,CHEMBL481789,COc1ccc2c(c1)SCc1cnc(-c3ccccc3)nc1-2
4953,5.3979400086720375,nM,CHEMBL483232,CCOc1cc(/C=C(\C#N)C(N)=O)cc(CSc2cccc(OC)c2)c1O
4954,5.522878745280338,nM,CHEMBL483233,CCOc1cc(/C=C(\C#N)C(N)=O)cc(CSc2ccc(O)cc2)c1O
4955,4.397940008672038,nM,CHEMBL483234,C[C@H](NC(=O)c1ccc(S(=O)(=O)Oc2ccc(/C=C/[N+](=O)[O-])cc2)cc1)C(=O)N[C@@H](C)C(=O)OC(C)(C)C
4956,5.318758762624412,nM,CHEMBL484108,Nc1nc(Nc2cccc(Br)c2)c2cc(CCc3cccc4ccccc34)[nH]c2n1
4957,5.327902142064284,nM,CHEMBL484109,Nc1nc(Nc2cccc(Br)c2)c2cc(CCc3ccc4ccccc4c3)[nH]c2n1
4958,7.397940008672037,nM,CHEMBL484270,CCN1CCN(Cc2ccc(-c3cc4c(N[C@@H](C)c5ccccc5)ncnc4[nH]3)cc2)CC1
4959,5.853871964321762,nM,CHEMBL48436,O=C(NCc1ccccc1)c1cc2ccc(O)c(O)c2cn1
4960,6.832978204209743,nM,CHEMBL4845732,CCS(=O)(=O)NNC(=O)CSc1nc2ccccc2c(=O)n1Cc1ccc2c(c1)OCO2
4961,7.29073003902417,nM,CHEMBL4846607,NS(=O)(=O)c1ccc(NC(=S)Nc2ccc3ncnc(Nc4cccc(C(F)(F)F)c4)c3c2)cc1
4962,9.67778070526608,nM,CHEMBL4847264,C=CC(=O)Nc1cccc(Oc2nc(Nc3ccc(N4CCN(C)CC4)c(N)c3)nc3[nH]ccc23)c1
4963,4.92804438969702,nM,CHEMBL4847730,CC#CC(=O)N1CCCC[C@H]1c1nc(-c2ccc(C(=O)Nc3cc(C(F)(F)F)ccn3)cc2)c(C(N)=O)n1N
4964,7.546681659952963,nM,CHEMBL4848093,NS(=O)(=O)c1ccc(CCNC(=S)Nc2ccc3ncnc(Nc4ccc(OCc5cccc(F)c5)c(Cl)c4)c3c2)cc1
4965,6.933674074637962,nM,CHEMBL4848234,O=C(NO)c1ccccc1Nc1nc(Nc2ccc(N3CCOCC3)cc2)ncc1Cl
4966,5.507239610973163,nM,CHEMBL4849721,COc1cc2cccc(Oc3ccc(NC(=O)C4(C(=O)Nc5ccc(F)cc5)CC4)cc3)c2cc1OC
4967,6.866461091629782,nM,CHEMBL4849859,COc1ccc(/C=C2/SC(NN3Cc4ccccc4N=C3c3ccccc3)=NC2=O)cc1
4968,9.4089353929735,nM,CHEMBL4850239,C=CC(=O)Nc1cccc(Oc2nc(Nc3ccc(N4CCN(C)CC4)c([N+](=O)[O-])c3)nc3[nH]ccc23)c1
4969,5.301029995663981,nM,CHEMBL485065,Cl.NCCNC(=O)c1ccc(S(=O)(=O)Oc2ccc(/C=C/[N+](=O)[O-])cc2)cc1
4970,6.3979400086720375,nM,CHEMBL485070,CCOc1cc(/C=C(\C#N)C(N)=O)cc(CSc2ccccc2)c1O
4971,6.683819901106547,nM,CHEMBL4850856,O=C(CSc1nc2ccccc2c(=O)n1Cc1ccc2c(c1)OCO2)Nc1ccccc1F
4972,9.638272163982409,nM,CHEMBL4851176,C#Cc1cccc(Nc2ncnc3cc(OC)c(OCCCCCN/C(=N\C#N)Nc4ccncc4)cc23)c1
4973,5.986025822979084,nM,CHEMBL4851555,O=C(CSc1nc2ccccc2c(=O)n1Cc1ccc2c(c1)OCO2)Nc1ccc(Br)cc1Br
4974,7.184355850868035,nM,CHEMBL4851795,O=C(COc1ccc(Nc2ncc(Cl)c(Nc3ccccc3C(=O)NO)n2)cc1)NO
4975,7.413412695328246,nM,CHEMBL4852264,C#CC(=O)N1CCC(c2cnn3c(C(N)=O)c(-c4ccc(Oc5ccc(F)cc5)cc4)[nH]c23)C1
4976,4.086186147616283,nM,CHEMBL485246,Nc1ncnc2ncn(CC(=O)c3c[nH]c4ccccc34)c12
4977,9.387216143280265,nM,CHEMBL4852664,C#Cc1cccc(Nc2ncnc3cc(OC)c(OCCCCCN/C(=N\C#N)Nc4cccnc4)cc23)c1
4978,8.036212172654444,nM,CHEMBL4853833,COc1cc2ncnc(Nc3cccc(C(F)(F)F)c3)c2cc1OCCCCC(=O)Nc1ccc(S(N)(=O)=O)cc1
4979,6.170696227168975,nM,CHEMBL4854693,C=CS(=O)(=O)Nc1cccc(Nc2nc(Nc3ccc(N4CCN(C(C)=O)CC4)cc3OC)ncc2Cl)c1
4980,7.744727494896694,nM,CHEMBL4855080,COc1cc2ncnc(Nc3cccc(Cl)c3F)c2cc1OCCCCC(=O)Nc1ccc(S(N)(=O)=O)cc1
4981,6.122455892284057,nM,CHEMBL4855312,O=C(CSc1nc2ccccc2c(=O)n1Cc1ccc2c(c1)OCO2)Nc1ccc(I)cc1
4982,8.221848749616356,nM,CHEMBL4855850,C#CCNC(=O)c1cc(Nc2cc(C3CC3)[nH]n2)nc(N2CCN(Cc3ccc(S(=O)(=O)F)cc3)CC2)n1
4983,5.956637721978871,nM,CHEMBL4856343,COc1cc(N2CCN(C(C)=O)CC2)ccc1Nc1ncc(Cl)c(Nc2cccc(NC(C)=O)c2)n1
4984,7.480172006224281,nM,CHEMBL4856453,COc1ccc(-c2coc3cc(OCC(=O)N/C=C\c4ccc(O)cc4)ccc3c2=O)cc1
4985,7.294136287716081,nM,CHEMBL4856592,C#CC(=O)N1CCC(c2cnn3c(C(N)=O)c(-c4ccc(Oc5ccc(OC)cc5)cc4)[nH]c23)CC1
4986,7.484126156288321,nM,CHEMBL4857353,C#CC(=O)N1CCC(c2cnn3c(C(N)=O)c(-c4ccc(Oc5ccc(F)cc5F)cc4)[nH]c23)CC1
4987,5.200659450546419,nM,CHEMBL485745,Fc1ccc(-c2nn3ccccc3c2-c2ccncc2)cc1
4988,7.091514981121351,nM,CHEMBL4857477,CN(C(=O)NCCCl)c1ccc2ncnc(Nc3cccc(Cl)c3)c2c1
4989,7.370590400897282,nM,CHEMBL4857605,NS(=O)(=O)c1ccc(CCNC(=S)Nc2ccc3ncnc(Nc4cccc(C(F)(F)F)c4)c3c2)cc1
4990,4.596879478824183,nM,CHEMBL4858176,COc1cc2ncnc(Nc3ccc(F)c(Cl)c3)c2cc1OCCCN1CC[Se]CC1
4991,7.794795636051855,nM,CHEMBL4858409,O=C(NO)c1ccccc1Nc1nc(Nc2ccc(OCC(=O)N3CCOCC3)cc2)ncc1Cl
4992,7.347173697438995,nM,CHEMBL4858535,CNC(=O)c1ccccc1Nc1nc(Nc2ccc(OCCCN3CCC(C(=O)NO)CC3)cc2)ncc1Cl
4993,9.4089353929735,nM,CHEMBL4858583,CN(/N=N\c1ccc2ncnc(Nc3cccc(Cl)c3)c2c1)C(=O)OCCl
4994,7.005330978174471,nM,CHEMBL4858714,O=C(NO)c1ccccc1Nc1nc(Nc2ccc(CN3CCOCC3)cc2)ncc1Cl
4995,9.318758762624412,nM,CHEMBL4859375,C#Cc1cccc(Nc2ncnc3cc(OC)c(OCCCCCCCN/C(=N\C#N)Nc4cccnc4)cc23)c1
4996,6.843450848668219,nM,CHEMBL4859473,CCc1ccc(NCC(=O)Nn2c(-c3ccccc3)nc3ccccc3c2=O)cc1
4997,7.314258261397736,nM,CHEMBL4859542,C#Cc1cccc(Nc2ncnc3cc(OC)c(OCCCCC(=O)Nc4ccc(S(N)(=O)=O)cc4)cc23)c1
4998,5.0034883278458215,nM,CHEMBL4860202,CS(=O)(=O)c1nccc(-c2c(-c3cccc(OCc4ccccc4)c3)nc3sccn23)n1
4999,9.494850021680094,nM,CHEMBL4860398,C#Cc1cccc(Nc2ncnc3cc(OC)c(OCCCCCCN/C(=N\C#N)Nc4ccncc4)cc23)c1
5000,6.7544873321858505,nM,CHEMBL4860527,C=CC(=O)N1CCCC[C@H]1c1nc(-c2ccc(C(=O)Nc3cc(Cl)ccn3)cc2)c(C(N)=O)n1N
5001,7.863279432843593,nM,CHEMBL4861346,COc1cc2ncnc(Nc3ccc(Cl)c(C(F)(F)F)c3)c2cc1OCCCCC(=O)Nc1ccc(S(N)(=O)=O)cc1
5002,5.774690718274138,nM,CHEMBL48614,CN1CCC(c2c(O)cc(O)c3c2O/C(=C\c2ccccc2Cl)C3=O)CC1
5003,5.946921556516581,nM,CHEMBL4861493,COc1ccc(C(Nc2ccc(Cl)cc2)n2c(=O)ccc3cc(O)ccc32)cc1
5004,7.162348442153608,nM,CHEMBL4861707,CN1CCN(c2ccc(Nc3ncc(Cl)c(Nc4ccccc4C(=O)NO)n3)cc2)CC1
5005,6.017728766960432,nM,CHEMBL4861796,COc1ccc(C(Nc2ccc(Br)cc2)n2c(=O)ccc3cc(O)ccc32)cc1
5006,9.611543547299734,nM,CHEMBL4862351,CCOC(=O)c1ccccc1Nc1nc(Nc2ccc(OCC(=O)N3CCOCC3)cc2)ncc1Cl
5007,6.962573502059376,nM,CHEMBL4863078,C=CC(=O)N1CCC(c2cnn3c(C(N)=O)c(-c4ccc(Oc5ccccc5)cc4)[nH]c23)CC1
5008,7.471083299722346,nM,CHEMBL4863088,C#CC(=O)N1CC(c2cnn3c(C(N)=O)c(-c4ccc(Oc5ccccc5)cc4)[nH]c23)C1
5009,5.276544327964815,nM,CHEMBL4863109,COc1ccc(NC(c2ccc(OC)cc2)n2c(=O)ccc3cc(O)ccc32)cc1
5010,7.987162775294828,nM,CHEMBL4863294,O=C(CCCCCCn1cc(-c2ccc3ncnc(Nc4ccc(Br)cc4F)c3c2)nn1)NO
5011,4.657577319177794,nM,CHEMBL486437,COc1cc(C2=C(c3cn(COCC[Si](C)(C)C)c4ccccc34)CNC2=O)cc(OC)c1OC
5012,6.363512103646634,nM,CHEMBL4864983,C=CC(=O)N1CCCC[C@H]1c1nc(-c2ccc(C(=O)Nc3cc(C(F)(F)F)ccn3)cc2)c(C(N)=O)n1N
5013,5.113509274827518,nM,CHEMBL48650,O=C(Nc1ccccc1)c1cc2ccc(O)c(O)c2cn1
5014,6.024108863598208,nM,CHEMBL4865792,COc1cc(N2CCN(C(C)=O)CC2)ccc1Nc1ncc(Cl)c(Nc2cccc(NC(=O)CCl)c2)n1
5015,6.42021640338319,nM,CHEMBL4866102,c1ccc(COc2cccc(-c3nc4sccn4c3-c3ccncn3)c2)cc1
5016,8.823908740944319,nM,CHEMBL4866162,COc1cc(N2CCN(C(C)=O)CC2)ccc1Nc1ncc(Cl)c(Nc2ccc(NCc3ccc(S(=O)(=O)F)cc3)cc2)n1
5017,7.182897595743077,nM,CHEMBL4866476,O=C1N=C(NN2Cc3ccccc3N=C2c2ccccc2)S/C1=C/c1ccccc1
5018,7.054039296422431,nM,CHEMBL4867893,C#CC(=O)N1CC(c2cnn3c(C(N)=O)c(-c4ccc(Oc5ccc(OC)cc5)cc4)[nH]c23)C1
5019,5.283162276700476,nM,CHEMBL4868123,COCCOc1cc2ncnc(Sc3nc[nH]n3)c2cc1OCCOC
5020,9.337242168318426,nM,CHEMBL4868614,C#Cc1cccc(Nc2ncnc3cc(OC)c(OCCCCCCCN/C(=N\C#N)Nc4ccncc4)cc23)c1
5021,7.481486060122113,nM,CHEMBL4868909,COc1cccc(-c2cc(-c3c(O)c4ccccc4oc3=O)nc(N)c2C#N)c1
5022,5.8696662315049934,nM,CHEMBL4868965,COc1ccc(C(Nc2ccc([N+](=O)[O-])cc2)n2c(=O)ccc3cc(O)ccc32)cc1
5023,7.787812395596042,nM,CHEMBL4869409,C#CC(=O)N1CCC(c2cnn3c(C(N)=O)c(-c4ccc(Oc5ccccc5F)cc4)[nH]c23)CC1
5024,5.705533773838408,nM,CHEMBL4869634,CC(C)Oc1cc(F)ccc1Nc1ncnc2ccc(-c3ccc(C(=O)N4CCNCC4)cc3)nc12
5025,6.9299621333922445,nM,CHEMBL4870265,CNC(=O)c1ccccc1Nc1nc(Nc2ccc(CN3CCC(C(=O)NO)CC3)cc2)ncc1Cl
5026,7.188492020054674,nM,CHEMBL4870560,O=C(NO)c1ccccc1Nc1nc(Nc2ccc(OCCCN3CCOCC3)cc2)ncc1Cl
5027,7.511449283499556,nM,CHEMBL4871192,C#CC(=O)N1CCC(c2cnn3c(C(N)=O)c(-c4ccc(Oc5ccccc5)cc4)[nH]c23)CC1
5028,7.142667503568732,nM,CHEMBL4871569,Cc1nc2c(Br)cc(Br)cc2c(=O)n1N
5029,7.301551461984671,nM,CHEMBL4871985,CNC(=O)c1ccccc1Nc1nc(Nc2ccc(N3CCC(C(=O)NO)CC3)cc2)ncc1Cl
5030,4.8458804744841535,nM,CHEMBL4872030,COc1ccc(C(Nc2ccccc2)n2c(=O)ccc3cc(O)ccc32)cc1
5031,7.782516055786094,nM,CHEMBL4873098,COc1cc2ncnc(Nc3ccc(OCc4cccc(F)c4)c(Cl)c3)c2cc1OCCCCC(=O)Nc1ccc(S(N)(=O)=O)cc1
5032,6.161150909262745,nM,CHEMBL4873202,Oc1ccc(/C=N/Nc2nc3ccccc3c3nncn23)cc1
5033,6.339134521996131,nM,CHEMBL4873392,COc1cc(N2CCN(C(C)=O)CC2)ccc1Nc1ncc(Cl)c(Nc2cccc(NCCS(=O)(=O)F)c2)n1
5034,9.494850021680094,nM,CHEMBL4873506,C#Cc1cccc(Nc2ncnc3cc(OC)c(OCCCCCCN/C(=N\C#N)Nc4cccnc4)cc23)c1
5035,6.3223930472795065,nM,CHEMBL4873600,COc1cc(N2CCN(C(C)=O)CC2)ccc1Nc1ncc(Cl)c(Nc2cccc(NC(=O)c3cccc(S(=O)(=O)F)c3)c2)n1
5036,7.0,nM,CHEMBL4873767,Oc1cc(Nc2ccnc3cc(-c4ccccc4)ccc23)ccc1Cl
5037,6.702239488900866,nM,CHEMBL4873830,O=C(O)c1ccccc1Nc1nc(Nc2ccc(OCC(=O)N3CCOCC3)cc2)ncc1Cl
5038,6.982966660701219,nM,CHEMBL4873984,C#CC(=O)N1CCC(c2cnn3c(C(N)=O)c(-c4ccc(Oc5ccccc5OC)cc4)[nH]c23)C1
5039,6.346787486224656,nM,CHEMBL4874550,C=CC(=O)N1CCCC[C@H]1c1nc(-c2ccc(C(=O)Nc3cc(OC)ccn3)cc2)c(C(N)=O)n1N
5040,7.527243550682788,nM,CHEMBL4875332,C#CC(=O)N1CCC(c2cnn3c(C(N)=O)c(-c4ccc(Oc5ccccc5)cc4)[nH]c23)C1
5041,8.959793372425288,nM,CHEMBL4875985,O=C(NO)c1ccccc1Nc1nc(Nc2ccc(OCCN3CCOCC3)cc2)ncc1Cl
5042,4.732828271596987,nM,CHEMBL48760,CC(C)c1ccc(/C=C2/C(=O)Nc3ccccc32)cc1
5043,7.73754891026957,nM,CHEMBL4877054,COc1cc2ncnc(Nc3ccc(F)c(Cl)c3)c2cc1OCCCCC(=O)Nc1ccc(S(N)(=O)=O)cc1
5044,6.749336080536756,nM,CHEMBL4877452,O=C1N=C(NN2Cc3ccccc3N=C2c2ccccc2)S/C1=C/c1ccc(O)cc1O
5045,8.886056647693163,nM,CHEMBL4877510,CCn1c(-c2ccccc2)c(-c2ncnc3cc(OC)c(OCCCN4CCOCC4)cc23)c2ccccc21
5046,4.853561864714226,nM,CHEMBL4878090,CC#CC(=O)N1CCC(c2cnn3c(C(N)=O)c(-c4ccc(Oc5ccccc5)cc4)[nH]c23)CC1
5047,6.238072161579471,nM,CHEMBL4878421,C=CC(=O)N1CCCC[C@H]1c1nc(-c2ccc(C(=O)Nc3cc(Br)ccn3)cc2)c(C(N)=O)n1N
5048,5.525783735923745,nM,CHEMBL4878790,O=C(Nc1cncnc1Oc1cccc(C(F)(F)F)c1)c1ccc(F)cc1
5049,5.045757490560675,nM,CHEMBL48802,C[S+]([O-])CCCCN=C=S
5050,4.69897000433602,nM,CHEMBL488101,C[C@H](NC(=O)c1ccc(S(=O)(=O)Oc2ccc(/C=C/[N+](=O)[O-])cc2)cc1)C(=O)N[C@@H](C)C(=O)NCCN.Cl
5051,5.004364805402451,nM,CHEMBL488271,CNC(=N)SCCCn1c(=O)c2c(c1=O)n1c3ccccc3cc1c1cccc3ccn2c31
5052,5.045757490560675,nM,CHEMBL488646,COc1cc(C2=C(c3cn(COC(C)(C)C)c4ccccc34)CNC2=O)cc(OC)c1OC
5053,8.0,nM,CHEMBL489058,CCN1CCN(CC/C=C/c2ccc3c(Nc4ccc(Sc5nccn5C)c(Cl)c4)c(C#N)cnc3c2)CC1
5054,5.337242168318426,nM,CHEMBL489083,N=C(N)SCCCn1c(=O)c2c(c1=O)n1c3ccccc3cc1c1cccc3ccn2c31
5055,8.739928612014925,nM,CHEMBL489107,C=CC(=O)Nc1cc2c(Cc3ccc(F)c(Br)c3)ncnc2cc1OCCCN1CCOCC1
5056,8.819874124835946,nM,CHEMBL489111,C=CC(=O)Nc1cc2c(Cc3cccc(C)c3)ncnc2cc1OCCCN1CCOCC1
5057,9.100015437450608,nM,CHEMBL489112,CN1Cc2cc3c(Nc4cccc(Br)c4)ncnc3cc21
5058,7.389978975335855,nM,CHEMBL489117,CN(C)CCN1Cc2cc3c(Nc4cccc(Br)c4)ncnc3cc21
5059,5.221848749616357,nM,CHEMBL489147,COc1cc(C(C#N)=C(C#N)C#N)cc(O)c1O
5060,3.045757490560676,nM,CHEMBL489148,COc1cc(C(C#N)=C(C#N)C#N)cc(OC)c1O
5061,8.819874124835946,nM,CHEMBL489306,C=CC(=O)Nc1cc2c(Cc3ccc(F)c(Cl)c3)ncnc2cc1OCCCN1CCOCC1
5062,8.059981844992336,nM,CHEMBL489307,O=C(CCCN1Cc2cc3c(Nc4cccc(Br)c4)ncnc3cc21)N1CCOCC1
5063,8.289967300934247,nM,CHEMBL489308,O=C(O)CN1Cc2cc3c(Nc4cccc(Br)c4)ncnc3cc21
5064,7.680061560019691,nM,CHEMBL489312,CN(C)CCCN1Cc2cc3c(Nc4cccc(Br)c4)ncnc3cc21
5065,8.430041181903405,nM,CHEMBL489313,O=C(CCN1Cc2cc3c(Nc4cccc(Br)c4)ncnc3cc21)N1CCOCC1
5066,3.221848749616357,nM,CHEMBL489349,N#CC(C#N)=C(C#N)c1ccc(C=O)cc1
5067,8.320027305722581,nM,CHEMBL489501,O=C(Cc1c[nH]c2cc3ncnc(Nc4cccc(Br)c4)c3cc12)N1CCOCC1
5068,9.019996628416251,nM,CHEMBL490497,C=CC(=O)Nc1nc2c(Cc3ccc(F)c(Cl)c3)ncnc2cc1OC
5069,9.0100165416986,nM,CHEMBL490498,C=CC(=O)Nc1nc2c(Cc3ccc(F)c(Cl)c3)ncnc2cc1OCCOC
5070,1.7212463990471711,nM,CHEMBL490510,O=C(/C=C/c1ccc(O)c(O)c1)c1ccc(O[C@@H]2O[C@H](CO)[C@@H](O)[C@H](O)[C@H]2O)c(O)c1O
5071,6.096910013008056,nM,CHEMBL490569,N#C/C(=C\c1cc(CSc2ccccc2)c(O)c(OCc2ccccc2)c1)C(N)=O
5072,4.301029995663981,nM,CHEMBL490570,CC(C)(C)c1cc(/C=C(\C#N)C(N)=O)cc(C(C)(C)C)c1O
5073,7.0,nM,CHEMBL490577,N#C/C(=C/c1ccc(O)c(O)c1)C(=O)NCCCCc1ccccc1
5074,5.1249387366083,nM,CHEMBL490687,C/C=C/C(=O)Nc1cc2c(Nc3ccc(F)c(Cl)c3)ccnc2cc1CC
5075,6.3979400086720375,nM,CHEMBL490768,N#C/C(=C\c1cc(-c2ccccc2)c(O)c(-c2ccccc2)c1)C(N)=O
5076,5.698970004336019,nM,CHEMBL490774,N#C/C(=C/c1ccc(O)c(O)c1)C(=O)NC1CCCCC1
5077,5.154901959985743,nM,CHEMBL490775,C[C@H](NC(=O)[C@H](C)NC(=O)c1ccc(S(=O)(=O)Oc2ccc(/C=C/[N+](=O)[O-])cc2)cc1)C(=O)O
5078,6.0,nM,CHEMBL490987,CC(C)NC(=O)c1ccc(S(=O)(=O)Oc2ccc(/C=C/[N+](=O)[O-])cc2)cc1
5079,9.770062314092064,nM,CHEMBL491083,C=CC(=O)C(C)c1cc2c(Nc3cccc(Br)c3)ncnc2cn1
5080,9.260032303240491,nM,CHEMBL491085,C/C=C/C(=O)Cc1ccc2ncnc(Nc3cccc(Br)c3)c2c1
5081,9.110026361596004,nM,CHEMBL491676,C=CC(=O)Nc1cc2c(Cc3cccc(Br)c3)ncnc2cc1SCCCN(CC)CC
5082,5.795880017344075,nM,CHEMBL491677,COc1cc2ncnc(Nc3ccc(N4Cc5ccccc5C4)cc3)c2cc1OC
5083,5.721246399047171,nM,CHEMBL491686,Cc1cc(Nc2ccnc(Nc3cccc(-c4nc5ccccc5s4)c3)n2)n[nH]1
5084,8.700057099977233,nM,CHEMBL492077,C=CC(=O)Nc1cc2c(Cc3cccc(C)c3)ncnc2cc1OCCCN1CCC(C)CC1
5085,5.522878745280338,nM,CHEMBL492199,N#CC(C#N)=C(C#N)c1cc(O)c(O)c(O)c1
5086,8.55284196865778,nM,CHEMBL492399,COc1ccc(N(C)c2nc(C)nc3ccccc23)cc1
5087,7.619969752032169,nM,CHEMBL493428,CS(=O)(=O)CCNCCCCOc1ccc2ncnc(Nc3ccc4c(cnn4Cc4cccc(F)c4)c3)c2c1
5088,5.853871964321762,nM,CHEMBL49350,O=C(NCCc1ccccc1)c1cc2ccc(O)c(O)c2cn1
5089,4.522878745280338,nM,CHEMBL495617,CCCN1CCC(n2cc(CNc3cc(Cl)c4ncc(C#N)c(Nc5ccc(F)c(Cl)c5)c4c3)nn2)CC1
5090,5.251811972993799,nM,CHEMBL49596,Cn1c(=O)c(-c2c(Cl)cccc2Cl)cc2cnc(N)nc21
5091,6.125750177221597,nM,CHEMBL496,Oc1c(Cl)cc(Cl)c(Cl)c1Cc1c(O)c(Cl)cc(Cl)c1Cl
5092,6.0,nM,CHEMBL496388,N#Cc1cnc2c(Cl)cc(NCc3c[nH]nn3)cc2c1Nc1ccc(F)c(Cl)c1
5093,8.096910013008056,nM,CHEMBL497459,CN(C)/N=C/c1c(N)ncnc1Nc1ccc2c(cnn2Cc2cccc(F)c2)c1
5094,7.920818753952375,nM,CHEMBL497697,CN/N=C/c1c(N)ncnc1Nc1ccc2c(cnn2Cc2cccc(F)c2)c1
5095,7.2839966563652,nM,CHEMBL497863,Nc1ncnc(Nc2ccc3c(cnn3Cc3cccc(F)c3)c2)c1/C=N/NCC(F)(F)F
5096,7.795880017344075,nM,CHEMBL498133,Nc1ncnc(Nc2ccc3c(cnn3Cc3cccc(F)c3)c2)c1/C=N/N1CCOCC1
5097,7.795880017344075,nM,CHEMBL498134,CN1CCN(/N=C/c2c(N)ncnc2Nc2ccc3c(cnn3Cc3cccc(F)c3)c2)CC1
5098,4.978810700930063,nM,CHEMBL498247,CCC(C)[C@@H]1[C@@](C)(C(=O)/C=C/OC)[C@H]2[C@H](C)C[C@@](C)(O)C[C@]2(O)C(=O)[C@@]1(C)O
5099,4.560667306169737,nM,CHEMBL498248,CO[C@H](C)c1c(O)cc2c(c1O)C(=O)c1c(O)cc(O)cc1C2=O
5100,4.3872161432802645,nM,CHEMBL498249,CO[C@H](C)c1c(O)cc2c(c1O)C(=O)c1c(cc(O)c(O)c1O)C2=O
5101,5.777283528852417,nM,CHEMBL499344,Nc1nc(Nc2cccc(Br)c2)c2cc(Cc3ccccc3)[nH]c2n1
5102,5.3655227298392685,nM,CHEMBL499345,Nc1nc(Nc2cccc(Br)c2)c2cc(Cc3ccccc3Cl)[nH]c2n1
5103,7.200659450546419,nM,CHEMBL499534,O=C(O[C@H]1CN[C@H](C#Cc2cc3ncnc(Nc4ccc(OCc5cccc(F)c5)c(Cl)c4)c3s2)C1)N1CCNCC1
5104,9.267606240177033,nM,CHEMBL49986,C=CC(=O)Nc1cc2ncnc(Nc3cccc(Br)c3)c2cn1
5105,7.481486060122113,nM,CHEMBL500072,O=C(O[C@H]1CN[C@H](C#Cc2cc3ncnc(Nc4ccc5c(cnn5Cc5cc(F)ccc5F)c4)c3s2)C1)N1CCOCC1
5106,7.568636235841013,nM,CHEMBL500591,N#Cc1c(N)ncnc1Nc1ccc(OCc2ccccc2)c(Cl)c1
5107,6.200659450546418,nM,CHEMBL501050,O=C(O[C@H]1CN[C@H](C#Cc2cc3ncnc(Nc4ccc(Sc5cccc(F)c5)c(Cl)c4)c3s2)C1)N1CCOCC1
5108,4.031517051446065,nM,CHEMBL501256,Nc1ncnc2c1ncn2CC(=O)c1cccnc1
5109,4.69897000433602,nM,CHEMBL501368,N#C/C(=C\c1cc(O)ccc1O)C(=O)O
5110,9.299988937677888,nM,CHEMBL501618,C/C=C/C(=O)Cc1cc2c(Nc3cccc(Br)c3)ncnc2cn1
5111,4.657577319177794,nM,CHEMBL501709,N#Cc1cnc2c(Cl)cc(NCc3cn(C4CCN(C5CCC5)CC4)nn3)cc2c1Nc1ccc(F)c(Cl)c1
5112,6.920818753952375,nM,CHEMBL503253,CC(c1cccc(F)c1)n1ncc2cc(Nc3ncnc4cc(C#C[C@@H]5C[C@@H](OC(=O)N6CCOCC6)CN5)sc34)ccc21
5113,8.045757490560675,nM,CHEMBL503418,CN1CCN(Cc2ccc(Nc3nc4ncnc(Nc5ccc(OCc6cccc(F)c6)c(Cl)c5)c4s3)cc2)CC1
5114,7.522878745280337,nM,CHEMBL503638,CCOC(=O)N1CCN([C@H]2CC[C@H](n3nc(-c4ccc5nc(Cc6ccccc6OC)[nH]c5c4)c4c(N)ncnc43)CC2)CC1
5115,7.029978734171634,nM,CHEMBL503755,O=S(=O)(CO)Nc1cc2c(Nc3cccc(Br)c3)ncnc2cn1
5116,7.301029995663981,nM,CHEMBL504117,O=C(O[C@H]1CN[C@H](C#Cc2cc3ncnc(Nc4ccc(OCc5ccccn5)c(Cl)c4)c3s2)C1)N1CCOCC1
5117,4.050609993355088,nM,CHEMBL504135,Nc1ncnc2c1ncn2CC(=O)c1ccccn1
5118,5.251811972993799,nM,CHEMBL50415,O=C(Nc1ccccc1)c1cc2cc(O)c(O)cc2cn1
5119,6.0,nM,CHEMBL504173,CC(C)c1cc(/C=C(\C#N)C(N)=O)cc(C(C)C)c1O
5120,5.861769097913378,nM,CHEMBL50470,CCN(CC)CCCNc1ncc2cc(-c3c(Cl)cccc3Cl)c(=O)n(C)c2n1
5121,6.552841968657781,nM,CHEMBL505463,O=C(O[C@H]1CN[C@H](C#Cc2cc3ncnc(Nc4ccc(Oc5ccnc6ccc(F)cc56)c(Cl)c4)c3s2)C1)N1CCOCC1
5122,5.886056647693163,nM,CHEMBL505637,O=C(NCCc1ccc(O)c(Br)c1)/C(Cc1cc(Br)c(O)c(-c2cc(C/C(=N/O)C(=O)NCCc3ccc(O)c(Br)c3)cc(Br)c2O)c1)=N\O
5123,5.769551078621726,nM,CHEMBL505896,COc1cc2c(Oc3ccc(-c4cnc(Cc5ccccc5)n(C)c4=O)cc3F)ccnc2cc1OCCCN1CCOCC1
5124,6.270001452716578,nM,CHEMBL505970,CS(=O)(=O)CCNCc1nc(-c2ccc3ncnc(Nc4ccc(OCc5cccc(C(F)(F)F)c5)cc4)c3c2)cs1
5125,8.045757490560675,nM,CHEMBL506414,Fc1cccc(COc2ccc(Nc3ncnc4sc(-c5cccs5)cc34)cc2Cl)c1
5126,6.657577319177793,nM,CHEMBL50647,Cn1c(=O)c(-c2c(Cl)cccc2Cl)cc2cnc(Nc3ccc(CC(=O)O)cc3)nc21
5127,8.958607314841775,nM,CHEMBL5069609,C=CC(=O)Nc1cccc(-n2c(=O)c(-c3ccccc3F)nc3cnc(Nc4ccc(OCCOC)cc4)nc32)c1
5128,7.742321425130816,nM,CHEMBL5069689,C=CC(=O)Nc1cccc(-n2c(=O)c(-c3ccccc3)nc3cnc(Nc4ccc(OC)cc4)nc32)c1
5129,8.066512712151294,nM,CHEMBL5070579,C#CCN(C)CCN(C)c1cc(OC)c(Nc2nccc(Nc3ccn(C)n3)n2)cc1NC(=O)C=C
5130,7.668977828958171,nM,CHEMBL5071181,C=CC(=O)Nc1cc(Nc2nccc(Nc3cnn(C)c3)n2)c(OC)cc1N(C)CCN(C)C
5131,8.396422631848534,nM,CHEMBL5072451,C#CCN(C)CCN(C)c1cc(OC)c(Nc2nccc(Nc3cn(C)c4ccccc34)n2)cc1NC(=O)C=C
5132,7.1419983281826,nM,CHEMBL507329,O=C(O[C@H]1CN[C@H](C#Cc2cc3ncnc(Nc4ccc(OCc5cccc(F)c5)c(Cl)c4)c3s2)C1)N1CCOCC1
5133,6.452471423540218,nM,CHEMBL5075204,C/C=C/C(=O)Nc1cc(Nc2ncc(Cl)c(N3CCc4sccc4C3)n2)c(OC)cc1N(C)CCN(C)C
5134,7.958607314841775,nM,CHEMBL5075594,C=CC(=O)Nc1cccc(-n2c(=O)c(-c3ccccc3Cl)nc3cnc(Nc4ccc(OCCOC)cc4)nc32)c1
5135,9.096910013008056,nM,CHEMBL5076067,C=CC(=O)N1CCC2(CC1)CNC(=O)c1cc(-c3nc(Nc4ccccc4OC)ncc3Cl)[nH]c12
5136,8.292429823902063,nM,CHEMBL5076283,C=CC(=O)Nc1cccc(-n2c(=O)c(-c3ccccc3)nc3cnc(Nc4ccc(OCCOC)cc4)nc32)c1
5137,7.236796699629228,nM,CHEMBL5076881,C=CC(=O)Nc1cc(Nc2nccc(Nc3cn(C)c4ccccc34)n2)c(OC)cc1N(C)CCN(C)C(=O)C#CC
5138,9.221848749616356,nM,CHEMBL5076986,CN1CCN(C2CCN(c3ccc(Nc4ncc(Cl)c(Nc5ccccc5P(C)(C)=O)n4)cc3Cl)CC2)CC1
5139,7.244125144327507,nM,CHEMBL507714,COc1cc(N2CCC(N3CCN(S(C)(=O)=O)CC3)CC2)ccc1Nc1nccc(-c2c(-c3cccc(C(=O)Nc4c(F)cccc4F)c3)nc3ccccn23)n1
5140,8.886056647693163,nM,CHEMBL5077378,COc1cc(N2CCC(N3CCN(C)CC3)CC2)c(-c2cn[nH]c2)cc1Nc1ncc(Cl)c(Nc2ccccc2P(C)(C)=O)n1
5141,6.554084586048877,nM,CHEMBL5077665,C=CC(=O)Nc1cccc(-n2c(=O)c(CC)nc3cnc(Nc4ccc(OCCOC)cc4)nc32)c1
5142,9.397940008672036,nM,CHEMBL5077776,C=CC(=O)N1CCC2(CC1)CNC(=O)c1cc(-c3ccnc(Nc4ccccc4OC)n3)[nH]c12
5143,7.889410289700751,nM,CHEMBL5077866,CN1CCN(C2CCN(c3ccc(Nc4ncc(Cl)c(Nc5ccccc5P(C)(C)=O)n4)cc3OC(F)(F)F)CC2)CC1
5144,6.421360790031928,nM,CHEMBL5077901,C=CC(=O)Nc1cccc(-n2c(=O)c(C(C)C)nc3cnc(Nc4ccc(OCCOC)cc4)nc32)c1
5145,7.096910013008056,nM,CHEMBL507821,O=C(O[C@H]1CN[C@H](C#Cc2cc3ncnc(Nc4ccc5c(cnn5Cc5ccccc5)c4)c3s2)C1)N1CCOCC1
5146,8.759950227887352,nM,CHEMBL507827,O=C(/C=C/C(F)(F)F)Cc1ccc2ncnc(Nc3cccc(Br)c3)c2c1
5147,8.619788758288394,nM,CHEMBL5078413,CCP(=O)(CC)c1ccccc1Nc1nc(Nc2cc(-c3cnn(C)c3)c(N3CCOCC3)cc2OC)ncc1Cl
5148,7.636388020107856,nM,CHEMBL5078816,CN1CCN(C2CCN(c3ccc(Nc4ncc(Cl)c(Nc5ccccc5P(C)(C)=O)n4)cc3C(F)F)CC2)CC1
5149,7.016373712875466,nM,CHEMBL5079081,C=C(Cl)C(=O)Nc1cc(Nc2ncc(Cl)c(N3CCc4sccc4C3)n2)c(OC)cc1N(C)CCN(C)C
5150,8.920818753952375,nM,CHEMBL5079430,C=CC(=O)N1CCC2(CC1)CNC(=O)c1cc(-c3ccnc(Nc4ccccc4OC(C)C)n3)[nH]c12
5151,8.1331221856625,nM,CHEMBL5079998,CC(OC(=O)CCCC(=O)N(CCS(C)(=O)=O)Cc1ccc(-c2ccc3ncnc(Nc4ccc(OCc5cccc(F)c5)c(Cl)c4)c3c2)o1)c1cc2c(o1)C(=O)c1ccccc1C2=O
5152,8.2476441958465,nM,CHEMBL5080676,C=CC(=O)Nc1cc(Nc2nccc(Nc3cn(C)nc3C)n2)c(OC)cc1N(C)CCN(C)C
5153,9.154901959985745,nM,CHEMBL5081174,CN1CCN(C2CCN(c3cc(Cl)c(Nc4ncc(Cl)c(Nc5ccccc5P(C)(C)=O)n4)cc3Cl)CC2)CC1
5154,8.2518119729938,nM,CHEMBL5081299,COc1cc(N2CCOCC2)c(-c2cn[nH]c2)cc1Nc1ncc(Cl)c(Nc2ccccc2P(C)(C)=O)n1
5155,7.474955192963154,nM,CHEMBL5081817,CN1CCN(C2CCN(c3c(Cl)cc(Nc4ncc(Cl)c(Nc5ccccc5P(C)(C)=O)n4)cc3Cl)CC2)CC1
5156,8.089856038935487,nM,CHEMBL5082074,C=CC(=O)Nc1cc(Nc2nccc(Nc3cn(C)c4ccccc34)n2)c(OC)cc1N(C)CCN(C)Cc1ccc(Br)cc1
5157,6.769551078621726,nM,CHEMBL5082394,CCC(=O)Nc1cc(Nc2ncc(Cl)c(N3CCc4sccc4C3)n2)c(OC)cc1N(C)CCN(C)C
5158,6.30189945437661,nM,CHEMBL5082422,CC#CC(=O)Nc1cccc(-c2nccc(-c3cc4c([nH]3)C3(CCNCC3)CNC4=O)n2)c1
5159,8.240256632402275,nM,CHEMBL5083034,C=CC(=O)Nc1cc(Nc2nccc(Nc3cn(C)c4ccccc34)n2)c(OC)cc1N(C)CCN(C)CC(=O)OC
5160,8.040958607678906,nM,CHEMBL5083645,C=CC(=O)Nc1cccc(-n2c(=O)c(Oc3ccccc3)nc3cnc(Nc4ccc(OC)cc4)nc32)c1
5161,8.017728766960431,nM,CHEMBL5083976,C=CC(=O)N1CCC2(CC1)CNC(=O)c1cc(-c3ccnc(-c4cccc(OC)c4)n3)[nH]c12
5162,9.154901959985745,nM,CHEMBL5084760,Cc1cc(Nc2ncc(Cl)c(Nc3ccccc3P(C)(C)=O)n2)ccc1N1CCC(N2CCN(C)CC2)CC1
5163,8.79997073344623,nM,CHEMBL508481,C=C(C)C(=O)Cc1cc2c(Nc3cccc(Br)c3)ncnc2cn1
5164,7.908684840302778,nM,CHEMBL5084983,C=CC(=O)Nc1cc(Nc2nccc(Nc3cn(C)c4ccccc34)n2)c(OC)cc1N(C)CCN(C)C(=O)OC
5165,8.920818753952375,nM,CHEMBL5085118,C=CC(=O)N1CCC2(CC1)CNC(=O)c1cc(-c3nc(Nc4ccccc4OC)ncc3C)[nH]c12
5166,8.187086643357144,nM,CHEMBL5085136,C=CC(=O)N1CCC2(CC1)CNC(=O)c1cc(-c3ccnc(-c4ccc5c(c4)OCO5)n3)[nH]c12
5167,8.193820026016112,nM,CHEMBL5085143,C=CC(=O)Nc1cc(Nc2ncc(Cl)c(N3CCc4sccc4C3)n2)c(OC)cc1N(C)CCN(C)C
5168,8.240256632402275,nM,CHEMBL5085816,C=CC(=O)Nc1cc(Nc2nccc(Nc3cn(C)c4ccccc34)n2)c(OC)cc1N(C)CCN(C)CC(=C)C
5169,6.33451281921719,nM,CHEMBL5086054,C=CC(=O)Nc1cccc(-n2c(=O)c(C3CC3)nc3cnc(Nc4ccc(OCCOC)cc4)nc32)c1
5170,8.769551078621726,nM,CHEMBL5086066,COc1cc(N2CCC(N(C)C)CC2)c(-c2cnn(C)c2)cc1Nc1ncc(Cl)c(Nc2ccccc2P(C)(C)=O)n1
5171,8.619788758288394,nM,CHEMBL5086894,COc1cc(Nc2ncc(Cl)c(Nc3ccccc3P(C)(C)=O)n2)ccc1N1CCC(N2CCN(C)CC2)CC1
5172,7.901702463505303,nM,CHEMBL5087139,C=CC(=O)Nc1cc(Nc2nccc(Nc3cn(C)c4ccccc34)n2)c(OC)cc1N(C)CCN(C)C(=O)c1ccc(Br)cc1
5173,6.885055584287416,nM,CHEMBL5087214,C=CC(=O)Nc1cccc(-n2c(=O)c(Cc3ccccc3)nc3cnc(Nc4ccc(OC)cc4)nc32)c1
5174,8.356547323513812,nM,CHEMBL5087264,COc1cc(N2CCOCC2)c(-c2cnn(C)c2)cc1Nc1ncc(Cl)c(Nc2ccccc2P(C)(C)=O)n1
5175,6.920818753952375,nM,CHEMBL508760,O=C(O[C@H]1CN[C@H](C#Cc2cc3ncnc(Nc4ccc(OCc5cscn5)c(Cl)c4)c3s2)C1)N1CCOCC1
5176,8.481486060122112,nM,CHEMBL5087610,COc1cc(N2CCN(C)CC2)c(-c2cnn(C)c2)cc1Nc1ncc(Cl)c(Nc2ccccc2P(C)(C)=O)n1
5177,6.474307475494989,nM,CHEMBL5087785,C=CC(=O)Nc1cccc(-n2c(=O)c(C)nc3cnc(Nc4ccc(OCCOC)cc4)nc32)c1
5178,6.86359655186601,nM,CHEMBL5087793,C=CC(=O)Nc1cccc(-n2c(=O)c(C3CCCC3)nc3cnc(Nc4ccc(OCCOC)cc4)nc32)c1
5179,9.036212172654444,nM,CHEMBL5087815,COc1cc(N2CCC(N3CCN(C)CC3)CC2)c(-c2cnn(C)c2)cc1Nc1ncc(Cl)c(Nc2ccccc2P(C)(C)=O)n1
5180,8.67778070526608,nM,CHEMBL5087931,Cc1cc(Nc2ncc(Cl)c(Nc3ccccc3P(C)(C)=O)n2)cnc1N1CCC(N2CCN(C)CC2)CC1
5181,5.552841968657781,nM,CHEMBL5087955,COc1cc2nc(C)nc(N[C@H](C)c3ccccc3)c2cc1OC
5182,6.401209493236885,nM,CHEMBL5087994,C=CC(=O)Nc1cc(Nc2nccc(Nc3ccn(C)n3)n2)c(OC)cc1N(C)CCN(C)CC(=C)C
5183,8.55284196865778,nM,CHEMBL5088102,COc1ccccc1Nc1nccc(-c2cc3c([nH]2)C2(CCN(C(=O)C#CN(C)C)CC2)CNC3=O)n1
5184,8.455931955649724,nM,CHEMBL5088423,CN1CCN(C2CCN(c3ccc(Nc4ncc(Cl)c(Nc5ccccc5P(C)(C)=O)n4)cc3C(F)(F)F)CC2)CC1
5185,6.466482137983032,nM,CHEMBL5088574,C=CC(=O)Nc1cccc(-n2c(=O)c(C3CCCCC3)nc3cnc(Nc4cccc(N5CCN(C)CC5)c4)nc32)c1
5186,8.207748428096735,nM,CHEMBL5088907,C=CC(=O)Nc1cc(Nc2nccc(Nc3ccn(C)n3)n2)c(OC)cc1N(C)CCN(C)C
5187,7.431798275933005,nM,CHEMBL5089073,C=CC(=O)N1CCC2(CC1)CNC(=O)c1cc(-c3ccnc(Nc4ccccc4OC)c3)[nH]c12
5188,8.360214787013179,nM,CHEMBL5089161,C=CC(=O)Nc1cc(Nc2nccc(Nc3cn(C)c4ccccc34)n2)c(OC)cc1N(C)CCN(C)Cc1ccccc1
5189,7.436400271118469,nM,CHEMBL5089336,C=CC(=O)Nc1cc(Nc2nccc(Nc3cn(C)c4ccccc34)n2)c(OC)cc1N(C)CCN(C)C(=O)C=C
5190,7.372839047625225,nM,CHEMBL5089912,C=CC(=O)Nc1cc(Nc2nccc(Nc3ccn(C)n3)n2)c(OC)cc1N(C)CCN(C)CC(=O)OC
5191,5.124186611160243,nM,CHEMBL5090133,C=CCCN(C)CCN(C)c1cc(OC)c(Nc2nccc(Nc3ccn(C)n3)n2)cc1NC(=O)C=C
5192,8.481486060122112,nM,CHEMBL5091683,CN1CCN(C2CCN(c3ccc(Nc4ncc(Br)c(Nc5ccccc5P(C)(C)=O)n4)cc3Cl)CC2)CC1
5193,5.1464843032430725,nM,CHEMBL5092606,CN(C)C(=O)c1ccc(Nc2ncc(C(F)(F)F)c(N[C@H]3CC[C@@H](N)CC3)n2)cc1
5194,8.698319050706424,nM,CHEMBL5093402,C=CCCN(C)CCN(C)c1cc(OC)c(Nc2nccc(Nc3cn(C)c4ccccc34)n2)cc1NC(=O)C=C
5195,7.402085528797472,nM,CHEMBL5093625,C=CCC(=O)N(C)CCN(C)c1cc(OC)c(Nc2nccc(Nc3cn(C)c4ccccc34)n2)cc1NC(=O)C=C
5196,6.541060138109675,nM,CHEMBL5093794,C=CC(=O)Nc1cc(Nc2nccc(Nc3ccn(C)n3)n2)c(OC)cc1N(C)CCN(C)C(=O)OC
5197,7.563201489768197,nM,CHEMBL5094237,C=CC(=O)Nc1cc(Nc2nccc(Nc3cn(C)c4ccccc34)n2)c(OC)cc1N(C)CCN(C)C(=O)/C=C/C
5198,7.97798426018228,nM,CHEMBL5094282,CS(=O)(=O)CCN(Cc1ccc(-c2ccc3ncnc(Nc4ccc(OCc5cccc(F)c5)c(Cl)c4)c3c2)o1)C(=O)CCC(=O)OCCN1CCN(CCCN2c3ccccc3Sc3ccc(Cl)cc32)CC1
5199,8.09474395125155,nM,CHEMBL5094288,C#CCN1CCN(c2ccc(Nc3ncc4c(C)cc(=O)n(-c5cccc(NC(=O)C=C)c5)c4n3)c(OC)c2)CC1
5200,8.095663207797505,nM,CHEMBL5094406,C=CC(=O)Nc1cc(Nc2nccc(Nc3cnn(CC)c3)n2)c(OC)cc1N(C)CCN(C)C
5201,9.045757490560677,nM,CHEMBL5094480,COc1cc(N2CCC(N(C)C)CC2)c(-c2cn[nH]c2)cc1Nc1ncc(Cl)c(Nc2ccccc2P(C)(C)=O)n1
5202,7.455931955649724,nM,CHEMBL5095068,COc1cc(N2CCC3(CCN(C)CC3)CC2)ccc1Nc1ncc(Cl)c(Nc2ccccc2P(C)(C)=O)n1
5203,9.397940008672036,nM,CHEMBL5095169,CO[C@@H]1CCN(c2nccc(Nc3cc4c(C(C)C)ccc(N5C[C@H](CS(C)(=O)=O)[C@H]5C)c4cn3)n2)C[C@@H]1F
5204,8.040005161671584,nM,CHEMBL509914,O=C(/C=C/c1ccccc1)Cc1cc2c(Nc3cccc(Br)c3)ncnc2cn1
5205,7.349984047528162,nM,CHEMBL510155,C=CC(=O)Nc1ccc2ncnc(Cc3ccc(CN(C)C)c(Br)c3)c2c1
5206,7.5699249444480605,nM,CHEMBL510357,C=CC(=O)Nc1ccc2ncnc(Cc3ccc(OCCN(C)C)c(Br)c3)c2c1
5207,9.430041181903404,nM,CHEMBL510396,O=C(O)/C=C/C(=O)Cc1ccc2ncnc(Nc3cccc(Br)c3)c2c1
5208,8.569924944448061,nM,CHEMBL510597,C=CC(=O)C(CCCN1CCOCC1)c1cc2c(Nc3cccc(Br)c3)ncnc2cn1
5209,5.698970004336019,nM,CHEMBL510730,O=C1NCCc2cc(Br)c(O)c(c2)Oc2c(Br)cc(cc2Br)CCNC(=O)/C(=N/O)Cc2cc(Br)c(O)c(c2)Oc2c(Br)cc(cc2Br)C/C1=N\O
5210,7.522878745280337,nM,CHEMBL510845,O=C(O[C@H]1CN[C@H](C#Cc2cc3ncnc(Nc4ccc5c(cnn5Cc5cccc(F)c5)c4)c3s2)C1)N1CCOCC1
5211,4.747146969020107,nM,CHEMBL511449,NS(=O)(=O)c1ccc(Nc2nc3ncnc(Nc4ccc(N5CCOCC5)cc4)c3s2)cc1
5212,6.339134521996131,nM,CHEMBL511478,NNC(=O)c1c(N)ncnc1Nc1ccc(OCc2ccccc2)c(Cl)c1
5213,7.920818753952375,nM,CHEMBL511637,Fc1ccc(Nc2ncnc3nc(Nc4ccc(CN5CCOCC5)cc4)sc23)cc1Cl
5214,7.086186147616283,nM,CHEMBL511839,NS(=O)(=O)c1ccc(Nc2nc3ncnc(Nc4ccccc4)c3s2)cc1
5215,9.169989064063882,nM,CHEMBL511874,C/C=C/C(=O)Nc1ccc2c(Nc3cccc(Br)c3)ncnc2c1
5216,7.958607314841775,nM,CHEMBL511990,OC[C@@H]1CCCN1Cc1ccc(Nc2nc3ncnc(Nc4ccc(F)c(Cl)c4)c3s2)cc1
5217,7.387216143280264,nM,CHEMBL512391,Nc1ncnc(Nc2ccc(OCc3ccccc3)c(Cl)c2)c1C(=O)O
5218,7.292429823902063,nM,CHEMBL51265,Brc1cccc(Nc2ncnc3cnccc23)c1
5219,5.692503962086787,nM,CHEMBL51320,c1ccc(CNc2ncnc3cnccc23)cc1
5220,7.920818753952375,nM,CHEMBL513208,CN(C)Cc1ccc(Nc2nc3ncnc(Nc4ccc(F)c(Cl)c4)c3s2)cc1
5221,7.853871964321762,nM,CHEMBL513362,Cc1cccc(Nc2ncnc3nc(Nc4ccc(S(N)(=O)=O)cc4)sc23)c1
5222,8.154901959985743,nM,CHEMBL513418,NS(=O)(=O)c1ccc(Nc2nc3ncnc(Nc4cccc(Cl)c4)c3s2)cc1
5223,6.7281583934635005,nM,CHEMBL513716,NS(=O)(=O)c1ccc(Nc2nc3ncnc(Nc4c(F)cccc4F)c3s2)cc1
5224,6.096910013008056,nM,CHEMBL514016,Clc1ccc2c(Nc3ccc(-c4nc5ccccc5s4)c(Cl)c3)ncnc2c1
5225,7.5699249444480605,nM,CHEMBL514436,CS(=O)(=O)CCNCCCCOc1ccc2ncnc(Nc3ccc(OCc4cccc(F)c4)c(Cl)c3)c2c1
5226,8.045757490560675,nM,CHEMBL514566,Nc1ncnc(Nc2ccc3c(cnn3Cc3cccc(F)c3)c2)c1/C=N/N1CCN(CCO)CC1
5227,4.975104039892515,nM,CHEMBL514771,COc1cc2nccc(Nc3ccc(F)c(Cl)c3)c2cc1NC(=O)/C=C/C(C)N1CCOCC1
5228,6.008773924307505,nM,CHEMBL51485,CN1CCN(CCCNc2ncc3cc(-c4c(Cl)cccc4Cl)c(NC(=O)NCc4ccccc4)nc3n2)CC1
5229,7.823908740944319,nM,CHEMBL514938,Fc1cccc(COc2ccc(Nc3ncnc4sc(-c5ccco5)cc34)cc2Cl)c1
5230,6.619788758288394,nM,CHEMBL514942,COc1cc2ncnc(Nc3ccc(-c4nc5ccccc5s4)cc3C)c2cc1OC
5231,8.100015437450608,nM,CHEMBL515082,CS(=O)(=O)CCNCc1nc(-c2ccc3ncnc(Nc4ccc(OCc5ccccc5)c(Cl)c4)c3c2)cs1
5232,6.679853713888946,nM,CHEMBL515401,COc1cc2ncnc(-c3c[nH]c4cc(F)c(Cl)cc34)c2cc1OC
5233,5.10790539730952,nM,CHEMBL515598,c1ccc2sc(-c3ccc(Nc4ncnc5[nH]cnc45)cc3)nc2c1
5234,7.508638306165727,nM,CHEMBL515664,COC[C@H]1CCCN1/N=C/c1c(N)ncnc1Nc1ccc2c(cnn2Cc2cccc(F)c2)c1
5235,9.32002730572258,nM,CHEMBL516022,C=CC(=O)NC1=NC=C2N=CN=C(Nc3cccc(C)c3)C21
5236,8.060480747381382,nM,CHEMBL516047,CSc1ccc(N(C)c2nc(C)nc3ccccc23)cc1
5237,8.770062314092065,nM,CHEMBL516365,C=CC(=O)Nc1cc2c(Cc3cccc(Br)c3)ncnc2cc1OCCCN1CCC(C)CC1
5238,9.110026361596004,nM,CHEMBL516373,C=CC(=O)NC1=NC=C2N=CN=C(Nc3ccc(F)c(Cl)c3)C21
5239,7.460046158343603,nM,CHEMBL516375,CS(=O)(=O)CCNCc1nc(-c2ccc3ncnc(Nc4ccc(F)c(Cl)c4)c3c2)cs1
5240,7.267606240177032,nM,CHEMBL516487,COC(=O)c1c(N)ncnc1Nc1ccc(OCc2ccccc2)c(Cl)c1
5241,9.040958607678906,nM,CHEMBL51659,C=CC(=O)Nc1cc2c(Nc3cccc(Br)c3)ncnc2cn1
5242,6.453580733164809,nM,CHEMBL5169328,C=CCn1ccc2cc(Nc3ncnc4ccc(N)cc34)ccc21
5243,7.790484985457369,nM,CHEMBL5169346,COc1cc2ncnc3c2cc1OCCOCCOCCOc1cc(Cl)ccc1N3
5244,7.769551078621726,nM,CHEMBL5169349,CC(C)c1cnc(N2CC(C#N)C2)c2cnc(Nc3ccnc(N4CC[C@@H](O)[C@@](C)(F)C4)n3)cc12
5245,9.795880017344077,nM,CHEMBL5169450,COc1cc(N2CCC(N3CCN(C)CC3)CC2)c(C)cc1Nc1ncc(Br)c(Nc2ccc3nccnc3c2P(C)(C)=O)n1
5246,7.863279432843593,nM,CHEMBL5169547,C=CC(=O)Nc1ccc2ncnc(Nc3ccc4[nH]ccc4c3)c2c1
5247,8.779891911959945,nM,CHEMBL516979,COC[C@H]1Oc2cc3ncnc(Nc4cccc(I)c4)c3cc2O[C@@H]1COC
5248,4.953895212753962,nM,CHEMBL5169900,COc1ccc(CCOc2ccc(C(=O)/C=C/c3ccc(O)c(O)c3)cc2OC)cc1OC
5249,6.782779344355482,nM,CHEMBL5169943,CCS(=O)(=O)n1cc2c3ccc(cc31)OCCCCCCOc1cc(c(C3CCCC3)cc1N1CCOCC1)Nc1ncc(Cl)c-2n1
5250,6.935542010773082,nM,CHEMBL5170278,Nc1ccc(C#Cc2cc(F)c3c(c2)C(=O)N(C(C(=O)Nc2nccs2)c2ncn4c2CCC4)C3)cn1
5251,9.045757490560677,nM,CHEMBL5170376,CC(C)c1cnc(N2CC(C(=O)N(C)C)C2)c2cnc(Nc3ccnc(N4CC[C@@H](O)[C@@](C)(F)C4)n3)cc12
5252,8.0,nM,CHEMBL5170519,Cc1c(-c2ccc(N3CCOCC3)cc2)cc(C(F)F)c2cn(C(C(=O)Nc3nccs3)c3ncn4c3CCC43CC3)nc12
5253,7.238072161579471,nM,CHEMBL5170653,CCS(=O)(=O)n1cc2c3ccc(cc31)OCCCCCCOc1cc(c(Cl)cc1N1CCOCC1)Nc1ncc(Cl)c-2n1
5254,7.886056647693163,nM,CHEMBL51707,Fc1cc2ncnc(Nc3cccc(Br)c3)c2cn1
5255,6.609064892896621,nM,CHEMBL5170804,Cc1ccc(-c2c(CN3CCOCC3)nc3scc(C(=O)NN)n23)cc1
5256,7.063838259088842,nM,CHEMBL5170965,CCOc1cc2ncnc(Nc3ccc(Oc4cc5nncn5cn4)c(C)c3)c2cc1NC(=O)/C(F)=C\[C@H]1CCCN1C
5257,6.337242168318426,nM,CHEMBL5171139,O=C(Nc1nccs1)C(c1ncn2c1CCC2)N1Cc2ccc(C#Cc3cccnc3)cc2C1=O
5258,8.480040819247932,nM,CHEMBL517127,C=CC(=O)C(CCCN1CCOCC1)c1ccc2ncnc(Nc3cccc(Br)c3)c2c1
5259,8.045757490560675,nM,CHEMBL517130,COc1cc2ncnc(Nc3ccc(F)c(Cl)c3)c2cc1CN(C)[C@H](C)C(N)=O
5260,6.8696662315049934,nM,CHEMBL5171318,C=CC(=O)N1CCC(Oc2nc(Nc3cnn(C)c3)nc3ccsc23)CC1
5261,8.18495382393537,nM,CHEMBL5172236,C=CC(=O)N1CCC(Oc2nc(Nc3ccc(N4CCOCC4)cc3)nc3ccsc23)CC1
5262,8.221848749616356,nM,CHEMBL5172245,O=C(CCCCl)Nc1ccc2ncnc(Nc3ccc4c(ccn4Cc4cccc(F)c4)c3)c2c1
5263,8.200659450546418,nM,CHEMBL5172251,CCc1cc(Nc2ncc(Cl)c(-c3cn(S(=O)(=O)CC)c4ccccc34)n2)c(OC)cc1N1CCC(N2CCN(C)CC2)CC1
5264,7.806875401645539,nM,CHEMBL5172338,COc1cc(N2CCC(N3CCN(C)CC3)CC2)ccc1Nc1ncc(Cl)c(-c2c[nH]c3ccccc23)n1
5265,9.045757490560677,nM,CHEMBL5172573,CN1CCN(c2ccc(-c3ccc4ncn(C(C(=O)Nc5nccs5)c5ccccc5)c(=O)c4c3)cc2)CC1
5266,8.744727494896694,nM,CHEMBL5172587,CC(C)c1ncc(N2C[C@H](O)[C@H]2C)c2cnc(Nc3ccnc(N4CC[C@@H](O)[C@@](C)(F)C4)n3)cc12
5267,9.69897000433602,nM,CHEMBL5172794,COc1cc(N2CCC(N3CCN(C)CC3)CC2)ccc1Nc1ncc(Cl)c(Nc2ccccc2NS(C)(=O)=O)n1
5268,7.365522729839268,nM,CHEMBL5173070,CN1CCN(c2ccc(Nc3ncc(Br)c(Nc4ccc5cn[nH]c5c4)n3)cc2)CC1
5269,6.337242168318426,nM,CHEMBL5173075,c1ccc(CNc2ncnc3c2[nH]c2ccccc23)cc1
5270,6.913640169325252,nM,CHEMBL5173449,COc1ccc(-c2c(CN3CCOCC3)nc3scc(C(=O)NN)n23)cc1
5271,10.0,nM,CHEMBL5173517,CC(C)c1cnc(N2CC(CS(C)(=O)=O)C2)c2cnc(Nc3ccnc(N4CC[C@@H](O)[C@@](C)(F)C4)n3)cc12
5272,7.376750709602099,nM,CHEMBL5173534,COc1cc(N(C)CCN(C)C)c(NC(=O)c2ccnc(Cl)c2)cc1Nc1nccc(-c2cn(CCCO)c3ccccc23)n1
5273,4.701583619938706,nM,CHEMBL5173596,COc1cc2ncnc3c2cc1OCCOCCOc1ccc(Cl)c(c1)N3
5274,8.744727494896694,nM,CHEMBL5173701,CN1CCC(c2ccc(-c3ccc4ccn(C(C(=O)Nc5nccs5)c5ccccc5)c(=O)c4c3)cc2)CC1
5275,6.920818753952375,nM,CHEMBL5173862,N#CC1=C(c2ccccc2)Nc2c(c(-c3cccs3)nn2-c2ccccc2)C12C(=O)Nc1ccc(Cl)cc12
5276,7.698970004336019,nM,CHEMBL5173986,O=C(Nc1nccs1)C(c1ncn2c1CCC2)N1Cc2ccc(C#Cc3ccccc3)cc2C1=O
5277,9.397940008672036,nM,CHEMBL51741,C=CC(=O)Nc1ccc2ncnc(N3CCc4ccc(Br)cc43)c2c1
5278,6.517126416391246,nM,CHEMBL5174109,CN(C)CCN(C)c1ccc(Nc2ncc3cc(CNc4ccccc4)n(C4CCCC4)c3n2)cc1
5279,6.407823242604133,nM,CHEMBL5174232,COc1cc(N(C)CCN(C)C)c(NC(=O)c2ccncc2)cc1Nc1nccc(-c2cn(C)c3ccccc23)n1
5280,5.395773946915531,nM,CHEMBL5174372,Cn1ccc2cc(Nc3ncnc4ccc(N)cc34)ccc21
5281,9.67366413907125,nM,CHEMBL5174418,CCc1cc(Nc2ncc(Br)c(Nc3ccc4nccnc4c3P(C)(C)=O)n2)c(OC)cc1N1CCC(N2CCN(C)CC2)CC1
5282,6.974694134735231,nM,CHEMBL5174629,CC(C)c1cnc(N2CC[C@@H]2C)c2cnc(Nc3ccnc(N4CC[C@@H](O)[C@@](C)(F)C4)n3)cc12
5283,7.694004117229196,nM,CHEMBL5174995,C=CC(=O)N1CCC(Oc2nc(Nc3ccc(N4CCN(C(C)=O)CC4)cc3OC)nc3ccsc23)CC1
5284,7.060480747381382,nM,CHEMBL5175316,COc1ccc(C(=O)Nc2cc(Nc3nccc(-c4cn(C)c5ccccc45)n3)c(OC)cc2N(C)CCN(C)C)nc1
5285,8.832682665251824,nM,CHEMBL5175489,C=CC(=O)Nc1cc2c(Nc3ccc(Oc4cc5nncn5cn4)c(C)c3)ncnc2cc1OCC
5286,8.671620396561263,nM,CHEMBL5175873,Cc1cc(Nc2ncnc3ccc(NC(=O)/C=C/CN(C)C)cc23)ccc1Oc1cc2nncn2cn1
5287,7.365321247821318,nM,CHEMBL5175891,C=CC(=O)Nc1cccc(Nc2nc(Nc3ccc(N4CCN(CC(=O)NCCNc5cccc6c5C(=O)N(C5CCC(=O)NC5=O)C6=O)CC4)cc3OC)ncc2C(F)(F)F)c1
5288,9.69897000433602,nM,CHEMBL5176129,COc1cc(N2CCC(N3CCN(C)CC3)CC2)ccc1Nc1ncc(Cl)c(Nc2ccccc2NS(N)(=O)=O)n1
5289,6.309272456129634,nM,CHEMBL5176295,COc1cc2ncnc3c2cc1OCCCCCCOc1ccccc1N3
5290,8.744727494896694,nM,CHEMBL5176460,CN1CCN(c2ccc(-c3ccc4c(c3)C(=O)N(C(C(=O)Nc3nccs3)c3cccc(F)c3)C4)cc2)CC1
5291,6.346787486224656,nM,CHEMBL5176561,CCC(=O)NNC(=O)c1csc2ncc(-c3ccc(C)cc3)n12
5292,6.593459819566045,nM,CHEMBL5176588,Cc1cc2cc(Nc3ncnc4ccc(N)cc34)ccc2[nH]1
5293,7.492954127572674,nM,CHEMBL5176854,CCOc1cc2ncnc(Nc3ccc(Oc4cc5nncn5cn4)c(C)c3)c2cc1NC(=O)/C(F)=C/[C@@H]1CCCN1C
5294,8.366531544420413,nM,CHEMBL5176897,CCS(=O)(=O)n1cc(-c2nc(Nc3cc(Cl)c(N4CCC(N5CCN(C)CC5)CC4)cc3OC)ncc2Cl)c2ccccc21
5295,8.954677021213342,nM,CHEMBL5176920,Cc1cc(Nc2ncnc3cc(O)c(NC(=O)/C=C/[C@H]4CCCN4C)cc23)ccc1Oc1cc2nccn2cn1
5296,8.698970004336019,nM,CHEMBL5177023,Cc1c(C#Cc2ccc(CN3CCC(CO)CC3)cc2)cc(C(F)F)c2cn(C(C(=O)Nc3nccs3)c3ncn4c3CCC43CC3)nc12
5297,7.00436480540245,nM,CHEMBL5177090,CNC(=O)c1cnc(Nc2ccnc(N3CC[C@@H](O)[C@@H](F)C3)n2)cc1NC(C)C
5298,9.221848749616356,nM,CHEMBL5177272,CN1CCC(c2ccc(-c3cc(F)c4ncn(C(C(=O)Nc5nccs5)c5ccccc5)c(=O)c4c3)cc2)CC1
5299,9.045757490560677,nM,CHEMBL5177306,CN1CCN(c2ccc(-c3ccc4c(c3)C(=O)N(C(C(=O)Nc3nccs3)c3ccccc3)C4)cc2)CC1
5300,8.236572006437063,nM,CHEMBL5177378,O=C(CCCCl)Nc1ccc2ncnc(Nc3ccc4[nH]ccc4c3)c2c1
5301,9.468521082957745,nM,CHEMBL5178180,C=CC(=O)N1CCN(C(=O)Oc2cc3c(Nc4cccc(Cl)c4F)ncnc3cc2OC)[C@H](C)C1
5302,8.853871964321762,nM,CHEMBL5178571,CN1CCC(c2ccc(-c3cc4c(=O)n(C(C(=O)Nc5nccs5)c5ccccc5)cnc4cc3F)cc2)CC1
5303,8.089909454405932,nM,CHEMBL5178703,CCOc1cc2ncnc(Nc3ccc(Oc4cc5nncn5cn4)c(C)c3)c2cc1NC(=O)/C(F)=C/[C@H]1CCCN1C
5304,8.397940008672037,nM,CHEMBL5178754,CN1CCC(c2ccc(-c3ccc4cnn(C(C(=O)Nc5nccs5)c5ccccc5)c(=O)c4c3)cc2)CC1
5305,8.468521082957745,nM,CHEMBL5178865,CN1CCN(c2ccc(-c3ccc4c(=O)n(C(C(=O)Nc5nccs5)c5ccccc5)ccc4c3)cc2)CC1
5306,9.42021640338319,nM,CHEMBL5178898,C=C(C(=O)N1CCN(C(=O)Oc2cc3c(Nc4ccc(Cl)c(Cl)c4F)ncnc3cc2OC)[C@H](C)C1)C(F)(F)F
5307,7.987162775294828,nM,CHEMBL5178922,O=C(CCCCCCN1CC(c2ccc3ncnc(Nc4ccc(Br)cc4F)c3c2)N=N1)NO
5308,9.55284196865778,nM,CHEMBL5178971,CCN(C)C1CN(C2CCN(c3cc(OC)c(Nc4ncc(Br)c(Nc5ccc6c(c5P(C)(C)=O)OCCO6)n4)cc3C)CC2)C1
5309,8.0,nM,CHEMBL5179023,COc1cc(N2CCC(N(C)C)CC2)ccc1Nc1ncc2cc(CNc3ccccc3)n(C3CCCC3)c2n1
5310,7.96018944585165,nM,CHEMBL517907,C#Cc1cccc(Nc2ncnc3ccc(OCCCCNCCS(C)(=O)=O)cc23)c1
5311,7.248720896016658,nM,CHEMBL5179214,CCS(=O)(=O)n1cc2c3ccc(cc31)OCCCCCCOc1cc(c(C3CC3)cc1N1CCOCC1)Nc1ncc(Cl)c-2n1
5312,9.366531544420411,nM,CHEMBL5179357,CCOC1CN(C2CCN(c3cc(OC)c(Nc4ncc(Br)c(Nc5ccc6nccnc6c5P(C)(C)=O)n4)cc3C)CC2)C1
5313,7.129011186239425,nM,CHEMBL5179495,CCS(=O)(=O)n1cc(-c2nc(Nc3cc(C(C)C)c(N4CCC(N5CCN(C)CC5)CC4)cc3OC)ncc2Cl)c2ccccc21
5314,6.015337693809894,nM,CHEMBL5179538,C=CC(=O)Nc1cccc(Nc2nc(Nc3ccc(N4CCN(CC(=O)NCCNc5cccc6c5CN(C5CCC(=O)NC5=O)C6=O)CC4)cc3OC)ncc2C(F)(F)F)c1
5315,8.30962669308394,nM,CHEMBL5179952,C=CC(=O)N1CCC(Oc2nc(Nc3ccc(N4CCN(C)CC4)cc3)nc3ccsc23)CC1
5316,8.924453038607469,nM,CHEMBL5179954,Cc1cc(Nc2ncnc3ccc(NC(=O)/C=C/[C@H]4CCCN4C)cc23)ccc1Oc1cc2nncn2cn1
5317,5.517984423549288,nM,CHEMBL5180070,COc1cc2ncnc3c2cc1OCCCCCCOc1c(Cl)cccc1N3
5318,9.187086643357144,nM,CHEMBL5180251,Nc1ccc2ncnc(Nc3ccc4[nH]ccc4c3)c2c1
5319,8.154901959985743,nM,CHEMBL5180289,CCN1CCN(c2ccc(-c3cc(F)c4cn(C(C(=O)Nc5nccs5)c5ncn6c5CCC6)nc4c3)cc2)CC1
5320,7.599116784451637,nM,CHEMBL5180325,Nc1ccc2ncnc(Nc3cccc4cc[nH]c34)c2c1
5321,10.096910013008056,nM,CHEMBL5180388,CCc1cc(Nc2ncc(Br)c(Nc3ccc4nccnc4c3P(C)(C)=O)n2)c(OC)cc1N1CCC(N2CC(N(C)C)C2)CC1
5322,8.795880017344075,nM,CHEMBL5180778,CCS(=O)(=O)n1cc(-c2nc(Nc3cc(Cl)c(N4CCC(N5CCN(C)CC5)CC4)cc3C)ncc2Cl)c2ccccc21
5323,7.2839966563652,nM,CHEMBL5180830,O=C1c2cc(F)ccc2Nc2ccccc2N1Cc1ccccc1
5324,9.568636235841012,nM,CHEMBL5180894,CCc1cc(Nc2ncc(Br)c(Nc3ccc4nccnc4c3P(C)(C)=O)n2)c(OC)cc1N1CCC(N2CCCN(C)CC2)CC1
5325,8.886056647693163,nM,CHEMBL5180914,COc1cc2ncnc3c2cc1OCCOCCOCCOc1cc(F)c(Cl)cc1N3
5326,7.643018599006869,nM,CHEMBL5180965,Cc1cc(Nc2ncnc3cc(O)c(NC(=O)/C=C/[C@H]4CCCN4C)cc23)ccc1Oc1ccn2cnnc2c1
5327,8.184422251675732,nM,CHEMBL5181037,COc1cccc2c1C(=O)C1=C(C2=O)c2c(O)cc(CO)cc2[C@@H](O)[C@@H]1O
5328,6.804100347590767,nM,CHEMBL5181045,CCOC(=O)[C@H](Cc1c[nH]cn1)NCC(=O)NNC(=O)COc1ccc(-c2nc3ccccc3s2)cc1OC
5329,6.848017604542527,nM,CHEMBL5181437,CCS(=O)(=O)n1cc2c3ccc(cc31)OCCCCCCCCOc1cc(ccc1N1CCOCC1)Nc1ncc(Cl)c-2n1
5330,9.267606240177033,nM,CHEMBL5181469,C=CC(=O)Oc1cc2c(Nc3ccc(Cl)c(Cl)c3F)ncnc2cc1OC
5331,7.259637310505756,nM,CHEMBL5181487,COc1cc(N2CCC(N3CCN(C)CC3)CC2)ccc1Nc1ncc2cc(CNc3ccccc3)n(C3CCCC3)c2n1
5332,7.493494967595128,nM,CHEMBL5181684,CCc1cc(N2CCOCC2)c2cc1Nc1ncc(Cl)c(n1)-c1cn(S(=O)(=O)CC)c3cc(ccc13)OCCCCCCO2
5333,7.586365002801444,nM,CHEMBL5181694,CCOc1cc2ncnc(Nc3ccc(Oc4cc5nncn5cn4)c(C)c3)c2cc1NC(=O)/C(F)=C\[C@@H]1CCCN1C
5334,8.014843078722944,nM,CHEMBL5181848,C=CC(=O)N1CCC(Oc2nc(Nc3ccc(N4CCOCC4)cc3OC)nc3ccsc23)CC1
5335,7.449771646944906,nM,CHEMBL5182231,O=C(Cc1ccccc1)Nc1cccc(-c2nc3n(c2-c2ccnc(Nc4ccc(N5CCOCC5)cc4)n2)CCS3)c1
5336,6.924088238517223,nM,CHEMBL5182465,COc1cc2ncnc3c2cc1OCCOCCOc1cc(F)c(Cl)cc1N3
5337,9.69897000433602,nM,CHEMBL5182553,CN1CCC(c2ccc(-c3ccc4c(c3)C(=O)N(C(C(=O)Nc3nccs3)c3cccc(F)c3)C4)cc2)CC1
5338,9.42021640338319,nM,CHEMBL5182567,C=CC(=O)Nc1ccc2ncnc(Nc3ccc4[nH]cc(Br)c4c3)c2c1
5339,8.657577319177793,nM,CHEMBL5182741,CC(C)c1ncc(N2CC[C@H]2C)c2cnc(Nc3ccnc(N4CC[C@@H](O)[C@@](C)(F)C4)n3)cc12
5340,8.920818753952375,nM,CHEMBL5183286,CSc1nc(-c2cccc(NC(=O)c3c(F)ccc(O)c3CN3C(=O)c4ccccc4C3=O)c2)c(-c2ccnc(NC(C)=O)c2)[nH]1
5341,6.783042792638903,nM,CHEMBL5183327,Nc1ccc2ncnc(Nc3cccc4c3CCCC4)c2c1
5342,4.470313046227084,nM,CHEMBL5183329,COc1cc2ncnc3c2cc1OCCOCCOc1cccc(c1)N3
5343,7.696803942579511,nM,CHEMBL5183664,C=CC(=O)N1CCC(Oc2nc(Nc3ccc(N4CCN(C)CC4)cc3)ncc2Cl)CC1
5344,7.387216143280264,nM,CHEMBL5183865,CN1CCN(c2ccc(Nc3ncc4nc(Nc5ccc(F)cc5)n(C5CCN(C(=O)CO)CC5)c4n3)cc2)CC1
5345,8.017728766960431,nM,CHEMBL5183924,C=C(F)C(=O)Nc1cc2c(Nc3ccc(Oc4cc5nncn5cn4)c(C)c3)ncnc2cc1OCC
5346,6.8996294548824375,nM,CHEMBL5184048,C=CC(=O)N1CCC(Oc2nc(Nc3ccn(C)n3)nc3ccsc23)CC1
5347,5.522878745280338,nM,CHEMBL5184084,CC(C)(/C=C(/C#N)C(=O)N1CCC[C@@H]1Cn1nc(-c2ccc(Oc3ccccc3)cc2F)c2c(N)ncnc21)N1CCOCC1
5348,7.245651664288982,nM,CHEMBL5184313,COc1cc2ncnc3c2cc1OCCCCCCOc1cccc(Cl)c1N3
5349,8.866461091629782,nM,CHEMBL5184610,CCOc1cc2ncnc(Nc3ccc(Oc4cc5nncn5cn4)c(C)c3)c2cc1NC(=O)/C=C/[C@H]1CCCN1C
5350,8.522878745280337,nM,CHEMBL5184760,Cc1c(C#Cc2ccc(CN3CCC(CO)CC3)cc2)cc(C(F)F)c2cn(C(C(=O)Nc3nccs3)c3ncn4c3CCC4)nc12
5351,7.910094888560602,nM,CHEMBL5184813,C=CC(=O)N1CCC(Oc2nc(Nc3ccc(CN4CCC(CO)CC4)cc3)ncc2Cl)CC1
5352,7.795880017344075,nM,CHEMBL5184941,CC(C)c1nnc(N2CC[C@H]2C)c2cnc(Nc3ccnc(N4CC[C@@H](O)[C@@](C)(F)C4)n3)cc12
5353,7.520280764560429,nM,CHEMBL5185036,CCc1ccc(C2=C(O)C(=O)C(c3ccc(CC)cc3)=C(O)C2=O)cc1
5354,9.30102999566398,nM,CHEMBL5185207,CC(C)c1ccc(N2C[C@H](O)[C@H]2C)c2cnc(Nc3ccnc(N4CC[C@@H](O)[C@@](C)(F)C4)n3)cc12
5355,8.09151498112135,nM,CHEMBL5185287,CNc1ncc(C(C)C)c2cc(Nc3ccnc(N4CC[C@@H](O)[C@@](C)(F)C4)n3)ncc12
5356,9.886056647693165,nM,CHEMBL51853,Nc1cc2c(Nc3cccc(Br)c3)ncnc2cn1
5357,6.810790510417694,nM,CHEMBL5185330,COc1cc2ncnc3c2cc1OCCOCCOc1ccccc1N3
5358,8.419987887470576,nM,CHEMBL51854,COc1ncc2ncnc(Nc3cccc(Br)c3)c2n1
5359,6.376750709602099,nM,CHEMBL5185772,COc1cc(N(C)CCN(C)C)c(NC(=O)c2nccn2C)cc1Nc1nc(-c2cn(C)c3ccccc23)c2cccnc2n1
5360,8.823908740944319,nM,CHEMBL5185864,CCS(=O)(=O)n1cc(-c2nc(Nc3cc(C)c(N4CCC(N5CCN(C)CC5)CC4)cc3OC)ncc2Cl)c2ccccc21
5361,8.657577319177793,nM,CHEMBL5185922,CCS(=O)(=O)n1cc(-c2nc(Nc3ccc(N4CCC(N5CCN(C)CC5)CC4)c(Cl)c3)ncc2Cl)c2ccccc21
5362,4.259637310505757,nM,CHEMBL5185952,O=C(Cc1csc2nc3ccccc3n12)Nc1cccc(O)c1
5363,9.522878745280336,nM,CHEMBL5186362,C=CC(=O)N1C[C@@H]2C[C@H]1CN2C(=O)Oc1cc2c(Nc3ccc(Cl)c(Cl)c3F)ncnc2cc1OC
5364,7.4089353929735005,nM,CHEMBL5186583,CCc1nnc2c(Nc3ccc(C(=O)/C=C/c4cc(OC)c(OC)c(OC)c4)cc3)nc3ccccc3n12
5365,10.221848749616356,nM,CHEMBL5186680,COc1cc(N2CCC(N3CC(N(C)C)C3)CC2)c(C)cc1Nc1ncc(Br)c(Nc2ccc3nccnc3c2P(C)(C)=O)n1
5366,7.603800652904264,nM,CHEMBL5186794,COc1cc2ncnc3c2cc1OCCOCCOc1ccc(Cl)cc1N3
5367,6.599807511407425,nM,CHEMBL5186969,Nc1ccc2ncnc(Nc3ccc4c(c3)CCC4)c2c1
5368,9.0,nM,CHEMBL5187021,CNC(=O)C1CN(c2ncc(C(C)C)c3cc(Nc4ccnc(N5CC[C@@H](O)[C@@](C)(F)C5)n4)ncc23)C1
5369,8.040958607678906,nM,CHEMBL5187169,C=CC(=O)Nc1cccc(Nc2nc(Nc3ccc(SCC(=O)N4CCOCC4)cc3)ncc2Cl)c1
5370,6.7447274948966935,nM,CHEMBL5187375,Cc1nn(-c2ccc(F)cc2)c2c(Nc3ccc(F)c(Cl)c3)ncnc12
5371,9.494850021680094,nM,CHEMBL5187762,C#CC(=O)N1CCN(C(=O)Oc2cc3c(Nc4ccc(Cl)c(Cl)c4F)ncnc3cc2OC)[C@H](C)C1
5372,9.096910013008056,nM,CHEMBL5187838,COc1cc(N2CCC(N3CCN(CCO)CC3)CC2)ccc1Nc1ncc(Cl)c(Nc2ccccc2NS(C)(=O)=O)n1
5373,5.886056647693163,nM,CHEMBL518803,c1ccc2sc(-c3ccc(Nc4ncnc5[nH]ccc45)cc3)nc2c1
5374,8.259637310505756,nM,CHEMBL5188250,CSc1nc(-c2cccc(NC(=O)c3cc(O)ccc3F)c2)c(-c2ccnc(NC(C)=O)c2)[nH]1
5375,7.721246399047171,nM,CHEMBL5188272,CCS(=O)(=O)n1cc2c3ccc(cc31)OCCCCCOc1cc(ccc1N1CCOCC1)Nc1ncc(Cl)c-2n1
5376,7.744727494896694,nM,CHEMBL5188281,COc1cc(N2CCC(N3CCN(C)CC3)CC2)ccc1Nc1ncc(Cl)c(-c2cn(S(=O)(=O)C(C)C)c3ccccc23)n1
5377,10.045757490560677,nM,CHEMBL5188373,COCC1CN(C2CCN(c3cc(OC)c(Nc4ncc(Br)c(Nc5ccc6c(c5P(C)(C)=O)OCCO6)n4)cc3C)CC2)C1
5378,8.698970004336019,nM,CHEMBL5188399,C=CC(=O)Nc1ccc(OC)c(Nc2cc(-c3[nH]c(SC)nc3-c3cccc(NC(=O)c4c(F)ccc(O)c4CN4C(=O)c5ccccc5C4=O)c3)ccn2)c1
5379,7.769551078621726,nM,CHEMBL5188618,COc1cc(N(C)CCN(C)C)c(NC(=O)c2cnccn2)cc1Nc1nccc(-c2cn(C)c3ccccc23)n1
5380,6.667359589612538,nM,CHEMBL5188730,Nc1ccc2ncnc(Nc3ccc4ncccc4c3)c2c1
5381,10.096910013008056,nM,CHEMBL5188940,CCc1cc(Nc2ncc(Br)c(Nc3ccc4c(c3P(C)(C)=O)OCCO4)n2)c(OC)cc1N1CCC(N2CC(N(C)C)C2)CC1
5382,7.769551078621726,nM,CHEMBL5188948,CN1CCN(c2ccc(Nc3ncc4cc(CNc5ccccc5)n(C5CCCC5)c4n3)cc2)CC1
5383,7.301029995663981,nM,CHEMBL5188960,CNc1ncc(C(C)C)c2cc(Nc3ccnc(N4CC[C@@H](O)[C@@H](F)C4)n3)ncc12
5384,8.154901959985743,nM,CHEMBL5189114,O=C(Nc1nccs1)C(c1ncn2c1CCC2)N1Cc2c(F)cc(C#Cc3cccnc3)cc2C1=O
5385,6.443697499232712,nM,CHEMBL5189183,COc1cc(N(C)CCN(C)C)c(NC(=O)c2ccncn2)cc1Nc1nc(-c2cn(C)c3ccccc23)c2cccnc2n1
5386,9.346787486224656,nM,CHEMBL5189340,CN(C)c1ccc(/C=N/NC(=O)Cn2nc(Cc3ccc(Cl)cc3)c3ccccc3c2=O)cc1
5387,6.008773924307505,nM,CHEMBL5189379,CN1CCN(C(C)(C)/C=C(\C#N)C(=O)N2CCC[C@@H](n3nc(-c4ccc(Oc5ccccc5)cc4F)c4c(N)ncnc43)C2)CC1
5388,7.503762454833264,nM,CHEMBL5189711,C=CC(=O)N1CCC(Oc2nc(Nc3ccc(N4CCN(C(C)=O)CC4)cc3OC)nc3[nH]ccc23)CC1
5389,7.2839966563652,nM,CHEMBL5189778,CC(C)c1cnc(N2CCCC2)c2cnc(Nc3ccnc(N4CC[C@@H](O)[C@@](C)(F)C4)n3)cc12
5390,7.06198090252379,nM,CHEMBL5190121,CCOCCSc1nc(-c2ccccc2Cl)nn1CCOCC
5391,8.987162775294827,nM,CHEMBL5190132,Cc1cc(Nc2ncnc3cc(O)c(NC(=O)/C=C/[C@H]4CCCN4C)cc23)ccc1Oc1cnc2ccnn2c1
5392,8.397940008672037,nM,CHEMBL5190204,CCC1CCN(c2ccc(-c3cc(F)c4c(c3)C(=O)N(C(C(=O)Nc3nccs3)c3ncn5c3CCC5)C4)cc2)CC1
5393,5.20052160116202,nM,CHEMBL5190227,COc1cc2ncnc3c2cc1OCCOCCOc1cc(Cl)cc(c1)N3
5394,6.537602002101044,nM,CHEMBL5190294,CCC(=O)N[C@H]1CC[C@@H](N2C(=O)N(c3ccccc3Cl)Cc3cnc(Nc4ccc(N5CCN(C)CC5)c(C)c4)nc32)CC1
5395,6.169603823516532,nM,CHEMBL5190513,Fc1cc2c(cc1Cl)Nc1ncnc3ccc(cc13)OCCOCCO2
5396,7.0,nM,CHEMBL5191292,COc1cc(N(C)CCN(C)C)c(NC(=O)c2ccncc2OC)cc1Nc1nccc(-c2cn(C)c3ccccc23)n1
5397,9.522878745280336,nM,CHEMBL5191510,CN1CCN(c2ccc(-c3ccc4c(c3)C(=O)N(C(C(=O)Nc3nccs3)c3cc(F)ccc3O)C4)cc2)CC1
5398,7.986320302708807,nM,CHEMBL5191556,C=CC(=O)N1CCC(Oc2nc(Nc3ccc(N4CCN(C)CC4)c(F)c3)nc3ccsc23)CC1
5399,9.221848749616356,nM,CHEMBL5191674,CN1CCC(c2ccc(-c3ccc4ncn(C(C(=O)Nc5nccs5)c5ccccc5)c(=O)c4n3)cc2)CC1
5400,6.943095148663527,nM,CHEMBL5192038,COc1cc2ncnc3c2cc1OCCOCCOCCOc1c(Cl)cccc1N3
5401,7.872247484167027,nM,CHEMBL5192155,C=CC(=O)N1CCC(Oc2nc(Nc3ccc(N4CCN(C)CC4)c(F)c3)nc3[nH]ccc23)CC1
5402,6.465973893943866,nM,CHEMBL5192184,COc1cc(-c2nc3ccccc3s2)ccc1OCC(=O)NNC(=O)CN1CCC[C@H]1C(=O)O
5403,9.886056647693165,nM,CHEMBL5192223,COc1cc(N2CCC(N3CCCOCC3)CC2)c(C)cc1Nc1ncc(Br)c(Nc2ccc3c(c2P(C)(C)=O)OCCO3)n1
5404,7.058786812414679,nM,CHEMBL5192318,NNC(=O)/C=C1/Nc2ccc(Br)cc2NC1=O
5405,8.0,nM,CHEMBL5192572,COc1cc2c(cc1OC)C(Sc1cccc(NC(=S)Nc3ccc(Br)c(C(F)(F)F)c3)c1)=NCN2
5406,8.636388020107855,nM,CHEMBL5192750,Cc1cc(Nc2ncnc3cc(O)c(NC(=O)/C=C/[C@H]4CCCN4C)cc23)ccc1Oc1ccn2ccnc2c1
5407,9.82390874094432,nM,CHEMBL5192793,COc1ccc(-c2cc(=O)cc(-c3ccc(OC)cc3)o2)cc1
5408,9.154901959985745,nM,CHEMBL5193016,CO[C@@H]1[C@H](O)CN(c2nccc(Nc3cc4c(C(C)C)ccc(N5C[C@H](CS(C)(=O)=O)[C@H]5C)c4cn3)n2)CC1(F)F
5409,7.823908740944319,nM,CHEMBL5193027,O=C(Nc1nccs1)C(c1ccccc1)N1Cc2ccc(-c3ccc4[nH]ccc4c3)cc2C1=O
5410,10.30102999566398,nM,CHEMBL5193123,COc1cc(N2CCC(N3CCCN(C)CC3)CC2)c(C)cc1Nc1ncc(Br)c(Nc2ccc3c(c2P(C)(C)=O)OCCO3)n1
5411,7.67778070526608,nM,CHEMBL5193128,C=CC(=O)N1CCC([C@@H]2CCNC3C(C(N)=O)C(c4ccc(Oc5ccccc5)cc4)=NN32)CC1
5412,9.920818753952377,nM,CHEMBL5193149,COc1cc(N2CCC(N3CC[C@H](N(C)C)C3)CC2)c(C)cc1Nc1ncc(Br)c(Nc2ccc3c(c2P(C)(C)=O)OCCO3)n1
5413,7.026872146400302,nM,CHEMBL5193175,CC(C)c1ccc(Cn2cc(-c3cc(-c4ccc(Br)cc4)nc(N)n3)c3ccccc32)cc1
5414,8.698970004336019,nM,CHEMBL5193247,C=CC(=O)Nc1cc2c(cc1OCCNC(=O)CN(C)C)NCN=C2Nc1ccc(Br)cc1F
5415,8.154901959985743,nM,CHEMBL5193594,Cc1c(-c2ccc(N3CCOCC3)cc2)cc(C(F)F)c2cn(C(C(=O)Nc3nccs3)c3ncn4c3C[C@@H](F)C4)nc12
5416,7.627087997029894,nM,CHEMBL5193609,CCS(=O)(=O)n1cc2c3ccc(cc31)OCCCCCCOc1cc(c(C)cc1N1CCOCC1)Nc1ncc(Cl)c-2n1
5417,8.221848749616356,nM,CHEMBL5193772,O=C(Nc1nccs1)C(c1ncn2c1CCC2)n1cc2c(F)cc(C#Cc3ccc(CN4CCC(O)CC4)cc3)cc2n1
5418,8.721246399047171,nM,CHEMBL5194174,COc1cc(N2CCC(N3CCN(C)CC3)CC2)ccc1Nc1ncc(Cl)c(-c2cn(S(C)(=O)=O)c3ccccc23)n1
5419,7.419075024324381,nM,CHEMBL5194245,CCC(=O)N[C@H]1CC[C@H](n2c(=O)c(-c3ccccc3Cl)cc3ccc(Nc4ccc(N5CCN(C)CC5)c(C)c4)cc32)CC1
5420,7.486782399932061,nM,CHEMBL5194285,COc1cc2ncnc3c2cc1OCCOCCOCCOc1cccc(Cl)c1N3
5421,6.6649434805609085,nM,CHEMBL5194482,C=CC(=O)Nc1cccc(Cn2c(=O)ccc3cnc(Nc4ccc(N5CCN(C)CC5)cc4)nc32)c1
5422,6.7447274948966935,nM,CHEMBL5194543,Cc1ccc(-c2c(CN3CCCCC3)nc3scc(C(=O)O)n23)cc1
5423,7.045757490560675,nM,CHEMBL5194719,COc1ccc(/C=C\C(=O)c2ccc(Br)c3cc(-c4ccc(F)cc4)oc23)cc1
5424,9.30102999566398,nM,CHEMBL5194722,CC[C@]1(F)CN(c2nccc(Nc3cc4c(C(C)C)ccc(N5C[C@H](CS(C)(=O)=O)[C@H]5C)c4cn3)n2)CC[C@H]1O
5425,8.076755981369724,nM,CHEMBL5194966,Nc1ccc2ncnc(Nc3ccc4c(ccn4Cc4cccc(Cl)c4)c3)c2c1
5426,9.744727494896694,nM,CHEMBL5195137,CCc1cc(Nc2ncc(Br)c(Nc3ccn4ncnc4c3P(C)(C)=O)n2)c(OC)cc1N1CCC(N2CCOCC2)CC1
5427,9.522878745280336,nM,CHEMBL5195164,CC(C)c1cnc(N2CC[C@H]2C)c2cnc(Nc3ccnc(N4CC[C@@H](O)[C@@](C)(F)C4)n3)cc12
5428,7.920818753952375,nM,CHEMBL5195167,Cn1cc(-c2cc(C(=O)/N=c3\[nH]c4ccccc4n3[C@H]3CC[C@H](O)CC3)ccn2)cn1
5429,7.275724130399211,nM,CHEMBL5195321,CC(C)(C)n1cc(-c2cncc3ccccc23)c2c(N)ncnc21
5430,7.707743928643524,nM,CHEMBL5195531,COc1cc2ncnc3c2cc1OCCCCCCOc1ccc(Cl)cc1N3
5431,6.698970004336019,nM,CHEMBL5195593,Cc1ccc(/C=N/NC(=O)CNc2nc(-c3ccccc3)c(-c3ccccc3)s2)cc1
5432,7.638272163982407,nM,CHEMBL5195669,O=C(Nc1nccs1)C(c1n[nH]c2c1CCC2)N1Cc2ccccc2C1=O
5433,10.154901959985745,nM,CHEMBL5195904,CCOC1CN(C2CCN(c3cc(OC)c(Nc4ncc(Br)c(Nc5ccc6c(c5P(C)(C)=O)OCCO6)n4)cc3C)CC2)C1
5434,7.560667306169737,nM,CHEMBL5196024,C=CC(=O)Nc1cccc(Nc2nc(Nc3ccc(SCCCN4CCOCC4)cc3)ncc2Cl)c1
5435,4.197180453927996,nM,CHEMBL5196064,COc1cc2ncnc3c2cc1OCCCCCCOc1cc(Cl)ccc1N3
5436,7.221848749616356,nM,CHEMBL5196209,Cc1n[nH]c2c1C(c1ccccc1Br)c1c(ncn(N)c1=N)O2
5437,6.958607314841775,nM,CHEMBL5196254,COc1cc(N(C)CCN(C)C)c(NC(=O)c2nccn2C)cc1Nc1nccc(-c2cn(C)c3ccccc23)n1
5438,10.0,nM,CHEMBL5196360,CN1CCC(c2ccc(-c3ccc4ncn(C(C(=O)Nc5nccs5)c5ccccc5)c(=O)c4c3F)cc2)CC1
5439,9.522878745280336,nM,CHEMBL5196495,CC(C)c1ccc(N2C[C@H](CS(C)(=O)=O)[C@H]2C)c2cnc(Nc3ccnc(N4CC[C@@H](O)[C@@](C)(F)C4)n3)cc12
5440,7.481091426308586,nM,CHEMBL5196498,C=CC(=O)Nc1cccc(Nc2nc(Nc3ccc(N4CCN(C(=O)CCCC(=O)Nc5cccc6c5C(=O)N(C5CCC(=O)NC5=O)C6=O)CC4)cc3OC)ncc2C(F)(F)F)c1
5441,8.920818753952375,nM,CHEMBL5197154,CN1CCC(c2ccc(-c3ccc4c(=O)n(C(C(=O)Nc5nccs5)c5ccccc5)ccc4c3)cc2)CC1
5442,9.920818753952377,nM,CHEMBL5197545,CCc1cc(Nc2ncc(Br)c(Nc3ccc4c(c3P(C)(C)=O)OCCO4)n2)c(OC)cc1N1CCC(N2CC(COC)C2)CC1
5443,7.267606240177032,nM,CHEMBL519757,Fc1cccc(COc2ccc(Nc3ncnc4sc(-c5ccc(CNCc6ccccc6)o5)cc34)cc2Cl)c1
5444,7.552841968657781,nM,CHEMBL5197952,CCS(=O)(=O)n1cc2c3ccc(cc31)OCCCCCCOc1cc(c(F)cc1N1CCOCC1)Nc1ncc(Cl)c-2n1
5445,8.2518119729938,nM,CHEMBL5198314,CCS(=O)(=O)n1cc(-c2nc(Nc3ccc(N4CCC(N5CCN(C)CC5)CC4)cc3OC)ncc2Cl)c2ccccc21
5446,8.521433504406156,nM,CHEMBL5198424,Nc1ccc2ncnc(Nc3ccc4c(ccn4Cc4cccc(F)c4)c3)c2c1
5447,7.142667503568732,nM,CHEMBL5198809,Brc1cccc(Nc2ncnc3c2[nH]c2ccccc23)c1
5448,9.045757490560677,nM,CHEMBL5198812,CN1CCC(c2ccc(-c3ccc4c(c3)C(=O)N(C(C(=O)Nc3nccs3)c3ccccc3)C4)cc2)CC1
5449,8.113734940970243,nM,CHEMBL5198920,C=CC(=O)N1CCC(Oc2nc(Nc3ccc(N(C)CCN(C)C)cc3OC)nc3[nH]ccc23)CC1
5450,7.958607314841775,nM,CHEMBL5198992,COCC1CN(c2ncc(C(C)C)c3cc(Nc4ccnc(N5CC[C@@H](O)[C@@](C)(F)C5)n4)ncc23)C1
5451,6.307241181845276,nM,CHEMBL5199106,COc1cc2ncnc3c2cc1OCCOCCOc1cc(ccc1Cl)N3
5452,6.552841968657781,nM,CHEMBL5199122,CSc1nc(-c2cccc(NC(=O)c3c(F)ccc(O)c3CN3Cc4ccccc4C3=O)c2)c(-c2ccnc(NC(C)=O)c2)[nH]1
5453,7.522878745280337,nM,CHEMBL5199169,COc1cc(N(C)CCN(C)C)c(NC(=O)c2ncccn2)cc1Nc1nccc(-c2cn(C)c3ccccc23)n1
5454,8.795880017344075,nM,CHEMBL5199341,Nc1ccc2ncnc(Nc3cccc4ccccc34)c2c1
5455,7.376130731649698,nM,CHEMBL5199354,C=CC(=O)N1CCC(Oc2nc(Nc3ccc(N4CCN(CCO)CC4)cc3)ncc2Cl)CC1
5456,7.847711655616944,nM,CHEMBL5199399,C=CC(=O)N1CCC(Oc2nc(Nc3ccc(N4CCN(C)CC4)cc3OC)nc3ccsc23)CC1
5457,6.735890843694191,nM,CHEMBL5199612,Nc1ccc2ncnc(Nc3ccc4cc[nH]c4c3)c2c1
5458,10.0,nM,CHEMBL5199678,CCc1cc(Nc2ncc(Br)c(Nc3ccc4ncnn4c3P(C)(C)=O)n2)c(OC)cc1N1CCC(N2CC(COC)C2)CC1
5459,7.324221658325915,nM,CHEMBL5200275,C=CC(=O)Nc1cccc(N2C(=O)OC(C)c3cnc(Nc4ccc(N5CCN(C)CC5)cc4OC)nc32)c1
5460,7.320572103387882,nM,CHEMBL5200385,CC(=O)N[C@H]1CC[C@H](n2c(=O)c(-c3ccccc3Cl)cc3ccc(Nc4ccc(N5CCN(C)CC5)c(C)c4)cc32)CC1
5461,6.916139199133427,nM,CHEMBL5200495,C=CC(=O)Nc1cccc(Nc2nc(Nc3ccc(N4CCN(C(=O)CCCCNc5cccc6c5C(=O)N(C5CCC(=O)NC5=O)C6=O)CC4)cc3OC)ncc2C(F)(F)F)c1
5462,7.486782399932061,nM,CHEMBL5200598,COc1cc(N2CCC(N3CCN(C)CC3)CC2)ccc1Nc1ncc(Cl)c(-c2cn(S(=O)(=O)C3CC3)c3ccccc23)n1
5463,8.657577319177793,nM,CHEMBL5200637,CN1CCC(c2ccc(-c3ccc4c(c3)CCN(C(C(=O)Nc3nccs3)c3cccc(F)c3)C4=O)cc2)CC1
5464,6.445753191833889,nM,CHEMBL5200760,CCCn1ccc2cc(Nc3ncnc4ccc(N)cc34)ccc21
5465,8.013228265733755,nM,CHEMBL5200988,CN1CCC(c2ccc(-c3ccc4c(=O)n(C(C(=O)Nc5nccs5)c5ccccc5)ncc4c3)cc2)CC1
5466,9.69897000433602,nM,CHEMBL5200991,CC(C)c1cnc(N2C[C@H](CS(C)(=O)=O)[C@H]2C)c2cnc(Nc3ccnc(N4CC[C@@H](O)[C@@](C)(F)C4)n3)cc12
5467,7.987162775294828,nM,CHEMBL5201054,O=C(CCCCn1cc(-c2ccc3ncnc(Nc4ccccc4F)c3c2)nn1)NO
5468,6.962573502059376,nM,CHEMBL5201110,CCOC(=O)[C@@H]1CCCN1CC(=O)NNC(=O)COc1ccc(-c2nc3ccccc3s2)cc1OC
5469,7.046240308266771,nM,CHEMBL5201250,CCS(=O)(=O)n1cc2c3ccc(cc31)OCCCCCCCOc1cc(ccc1N1CCOCC1)Nc1ncc(Cl)c-2n1
5470,10.0,nM,CHEMBL5201543,CN1CCC(c2ccc(-c3ccc4c(c3)C(=O)N(C(C(=O)Nc3nccs3)c3cc(F)ccc3O)C4)cc2)CC1
5471,7.657577319177793,nM,CHEMBL5201725,O=C(Nc1nccs1)C(c1ncn2c1CCC2)n1cc2c(Cl)cc(-c3ccc(N4CCOCC4)cc3)c(Cl)c2n1
5472,7.691862621361961,nM,CHEMBL5201794,C=CC(=O)Nc1cccc(Nc2nc(Nc3ccc(N4CCN(C(=O)CCCCCC(=O)Nc5cccc6c5C(=O)N(C5CCC(=O)NC5=O)C6=O)CC4)cc3OC)ncc2C(F)(F)F)c1
5473,8.0,nM,CHEMBL5201846,COc1cc(N(C)CCN(C)C)c(NC(=O)c2ccncn2)cc1Nc1nccc(-c2cn(C)c3ccccc23)n1
5474,8.6345120151091,nM,CHEMBL5201973,Cc1cc(Nc2ncnc3cc(O)c(NC(=O)/C=C/[C@H]4CCCN4C)cc23)ccc1Oc1ccc2nccn2c1
5475,7.013228265733755,nM,CHEMBL5202119,CCc1ccc(Cn2cc(-c3cc(-c4ccc(Br)cc4)nc(N)n3)c3ccccc32)cc1
5476,8.958607314841775,nM,CHEMBL5202129,CN1CCN(c2ccc(-c3ccc4c(c3)CCN(C(C(=O)Nc3nccs3)c3cccc(F)c3)C4=O)cc2)CC1
5477,6.542118103266008,nM,CHEMBL5202381,CSc1nc(-c2ccc(F)cc2)c(-c2ccnc3[nH]c(-c4ccccc4)cc23)[nH]1
5478,7.927382523454764,nM,CHEMBL5202846,Cc1cc(Nc2ncnc3cc(O)c(NC(=O)/C=C/[C@H]4CCCN4C)cc23)ccc1Oc1cnn2cnnc2c1
5479,8.397940008672037,nM,CHEMBL5202945,CCN1CCN(c2ccc(-c3cc(Cl)c4cn(C(C(=O)Nc5nccs5)c5ncn6c5C[C@@H](F)C6)nc4c3Cl)cc2)CC1
5480,9.173925197299171,nM,CHEMBL5203041,CCOC1CN(C2CCN(c3cc(OC)c(Nc4ncc(Br)c(Nc5ccc6ncnn6c5P(C)(C)=O)n4)cc3CC)CC2)C1
5481,7.540607512240769,nM,CHEMBL5203118,C=CC(=O)Nc1cccc(N2C(=O)OCc3cnc(Nc4ccc(N5CCN(C)CC5)cc4OC)nc32)c1
5482,6.448232936432229,nM,CHEMBL5203176,CCC(=O)N1CCC(Oc2nc(Nc3ccc(N4CCN(C)CC4)cc3)nc3ccsc23)CC1
5483,6.957345746832207,nM,CHEMBL5203179,COCC(=O)NC/C=C/c1ccc2ncnc(Nc3ccc(Oc4cc5nncn5cn4)c(C)c3)c2c1
5484,8.017728766960431,nM,CHEMBL5203195,C=CC(=O)N1CCC(Oc2nc(Nc3ccc(N4CCN(C)CC4)c(F)c3)ncc2Cl)CC1
5485,9.82390874094432,nM,CHEMBL5203220,CCc1cc(Nc2ncc(Br)c(Nc3ccc4c(c3P(C)(C)=O)OCO4)n2)c(OC)cc1N1CCC(N2CC(N(C)C)C2)CC1
5486,8.443697499232712,nM,CHEMBL5203267,CC(C)c1cnc(N2CC(O)C2)c2cnc(Nc3ccnc(N4CC[C@@H](O)[C@@](C)(F)C4)n3)cc12
5487,9.387216143280265,nM,CHEMBL5203385,CCc1cc(Nc2ncc(Br)c(Nc3ccc4c(c3P(C)(C)=O)OCCO4)n2)c(OC)cc1N1CCC(N2CC(CC#N)C2)CC1
5488,7.958607314841775,nM,CHEMBL5203543,CCN1CCN(c2ccc(-c3cc(Cl)c4cn(C(C(=O)Nc5nccs5)c5ncn6c5CCC6)nc4c3Cl)cc2)CC1
5489,7.055517327849831,nM,CHEMBL5203640,C=CC(=O)N1CCCC(n2nc(-c3ccc4ccccc4c3)c3c(N)ncnc32)C1
5490,6.920818753952375,nM,CHEMBL5203711,O=C(/C=C\c1ccc(OC(F)(F)F)cc1)c1ccc(Br)c2cc(-c3ccc(F)cc3)oc12
5491,6.709965388637482,nM,CHEMBL5203758,Nc1nc(-c2ccc(Br)cc2)cc(-c2cn(Cc3cccc(Cl)c3)c3ccccc23)n1
5492,6.515700160653214,nM,CHEMBL5203784,COc1cc(-c2nc3ccccc3s2)ccc1OCC(=O)NNC(=O)CN[C@@H](Cc1c[nH]cn1)C(=O)O
5493,6.443697499232712,nM,CHEMBL5203821,COc1cc(N(C)CCN(C)C)c(NC(=O)c2cccnc2)cc1Nc1nccc(-c2cn(C)c3ccccc23)n1
5494,8.236572006437063,nM,CHEMBL5204270,CN1CCC(c2ccc(-c3ccc4c(=O)n(C(C(=O)Nc5nccs5)c5ccccc5)cnc4c3)cc2)CC1
5495,6.815308569182402,nM,CHEMBL5204417,CC(=O)NNC(=O)c1csc2ncc(-c3ccc(Br)cc3)n12
5496,7.05749589383192,nM,CHEMBL5204446,COc1cc2ncnc3c2cc1OCCOCCOCCOc1ccccc1N3
5497,8.958607314841775,nM,CHEMBL5204535,C=CC(=O)Nc1ccc2ncnc(Nc3ccc4c(ccn4Cc4cccc(F)c4)c3)c2c1
5498,6.377785977033705,nM,CHEMBL5204650,NNC(=O)c1csc2nc(CN3CCOCC3)c(-c3ccc(Br)cc3)n12
5499,9.55284196865778,nM,CHEMBL5204749,CCO[C@@H]1CCN(C2CCN(c3cc(OC)c(Nc4ncc(Br)c(Nc5ccc6c(c5P(C)(C)=O)OCCO6)n4)cc3C)CC2)C1
5500,5.0,nM,CHEMBL520493,N#C/C(=C/c1ccc(O)c(O)c1)C(=O)Nc1ccccc1Cl
5501,6.873868592738016,nM,CHEMBL5204954,C=CC(=O)Nc1cccc(Nc2nc(Nc3ccc(N4CCN(CC(=O)NCCNc5cccc6c5C(=O)N(C5CCC(=O)N(C)C5=O)C6=O)CC4)cc3OC)ncc2C(F)(F)F)c1
5502,8.508638306165727,nM,CHEMBL5204970,CN1CCN(c2ccc(-c3ccc4c(=O)n(C(C(=O)Nc5nccs5)c5ccccc5)cnc4c3)cc2)CC1
5503,8.0268721464003,nM,CHEMBL5205022,C=CC(=O)Nc1cccc(-c2c(-c3ccc(N4CCN(C)CC4)cc3)[nH]c3ncnc(OCCCC)c23)c1
5504,6.293026323823822,nM,CHEMBL5205073,COc1cc2ncnc3c2cc1OCCOCCOc1c(Cl)cccc1N3
5505,7.909389292171594,nM,CHEMBL5205097,C=CC(=O)N1CCC(Oc2nc(Nc3ccc(N4CCN(C)CC4)cc3OC)nc3[nH]ccc23)CC1
5506,4.124938736608301,nM,CHEMBL520515,Nc1ncnc2c1ncn2CC(=O)c1ccccc1
5507,8.207608310501746,nM,CHEMBL5205581,CCS(=O)(=O)n1cc2c3ccc(cc31)OCCCCCCOc1cc(ccc1N1CCOCC1)Nc1ncc(Cl)c-2n1
5508,8.468521082957745,nM,CHEMBL5205583,COC1CN(c2ncc(C(C)C)c3cc(Nc4ccnc(N5CC[C@@H](O)[C@@](C)(F)C5)n4)ncc23)C1
5509,9.522878745280336,nM,CHEMBL5206110,COc1cc2ncnc3c2cc1OCCOCCOCCOc1ccc(Cl)cc1N3
5510,9.657577319177792,nM,CHEMBL5206164,COc1cc(N2CCC(N3CC(N(C)C)C3)CC2)c(C)cc1Nc1ncc(Br)c(Nc2ccc3c(c2P(C)(C)=O)OCCO3)n1
5511,7.387216143280264,nM,CHEMBL5206298,COc1cc(N(C)CCN(C)C)c(NC(=O)c2ccncn2)cc1Nc1nccc(-c2cn(CCCO)c3ccccc23)n1
5512,7.082179518006303,nM,CHEMBL5206400,COC(=O)CCc1nc2ccc(Cl)cc2[nH]c1=O
5513,7.987162775294828,nM,CHEMBL5206436,CN1CCN(c2ccc(-c3ccc4cnn(C(C(=O)Nc5nccs5)c5ccccc5)c(=O)c4c3)cc2)CC1
5514,9.69897000433602,nM,CHEMBL5206444,CC(C)c1ccc(N2CC(CS(C)(=O)=O)C2)c2cnc(Nc3ccnc(N4CC[C@@H](O)[C@@](C)(F)C4)n3)cc12
5515,5.275724130399212,nM,CHEMBL5206476,O=C1c2ccccc2CN1C(c1nc(=O)c2ccccc2[nH]1)c1cc(F)ccc1O
5516,7.560667306169737,nM,CHEMBL5206600,CCC(=O)N1CCC[C@@H](N2CC(c3cccc(F)c3Cl)=C(C)c3cnc(Nc4ccc(N5CCN(C)CC5)c(C)c4)nc32)C1
5517,8.3767507096021,nM,CHEMBL5206683,CCOc1cc(N2CCC(N3CCN(C)CC3)CC2)c(Cl)cc1Nc1ncc(Cl)c(-c2cn(S(=O)(=O)CC)c3ccccc23)n1
5518,7.939302159646388,nM,CHEMBL5206697,COc1cc2ncnc(Nc3cc(Cl)c(F)cc3O)c2cc1O
5519,10.0,nM,CHEMBL5206715,CCc1cc(Nc2ncc(Br)c(Nc3ccc4nccnc4c3P(C)(C)=O)n2)c(OC)cc1N1CCC(N2CCN(CCS(C)(=O)=O)CC2)CC1
5520,7.617622696531886,nM,CHEMBL5206775,C=CC(=O)Nc1cccc(Nc2nc(Nc3ccc(N4CCN(CCOCCNc5cccc6c5C(=O)N(C5CCC(=O)NC5=O)C6=O)CC4)cc3OC)ncc2C(F)(F)F)c1
5521,6.698970004336019,nM,CHEMBL5206805,Fc1cccc(COc2ccc(Nc3ncnc4sc5c(c34)CCCC5)cc2Cl)c1
5522,7.721246399047171,nM,CHEMBL5206817,C=CC(=O)Nc1cccc(-c2c(-c3ccc(N4CCN(C)CC4)cc3)[nH]c3ncnc(OC4CCCC4)c23)c1
5523,9.69897000433602,nM,CHEMBL5206902,CN1CCC(c2ccc(-c3ccc4ncn(C(C(=O)Nc5nccs5)c5ccccc5)c(=O)c4c3)cc2)CC1
5524,8.070581074285707,nM,CHEMBL5207083,COc1cc(N2CCC(N3CCN(C)CC3)CC2)ccc1Nc1ncc(Cl)c(-c2cn(C(C)=O)c3ccccc23)n1
5525,8.721246399047171,nM,CHEMBL5207108,CN1CCC(c2ccc(-c3cnc4ncn(C(C(=O)Nc5nccs5)c5ccccc5)c(=O)c4c3)cc2)CC1
5526,9.522878745280336,nM,CHEMBL5207390,CC(C)c1cnc(N2C[C@H](O)[C@H]2C)c2cnc(Nc3ccnc(N4CC[C@@H](O)[C@@](C)(F)C4)n3)cc12
5527,7.749579997691106,nM,CHEMBL5207462,CN1CCN(c2ccc(-c3ccc4c(=O)n(C(C(=O)Nc5nccs5)c5ccccc5)ncc4c3)cc2)CC1
5528,8.0,nM,CHEMBL52076,Nc1cc2ncnc(Nc3cccc(Br)c3)c2cn1
5529,8.440093374963887,nM,CHEMBL5207949,Clc1ccc(Nc2ncnc3[nH]ccc23)cc1Br
5530,8.221848749616356,nM,CHEMBL5208056,O=C(Nc1nccs1)C(c1ncn2c1C[C@@H](F)C2)n1cc2c(Cl)cc(-c3ccc(N4CCOCC4)cc3)c(Cl)c2n1
5531,8.301029995663981,nM,CHEMBL5208065,CN1CCN(c2ccc(-c3ccc4ccn(C(C(=O)Nc5nccs5)c5ccccc5)c(=O)c4c3)cc2)CC1
5532,6.6280090885350855,nM,CHEMBL5208312,COc1cc2ncnc3c2cc1OCCCCCCOc1cc(F)c(Cl)cc1N3
5533,5.096910013008056,nM,CHEMBL5208349,CCC/C=C/C(=O)Nc1cc(Nc2ncc(-c3cc4ccccc4n3C)c(C)n2)c(OC)cc1N(C)CCN(C)C
5534,6.027797161620936,nM,CHEMBL5208369,O=C(Nc1nccs1)C(c1cc[nH]n1)N1Cc2ccccc2C1=O
5535,4.69897000433602,nM,CHEMBL520839,CCOc1cc(/C=C(\C#N)C(N)=O)cc(CSc2ccc(C)cc2)c1O
5536,8.245575210722741,nM,CHEMBL5208416,C=CC(=O)N1CCC(Oc2nc(Nc3ccc(N4CCN(C)CC4)cc3)nc3[nH]ccc23)CC1
5537,9.142667503568733,nM,CHEMBL5208454,O=C(CCCl)Nc1ccc2ncnc(Nc3ccc4[nH]cc(Br)c4c3)c2c1
5538,6.690795820329592,nM,CHEMBL5208549,C=CC(=O)N1CCC(Oc2nc(Nc3cnn(C)c3)nc3[nH]ccc23)CC1
5539,8.67778070526608,nM,CHEMBL5208679,CC(C)c1cnc(N2CCC2)c2cnc(Nc3ccnc(N4CC[C@@H](O)[C@@](C)(F)C4)n3)cc12
5540,9.397940008672036,nM,CHEMBL5208737,CC(C)c1ccc(N2C[C@H](CS(C)(=O)=O)[C@H]2C)c2cnc(Nc3ccnc(N4CC[C@@](C)(O)[C@@H](F)C4)n3)cc12
5541,7.122513471930398,nM,CHEMBL5208825,COC(=O)CCc1nc2ccc(Br)cc2[nH]c1=O
5542,9.130768280269024,nM,CHEMBL5208907,Nc1ccc2ncnc(Nc3ccc4[nH]cc(Br)c4c3)c2c1
5543,8.504455662453552,nM,CHEMBL5209046,Cc1cc(Nc2c(C#N)cnc3ccc(NC(=O)/C=C/[C@H]4CCCN4C)cc23)ccc1Oc1cc2nncn2cn1
5544,6.376750709602099,nM,CHEMBL5209075,COc1cc(N(C)CCN(C)C)c(NC(=O)c2ccnc(Cl)c2)cc1Nc1nccc(-c2cn(C)c3ccccc23)n1
5545,10.0,nM,CHEMBL5209094,CCc1cc(Nc2ncc(Br)c(Nc3ccn4ncnc4c3P(C)(C)=O)n2)c(OC)cc1N1CCC(N2CCN(CC)CC2)CC1
5546,6.823908740944319,nM,CHEMBL5209100,N#CC1=C(c2ccccc2)Nc2c(c(-c3cccs3)nn2-c2ccccc2)C12C(=O)Nc1ccc(Br)cc12
5547,6.537602002101044,nM,CHEMBL5209276,CNC(=O)c1cnc(Nc2ccnc(N3CCC(O)CC3)n2)cc1NC(C)C
5548,8.67778070526608,nM,CHEMBL5209545,CCS(=O)(=O)n1cc(-c2nc(Nc3cc(Cl)c(N4CCC(N5CCN(C)CC5)CC4)cc3OC(C)C)ncc2Cl)c2ccccc21
5549,4.455931955649725,nM,CHEMBL521155,Nc1ncnc2c1ncn2CC(=O)c1c[nH]c2ccccc12
5550,9.160019442321657,nM,CHEMBL521571,C=CC(=O)Nc1ccc2ncnc(Cc3ccc(F)c(Br)c3)c2c1
5551,8.79997073344623,nM,CHEMBL521572,OCC(O)CN1Cc2cc3c(Nc4cccc(Br)c4)ncnc3cc21
5552,8.569924944448061,nM,CHEMBL521601,C=CC(=O)Nc1nc2c(Cc3ccc(F)c(Cl)c3)ncnc2cc1CCCCN1CCOCC1
5553,7.698970004336019,nM,CHEMBL5218459,COc1cc2ncnc(Oc3cccc(NC(=S)Nc4ccc(Cl)c(C(F)(F)F)c4)c3)c2cc1OC
5554,8.0268721464003,nM,CHEMBL5218754,CCCCOc1ncnc2[nH]c(-c3ccc(N4CCN(C)CC4)cc3)c(-c3cccc(NC(=O)CC)c3)c12
5555,9.397940008672036,nM,CHEMBL5218797,CCC(=O)Nc1cccc(-c2c(-c3ccc(N4CCN(C)CC4)cc3)[nH]c3ncn(C4CCCCC4)c(=O)c23)c1
5556,6.7544873321858505,nM,CHEMBL5218821,CCC(=O)Nc1cccc(-c2c(-c3ccccc3)[nH]c3ncnc(OC)c23)c1
5557,6.154901959985743,nM,CHEMBL521887,Cc1ccc(NC(=O)c2ccc(CN3CCN(C)CC3)cc2)cc1-c1ccc2ccncc2c1
5558,8.0,nM,CHEMBL5218990,COc1cc2ncnc(Sc3cccc(NC(=S)Nc4ccc(Br)c(C(F)(F)F)c4)c3)c2cc1OC
5559,6.990649750666878,nM,CHEMBL52197,COc1ccc2ncnc(Nc3cccc(Br)c3)c2c1
5560,8.508638306165727,nM,CHEMBL5219777,CC(=O)N[C@H]1CC[C@@H](N2C(=O)N(c3ccccc3Cl)Cc3cnc(Nc4ccc(N5CCN(C)CC5)c(C)c4)nc32)CC1
5561,9.69897000433602,nM,CHEMBL5220529,CCC(=O)Nc1cccc(-c2c(-c3ccc(N4CCN(C)CC4)cc3)[nH]c3ncnc(OCC(C)C)c23)c1
5562,10.0,nM,CHEMBL5220645,CCC(=O)Nc1cccc(-c2c(-c3ccc(N4CCN(C)CC4)cc3)[nH]c3ncnc(OC(C)C)c23)c1
5563,9.327902142064282,nM,CHEMBL5221067,N#Cc1c(NC(=O)CNc2n[nH]c3ncccc23)sc2c1CCCC2
5564,6.3979400086720375,nM,CHEMBL522116,CSCc1cc(/C=C2\C(=O)Nc3ccccc32)cc(CSC)c1O
5565,9.379968104873702,nM,CHEMBL522134,C=CC(=O)Nc1ccc2ncnc(Cc3cccc(C)c3)c2c1
5566,9.160019442321657,nM,CHEMBL522623,O=C(/C=C\Cl)Cc1cc2c(Nc3cccc(Br)c3)ncnc2cn1
5567,5.481486060122113,nM,CHEMBL522785,COc1cc2nc(Nc3cc(C)[nH]n3)nc(Nc3cccc(-c4nc5ccccc5s4)c3)c2cc1OC
5568,8.770062314092065,nM,CHEMBL522928,C=CC(=O)Nc1cc2c(Cc3ccc(F)c(Cl)c3)ncnc2cc1OCCOCCCCO
5569,4.657577319177794,nM,CHEMBL523059,CC(C)N1CCC(n2cc(CNc3cc(Cl)c4ncc(C#N)c(Nc5ccc(F)c(Cl)c5)c4c3)nn2)CC1
5570,5.146910470148135,nM,CHEMBL523122,COCCOc1cc2ncnc(Nc3c(Cl)ccc4c3OCO4)c2cc1NC(=O)[C@@H]1CCCN1
5571,5.0,nM,CHEMBL523586,NC[C@H](Cc1cccc(F)c1)NC(=O)c1cc(Br)c(-c2ccnc3[nH]ccc23)s1
5572,9.040005161671584,nM,CHEMBL524115,C=CC(=O)Cc1cc2c(Nc3cccc(Br)c3)ncnc2cn1
5573,9.119987161633228,nM,CHEMBL524117,C=CC(=O)Nc1ccc2ncnc(Cc3ccc(F)c(Cl)c3)c2n1
5574,8.92009553233328,nM,CHEMBL524132,C=C(C)C(=O)Cc1ccc2ncnc(Nc3cccc(Br)c3)c2c1
5575,7.537602002101044,nM,CHEMBL52418,CC(=O)Nc1cc2ncnc(Nc3cccc(Br)c3)c2cn1
5576,7.522878745280337,nM,CHEMBL524457,Nc1ncnc(Nc2ccc3c(cnn3Cc3cccc(F)c3)c2)c1/C=N/N1CCCCC1
5577,7.522878745280337,nM,CHEMBL52472,COc1ccc2ncncc2c1
5578,4.425968732272282,nM,CHEMBL524820,C[C@@H](O)c1c(O)cc2c(c1O)C(=O)c1c(O)cc(O)cc1C2=O
5579,5.013228265733755,nM,CHEMBL525527,COc1cc2nc(Cl)nc(Nc3ccc(S(=O)(=O)Nc4nccs4)cc3)c2cc1OC
5580,7.309803919971486,nM,CHEMBL525725,COc1ccc(/N=C/c2c(N)ncnc2Nc2ccc3c(cnn3Cc3cccc(F)c3)c2)cc1
5581,8.36001575195841,nM,CHEMBL52591,CNc1ncc2ncnc(Nc3cccc(C)c3)c2n1
5582,4.958607314841776,nM,CHEMBL527026,CCN1CCC(n2cc(CNc3cc(Cl)c4ncc(C#N)c(Nc5ccc(F)c(Cl)c5)c4c3)nn2)CC1
5583,7.7232799839535815,nM,CHEMBL52765,Nc1ccc2ncnc(Nc3cccc(Br)c3)c2c1
5584,7.958607314841775,nM,CHEMBL52784,CN(C)c1ccc2cncnc2c1
5585,6.41999931041096,nM,CHEMBL52823,Cc1cccc(Nc2ncnc3cnc(Cl)nc23)c1
5586,8.389978975335854,nM,CHEMBL52829,Cc1cccc(Nc2ncnc3cnc(N(C)C)nc23)c1
5587,9.602059991327964,nM,CHEMBL52913,C=CC(=O)Nc1ccc2c(Nc3cccc(Cl)c3)ncnc2c1
5588,4.638272163982408,nM,CHEMBL529663,COc1cc(C2=C(c3c[nH]c4ccccc34)CNC2=O)cc(OC)c1OC
5589,9.102372908709558,nM,CHEMBL53300,Nc1ccc2ncncc2c1
5590,7.880084589742009,nM,CHEMBL53310,CNc1ncc2ncnc(Nc3ccccc3)c2n1
5591,7.079981083971085,nM,CHEMBL53311,Clc1ncc2ncnc(Nc3cccc(Br)c3)c2n1
5592,7.4089353929735005,nM,CHEMBL53375,COc1cc2ncnc(Nc3cccc(Br)c3)c2cn1
5593,6.301029995663981,nM,CHEMBL533849,COc1cc2c(Nc3ccc(Br)cc3F)ncnc2cc1OCC1CCN(C)CC1.Cl
5594,7.0,nM,CHEMBL53404,CC(=O)Nc1cc2ncnc(NCc3ccccc3)c2cn1
5595,9.599980364934842,nM,CHEMBL53426,Brc1cccc(Nc2ncnc3cnc(NCCc4c[nH]cn4)nc23)c1
5596,5.563837352959244,nM,CHEMBL534948,Cc1cccc(C)c1Nc1ncc(-c2ccc(OCC3CCCN(C)C3)cc2)n2cncc12.Cl
5597,6.809045546997101,nM,CHEMBL535,CCN(CC)CCNC(=O)c1c(C)[nH]c(/C=C2\C(=O)Nc3ccc(F)cc32)c1C
5598,6.219682687859849,nM,CHEMBL53552,c1ccc(CNc2ncnc3cccnc23)cc1
5599,9.113509274827518,nM,CHEMBL53555,C=CC(=O)Nc1cc2c(Nc3ccc(F)c(Cl)c3)ncnc2cn1
5600,8.795880017344075,nM,CHEMBL53637,C=CC(=O)Nc1ccc2ncnc(Nc3cccc(Cl)c3)c2c1
5601,8.920818753952375,nM,CHEMBL53665,C=CC(=O)Nc1ccc2ncnc(Nc3ccc(F)c(Br)c3)c2n1
5602,9.040958607678906,nM,CHEMBL53690,C=CC(=O)Nc1ccc2ncnc(Nc3cccc(C(F)(F)F)c3)c2c1
5603,11.221848749616356,nM,CHEMBL53711,CN(C)c1cc2c(Nc3cccc(Br)c3)ncnc2cn1
5604,11.096910013008056,nM,CHEMBL53753,CNc1cc2c(Nc3cccc(Br)c3)ncnc2cn1
5605,9.019996628416251,nM,CHEMBL53777,CN(C)c1ncc2ncnc(Nc3cccc(Br)c3)c2n1
5606,8.819874124835946,nM,CHEMBL53831,Nc1ncc2ncnc(Nc3cccc(Br)c3)c2n1
5607,8.154901959985743,nM,CHEMBL53850,CNc1ccc2ncncc2c1
5608,5.6777807052660805,nM,CHEMBL538507,Cc1ccc(SCC(CN(C)C)C(=O)c2ccc(OCc3ccccc3)cc2)cc1C.Cl
5609,5.055517327849831,nM,CHEMBL538757,COC(=O)c1ccccc1SCC(CN(C)C)C(=O)c1ccc(OCc2ccccc2)cc1.Cl
5610,5.59999938302362,nM,CHEMBL538798,CC(C)N(CCC(=O)c1ccc2ccccc2c1)Cc1ccccc1.Cl
5611,6.337242168318426,nM,CHEMBL538814,Cl.O=[N+]([O-])c1ccc2sc3c(Nc4cccc(C(F)(F)F)c4)ncnc3c2c1
5612,6.221848749616356,nM,CHEMBL538909,N#C/C(=C/c1cc(Cc2ccccc2)c(O)c(Cc2ccccc2)c1)C(N)=O
5613,6.154901959985743,nM,CHEMBL53898,N#C/C(=C\c1ccc(O)c(O)c1)C(=O)NCCCc1ccccc1
5614,6.919987152892072,nM,CHEMBL539102,COc1ccc2ncnc(Nc3ccccc3)c2c1.Cl
5615,8.045757490560675,nM,CHEMBL53940,CNc1cc2c(Nc3ccccc3)ncnc2cn1
5616,9.327902142064282,nM,CHEMBL539822,Cl.Nc1ccc2c(c1)sc1c(Nc3cccc(Br)c3)ncnc12
5617,6.801342913045577,nM,CHEMBL540082,Cl.O=[N+]([O-])c1cccc2c1sc1c(Nc3cccc(Br)c3)ncnc12
5618,5.136677139879545,nM,CHEMBL540292,CN(C)CC(CSc1ccccc1)C(=O)c1ccc(OCc2ccccc2)cc1.Cl
5619,7.318758762624412,nM,CHEMBL540590,Cl.O=[N+]([O-])c1ccc2c(c1)sc1c(Nc3cccc(Br)c3)ncnc12
5620,7.102372908709559,nM,CHEMBL540701,C=CCOc1ccc2ncnc(Nc3ccc(OCc4ccccc4)cc3)c2c1
5621,9.318758762624412,nM,CHEMBL54088,C=CC(=O)Nc1cc2c(Nc3cccc(C)c3)ncnc2cn1
5622,9.142667503568733,nM,CHEMBL54091,C=CC(=O)Nc1cc2c(Nc3ccc(F)c(Br)c3)ncnc2cn1
5623,5.408935392973501,nM,CHEMBL541307,CN(C)CC(CNNC(N)=O)C(=O)c1ccc(OCc2ccccc2)cc1.Cl
5624,7.301029995663981,nM,CHEMBL542484,COc1cc2ncnc(Nc3ccccc3)c2cc1OC.Cl
5625,7.0,nM,CHEMBL542729,COc1ccc2ncnc(Nc3cc(OC)c(OC)c(OC)c3)c2c1.Cl
5626,6.6020599913279625,nM,CHEMBL542733,COc1ccc(Nc2ncnc3cc(OC)c(OC)cc23)cc1.Cl
5627,7.698970004336019,nM,CHEMBL542755,COc1cccc2sc3c(Nc4cccc(Br)c4)ncnc3c12.Cl
5628,6.173925197299174,nM,CHEMBL542887,C=C(CN(C)C)C(=O)c1ccc(OCc2ccccc2)c(O)c1.Cl
5629,6.522878745280337,nM,CHEMBL542891,CCOC(=O)C1CCN(CCC(=O)c2ccc(OCc3ccccc3)cc2)CC1.Cl
5630,5.055517327849831,nM,CHEMBL543361,CN(C)CC(CSCCN)C(=O)c1ccc(OCc2ccccc2)cc1.Cl
5631,4.0,nM,CHEMBL543600,CC(CN(C)C)C(=O)c1ccc(OS(=O)(=O)c2ccc(C(=O)O)cc2)cc1.Cl
5632,5.522878745280338,nM,CHEMBL543661,COc1cc(Nc2ncnc3cc(OC)c(OC)cc23)cc(OC)c1.Cl
5633,5.3979400086720375,nM,CHEMBL543669,COc1cc2ncnc(N(C)c3ccccc3)c2cc1OC.Cl
5634,6.301029995663981,nM,CHEMBL543904,COc1cc2ncnc(Nc3cc(OC)c(OC)c(OC)c3)c2cc1OC.Cl
5635,9.890084136976206,nM,CHEMBL54400,CNc1cc2ncnc(Nc3cccc(Br)c3)c2cn1
5636,5.958607314841776,nM,CHEMBL544067,C=C(CN1CCOCC1)C(=O)c1ccc(OCc2ccccc2)cc1.Cl
5637,5.958607314841776,nM,CHEMBL544074,C=C(CN1CCCCC1)C(=O)c1ccc(OCc2ccccc2)cc1.Cl
5638,5.823908740944319,nM,CHEMBL544538,C=C(CN1CCNCC1)C(=O)c1ccc(OCc2ccccc2)cc1.Cl
5639,5.675717544702307,nM,CHEMBL544640,Cl.c1ccc(Nc2[nH]cnc3c4ccccc4nc2-3)cc1
5640,6.16241156176449,nM,CHEMBL54475,Brc1cccc(Nc2ncnc3ncccc23)c1
5641,5.823908740944319,nM,CHEMBL544770,CN(C)CCC(=O)c1ccc(OCc2ccccc2)cc1.Cl
5642,6.455931955649724,nM,CHEMBL544833,COc1ccc(Nc2ncnc3cc(OC)c(OC)cc23)cc1OC.Cl
5643,6.35261702988538,nM,CHEMBL544865,COc1cc2sc3c(Nc4cccc(Br)c4)ncnc3c2cc1OC.Cl
5644,7.958607314841775,nM,CHEMBL544867,Cc1cccc(Nc2ncnc3c2sc2ccc([N+](=O)[O-])cc23)c1.Cl
5645,7.236572006437063,nM,CHEMBL544868,Cl.O=[N+]([O-])c1ccc2sc3c(Nc4ccccc4)ncnc3c2c1
5646,5.7447274948966935,nM,CHEMBL545006,Cl.O=C(CCN1CCCCC1)c1ccc(OCc2ccccc2)cc1
5647,8.681919163520226,nM,CHEMBL545315,C=CC(=O)Nc1cc2c(Nc3ccc(F)c(Cl)c3)ncnc2cc1OCCCN1CCOCC1.Cl.Cl
5648,8.397940008672037,nM,CHEMBL545541,COc1cc2ncnc(NCc3ccccc3)c2cc1OC.Cl
5649,5.835647144215564,nM,CHEMBL54784,c1ccc(CNc2ncnc3ccncc23)cc1
5650,6.920818753952375,nM,CHEMBL55150,CN(C)c1ccc2ncncc2c1
5651,6.154901959985743,nM,CHEMBL552634,C=C(CN(C)C)C(=O)c1ccc(OS(=O)(=O)c2ccc(C(=O)N(C)C)cc2)cc1.Cl
5652,6.7447274948966935,nM,CHEMBL552859,C=C(CN(C)C)C(=O)c1ccc(OCc2ccccc2)cc1.Cl
5653,6.443697499232712,nM,CHEMBL552860,CN(C)CCC(=O)c1ccc(OCc2ccccc2)c(O)c1.Cl
5654,7.627616870135667,nM,CHEMBL553,C#Cc1cccc(Nc2ncnc3cc(OCCOC)c(OCCOC)cc23)c1
5655,6.87942606879415,nM,CHEMBL553137,Cl.Cn1c2ccccc2c2ncnc(Nc3cccc(Br)c3)c21
5656,7.910094888560602,nM,CHEMBL553351,Cl.O=[N+]([O-])c1ccc2sc3c(Nc4cccc(Br)c4)ncnc3c2c1
5657,7.8202836129231,nM,CHEMBL554,CS(=O)(=O)CCNCc1ccc(-c2ccc3ncnc(Nc4ccc(OCc5cccc(F)c5)c(Cl)c4)c3c2)o1
5658,7.244125144327507,nM,CHEMBL55425,CCN(CC)CCCOc1cc2c(Nc3ccc(F)c(Cl)c3)ncnc2cc1OC
5659,7.142667503568732,nM,CHEMBL554983,Brc1cccc(Nc2[nH]cnc3c4ccccc4nc2-3)c1.Cl
5660,7.0,nM,CHEMBL555201,COc1cc2ncnc(Nc3ccc(O)cc3)c2cc1OC.Cl
5661,7.301029995663981,nM,CHEMBL555321,Cl.Clc1cccc(Nc2ncnc3ccccc23)c1
5662,6.221848749616356,nM,CHEMBL555797,COc1cc2ncnc(Nc3ccc4c(c3)CCC4)c2cc1OC.Cl
5663,7.899629454882437,nM,CHEMBL555921,COc1cccc2c1sc1c(Nc3cccc(Br)c3)ncnc12.Cl
5664,10.0,nM,CHEMBL55729,Nc1ccc2cncnc2c1
5665,6.508638306165727,nM,CHEMBL55794,COc1cc2ncnc(Nc3ccc(F)c(Cl)c3)c2cc1OCCNC(C)C
5666,7.161150909262744,nM,CHEMBL56027,COc1cc2ncnc(Nc3ccc(F)c(Cl)c3)c2cc1OCCNC(C)(CO)CO
5667,4.0,nM,CHEMBL56081,O=[N+]([O-])c1cccc(Nc2nccc(-c3cccnc3)n2)c1
5668,7.008773924307505,nM,CHEMBL56142,COc1cc2ncnc(Nc3ccc(F)c(Cl)c3)c2cc1OCCN1CCCCC1
5669,4.585026652029183,nM,CHEMBL56201,CN1C(=O)C(=C(C#N)C#N)c2cc(O)ccc21
5670,5.175223537524454,nM,CHEMBL56236,Cc1cc(C)c(C)c(-c2cc3cnc(N)nc3nc2NC(=O)NC(C)(C)C)c1C
5671,8.301029995663981,nM,CHEMBL56266,CNCC(O)COc1cc2c(Nc3ccc(F)c(Cl)c3)ncnc2cc1OC
5672,3.6478174818886377,nM,CHEMBL56281,N#CC(C#N)=Cc1cccnc1
5673,5.769551078621726,nM,CHEMBL56455,COc1ccc(CCNC(=O)/C(C#N)=C/c2ccc(O)c(O)c2)cc1OC
5674,5.513003111568178,nM,CHEMBL564829,CNC(=O)c1nn(C)c2c1C(C)(C)Cc1cnc(Nc3ccc(N4CCN(C)CC4)cc3)nc1-2
5675,8.221848749616356,nM,CHEMBL56502,COc1cc2ncnc(Nc3ccc(F)c(Cl)c3)c2cc1OCC(O)CN
5676,7.455931955649724,nM,CHEMBL56505,COc1cc2ncnc(Nc3ccc(F)c(Cl)c3)c2cc1OCCN(CCO)CCO
5677,7.638272163982407,nM,CHEMBL565467,CCC1=C2C(Nc3ccc4c(cnn4Cc4ccccc4)c3)=NC=NC2N=C1NC(=O)O[C@H]1CC[C@H](N)CC1
5678,7.67778070526608,nM,CHEMBL565714,CCC1=C2C(Nc3ccc4c(cnn4Cc4ccccc4)c3)=NC=NC2N=C1NC(=O)OCCN1CCNCC1
5679,7.397940008672037,nM,CHEMBL566337,CCC1=C2C(Nc3ccc4c(cnn4Cc4ccccc4)c3)=NC=NC2N=C1NC(=O)OCCn1ccnc1
5680,7.42021640338319,nM,CHEMBL566350,CCC1=C2C(Nc3ccc4c(cnn4Cc4ccccc4)c3)=NC=NC2N=C1NC(=O)OCCN1CCCCC1
5681,7.346787486224656,nM,CHEMBL566559,CCC1=C2C(Nc3ccc4c(cnn4Cc4ccccc4)c3)=NC=NC2N=C1NC(=O)OCC1CCCCN1
5682,7.721246399047171,nM,CHEMBL567197,CCC1=C2C(Nc3ccc4c(cnn4Cc4ccccc4)c3)=NC=NC2N=C1NC(=O)O[C@H]1CC[C@@](C)(N)CC1
5683,7.481486060122113,nM,CHEMBL567873,CCC1=C2C(Nc3ccc4c(cnn4Cc4ccccc4)c3)=NC=NC2N=C1NC(=O)OC[C@@H]1COCCN1
5684,8.096910013008056,nM,CHEMBL56912,COCCNCCOc1cc2c(Nc3ccc(F)c(Cl)c3)ncnc2cc1OC
5685,8.698970004336019,nM,CHEMBL56936,COc1cc2ncnc(Nc3ccc(F)c(Cl)c3)c2cc1OCCNCCN(C)C
5686,4.221848749616357,nM,CHEMBL56964,COc1cc2c(cc1O)NC(=O)C2=C(C#N)C#N
5687,6.0,nM,CHEMBL56983,CCN(CC)CCCCNc1ncc2cc(-c3c(Cl)cccc3Cl)c(NC(=O)Nc3ccccc3)nc2n1
5688,8.045757490560675,nM,CHEMBL569880,C=CC(=O)N1CCC[C@H]1C(=O)Nc1cc2c(Nc3ccc(F)c(Cl)c3F)ncnc2cc1OCCOC
5689,6.301029995663981,nM,CHEMBL570918,CN(/N=N/c1ccc2ncnc(Nc3cccc(Cl)c3)c2c1)C(=O)OCCCl
5690,7.886056647693163,nM,CHEMBL571040,C=CC(=O)N1CCC[C@H]1C(=O)Nc1cc2c(Nc3cccc(Cl)c3F)ncnc2cc1OCCOC
5691,3.096910013008057,nM,CHEMBL57170,COc1ccc(C=C(C#N)C#N)cc1F
5692,6.619788758288394,nM,CHEMBL571809,CC(=O)OCN(C)/N=N/c1ccc2ncnc(Nc3cccc(Cl)c3)c2c1
5693,6.200659450546418,nM,CHEMBL572028,CC(=O)OCOC(=O)N(C)/N=N/c1ccc2ncnc(Nc3cccc(Cl)c3)c2c1
5694,6.7447274948966935,nM,CHEMBL572030,C=COC(=O)N(CCN(C)C)/N=N/c1ccc2ncnc(Nc3cccc(Cl)c3)c2c1
5695,6.142667503568732,nM,CHEMBL572031,C=COC(=O)N(C)/N=N/c1ccc2ncnc(Nc3cccc(Cl)c3)c2c1
5696,5.154901959985743,nM,CHEMBL57300,N#CC(C#N)=C1CCc2c1ccc(O)c2O
5697,6.214670164989233,nM,CHEMBL57323,Cc1cccc(C)c1-c1cc2cnc(N)nc2nc1NC(=O)NC(C)(C)C
5698,6.823908740944319,nM,CHEMBL57347,CN1CCN(CCCNc2ncc3cc(-c4c(Cl)cccc4Cl)c(NC(=O)NC(C)(C)C)nc3n2)CC1
5699,6.346787486224656,nM,CHEMBL57366,CC(C)(C)NC(=O)Nc1nc2nc(N)ncc2cc1-c1c(Cl)cccc1Cl
5700,6.4089353929735005,nM,CHEMBL574058,Cc1cc(Nc2ncc3cc(-c4c(Cl)cccc4Cl)c(=O)n(C)c3n2)ccc1F
5701,6.42021640338319,nM,CHEMBL574059,Cn1c(=O)c(-c2c(Cl)cccc2Cl)cc2cnc(Nc3ccc(F)cc3)nc21
5702,4.301029995663981,nM,CHEMBL57553,Nc1cccc(Nc2nccc(-c3cccnc3)n2)c1
5703,2.8538719643217627,nM,CHEMBL57663,N#CC(C#N)=Cc1ccc(C#N)cc1
5704,4.0,nM,CHEMBL57690,c1ccc(Nc2nccc(-c3cccnc3)n2)cc1
5705,2.886056647693164,nM,CHEMBL57712,N#CC(C#N)=Cc1cc[n+]([O-])cc1
5706,7.060480747381382,nM,CHEMBL57758,COc1cc2ncnc(Nc3ccc(F)c(Cl)c3)c2cc1OCCN1CCCC1
5707,8.154901959985743,nM,CHEMBL57759,COc1cc2ncnc(Nc3ccc(F)c(Cl)c3)c2cc1OCCN(C)C
5708,7.356547323513813,nM,CHEMBL578044,CCC1=C2C(Nc3ccc4c(cnn4Cc4ccccc4)c3)=NC=NC2N=C1NC(=O)OCCC1CCNCC1
5709,6.954677021213342,nM,CHEMBL578255,CCC1=C2C(Nc3ccc4c(cnn4Cc4ccccc4)c3)=NC=NC2N=C1NC(=O)OCCN1CCOCC1
5710,7.0,nM,CHEMBL57892,COc1cc2ncnc(Nc3ccc(F)c(Cl)c3)c2cc1OCCNC(C)(C)C
5711,7.309803919971486,nM,CHEMBL57990,COc1cc2ncnc(Nc3ccc(F)c(Cl)c3)c2cc1OCCCN(C)C
5712,5.26874171439487,nM,CHEMBL58,O=C1c2c(O)ccc(O)c2C(=O)c2c(NCCNCCO)ccc(NCCNCCO)c21
5713,7.522878745280337,nM,CHEMBL583218,CCC1=C2C(Nc3ccc4c(cnn4Cc4ccccc4)c3)=NC=NC2N=C1NC(=O)OCC1CCNCC1
5714,7.638272163982407,nM,CHEMBL583403,CCC1=C2C(Nc3ccc4c(cnn4Cc4cccc(F)c4)c3)=NC=NC2N=C1NC(=O)OC[C@@H]1COCCN1
5715,6.4089353929735005,nM,CHEMBL583683,CN(/N=N/c1ccc2ncnc(Nc3cccc(Cl)c3)c2c1)C(=O)OCCl
5716,4.25469874696885,nM,CHEMBL584,Cc1c(O)cccc1C(=O)N[C@@H](CSc1ccccc1)[C@H](O)CN1C[C@H]2CCCC[C@H]2C[C@H]1C(=O)NC(C)(C)C
5717,5.148741651280925,nM,CHEMBL58436,c1cc(Nc2nccc(-c3cccnc3)n2)cc(OCCn2ccnc2)c1
5718,7.42021640338319,nM,CHEMBL584714,CCC1=C2C(Nc3ccc4c(cnn4Cc4ccccc4)c3)=NC=NC2N=C1NC(=O)OCC1CCCNC1
5719,6.099960764512675,nM,CHEMBL588119,CCCCCCCCN[C@H](C)[C@@H](O)c1ccc(SC(C)C)cc1
5720,5.033389013318066,nM,CHEMBL589068,Cc1cc(C)c(O)c(CN(Cc2ccc(O)cc2)C(=O)Nc2ccccc2)c1
5721,4.506123889147178,nM,CHEMBL589119,CCCCN(CCCC)C(=O)c1ccc(N(CCCl)CCCl)cc1
5722,4.83209218999852,nM,CHEMBL589120,CN(C(=O)c1ccc(N(CCCl)CCCl)cc1)c1ccccc1
5723,4.443697499232713,nM,CHEMBL589165,O=C1CSC(NN=C2CCCCCC2)=N1
5724,4.50265561898242,nM,CHEMBL589259,CC(C)(C)NC(=O)c1ccc(N(CCCl)CCCl)cc1
5725,4.741841806659206,nM,CHEMBL589413,CCCCN(Cc1cccc(Cl)c1O)C(=S)Nc1ccccc1
5726,4.452348341640031,nM,CHEMBL589503,O=C(NC1CCCC1)c1ccc(N(CCCl)CCCl)cc1
5727,6.173925197299174,nM,CHEMBL589560,Oc1c(Cl)cccc1CN(Cc1ccc(F)cc1)C(=S)Nc1ccccc1
5728,6.008773924307505,nM,CHEMBL589561,Oc1c(Br)cccc1CN(Cc1ccc(F)cc1)C(=S)Nc1ccccc1
5729,7.096910013008056,nM,CHEMBL589588,COc1ccc(NC(=O)c2ccc(N(CCCl)CCCl)cc2)cc1
5730,6.1249387366083,nM,CHEMBL589589,CC(C)c1ccc(NC(=O)c2ccc(N(CCCl)CCCl)cc2)cc1
5731,4.495665088197536,nM,CHEMBL589590,CCCCN(Cc1cc(Br)cc(Br)c1O)C(=S)Nc1ccccc1
5732,5.068542129310995,nM,CHEMBL589801,Cc1cccc(CN(Cc2ccc(F)cc2)C(=S)Nc2ccccc2)c1O
5733,5.381951903287908,nM,CHEMBL589809,O=C(Nc1ccccc1)N(Cc1ccc(F)cc1)Cc1cc(Cl)cc(Cl)c1O
5734,5.661543506395395,nM,CHEMBL589822,O=C1CSC(N/N=C/c2ccc(F)cc2)=N1
5735,5.7121982700697735,nM,CHEMBL589823,O=C1CSC(N/N=C/c2ccc(Cl)cc2)=N1
5736,4.936666641048251,nM,CHEMBL589825,O=C(Nc1ccccc1F)c1ccc(N(CCCl)CCCl)cc1
5737,7.486782399932061,nM,CHEMBL589826,C=CCCCCOc1cc2c(Nc3ccc(F)c(Cl)c3)ncnc2cc1OC
5738,5.826813731587726,nM,CHEMBL589830,O=C(Nc1ccc(Cl)cc1)c1ccc(N(CCCl)CCCl)cc1
5739,6.026872146400302,nM,CHEMBL589831,O=C(Nc1ccc(Br)cc1)c1ccc(N(CCCl)CCCl)cc1
5740,4.715343717211485,nM,CHEMBL589832,O=C(Nc1ccc([N+](=O)[O-])cc1)c1ccc(N(CCCl)CCCl)cc1
5741,4.756713853916554,nM,CHEMBL589847,O=C(NCc1ccccc1)c1ccc(N(CCCl)CCCl)cc1
5742,4.641874714723352,nM,CHEMBL590083,CCCCNC(=O)c1ccc(N(CCCl)CCCl)cc1
5743,6.026872146400302,nM,CHEMBL590109,NCCn1cc(-c2cc(-c3cc4ccccc4s3)c3[nH]ncc3c2)c2nc(N)ncc21
5744,5.127261172527332,nM,CHEMBL590524,O=C1CSC(N/N=C/c2cccc(Br)c2)=N1
5745,5.124360062995832,nM,CHEMBL590525,Cc1cccc(CN(Cc2ccc(O)cc2)C(=O)Nc2ccccc2)c1O
5746,5.730487055782084,nM,CHEMBL590526,O=C(Nc1ccccc1)N(Cc1ccc(O)cc1)Cc1cc(Cl)cc(Cl)c1O
5747,7.485452247339714,nM,CHEMBL590558,C#CCCCCCOc1cc2c(Nc3ccc(F)c(Cl)c3)ncnc2cc1OC
5748,8.351639989019068,nM,CHEMBL590559,C=C=CCCCCCOc1cc2c(Nc3ccc(F)c(Cl)c3)ncnc2cc1O
5749,4.629116983222395,nM,CHEMBL590568,Cc1cccc(/C=N/NC2=NC(=O)CS2)c1
5750,5.97061622231479,nM,CHEMBL590714,O=C(Nc1ccccc1)N(Cc1ccc(O)cc1)Cc1cccc(Br)c1O
5751,5.906578314837764,nM,CHEMBL590875,O=C1CSC(N/N=C/c2cc(Br)cc(Br)c2O)=N1
5752,5.326979092871104,nM,CHEMBL590876,O=C1CSC(N/N=C/c2ccc(O)cc2)=N1
5753,4.8687022034023775,nM,CHEMBL590877,O=C1CSC(N/N=C/c2cccc(F)c2)=N1
5754,8.202732459169283,nM,CHEMBL590878,Oc1cc(O)c2cc(O)c(-c3cc(O)c(O)c(O)c3)[o+]c2c1.[Cl-]
5755,4.433209087618408,nM,CHEMBL590962,CCCCN(Cc1cccc(Br)c1O)C(=O)Nc1ccccc1
5756,4.346787486224657,nM,CHEMBL59099,NCCCNC(=O)c1cccc(Nc2nccc(-c3cccnc3)n2)c1
5757,8.500312917381596,nM,CHEMBL591038,C=C=CCCCOc1cc2c(Nc3ccc(F)c(Cl)c3)ncnc2cc1O
5758,7.059981844992337,nM,CHEMBL591039,C#CCCCCOc1cc2c(Nc3ccc(F)c(Cl)c3)ncnc2cc1OC
5759,7.183758700008217,nM,CHEMBL591040,C=C=CCCCCOc1cc2c(Nc3ccc(F)c(Cl)c3)ncnc2cc1O
5760,4.574955125448612,nM,CHEMBL591050,O=C1CSC(N/N=C/c2cccc([N+](=O)[O-])c2)=N1
5761,4.713992877920526,nM,CHEMBL591051,O=C1CSC(N/N=C/c2cccc(O)c2)=N1
5762,4.3872161432802645,nM,CHEMBL591053,O=C1CSC(NN=C2CCCCC2)=N1
5763,5.040005161671584,nM,CHEMBL591213,CCCCCCOC(=O)COc1cc(O)c2c(=O)cc(-c3ccccc3)oc2c1
5764,6.251811972993799,nM,CHEMBL591288,Oc1ccc(CN(Cc2cc(Cl)cc(Cl)c2O)C(=S)Nc2ccccc2)cc1
5765,4.36441573368877,nM,CHEMBL591437,CCCCN(Cc1cccc(C)c1O)C(=S)Nc1ccccc1
5766,4.608183076386752,nM,CHEMBL591440,CCCCN(Cc1cc(Cl)cc(Cl)c1O)C(=S)Nc1ccccc1
5767,5.798876102792621,nM,CHEMBL591495,CCCCCCCCCCCCCCCCCCCCOC(=O)COc1cc(O)c2c(=O)cc(-c3ccccc3)oc2c1
5768,4.493224463393357,nM,CHEMBL591706,CCCCN(Cc1cccc(Cl)c1O)C(=O)Nc1ccccc1
5769,6.221848749616356,nM,CHEMBL591897,CN(CCN/N=N/c1ccc2ncnc(Nc3cccc(Cl)c3)c2c1)CCNS(=O)(=O)c1cccc2c(N(C)C)cccc12
5770,5.764471553092451,nM,CHEMBL591910,O=C1CSC(N/N=C/c2ccc(Br)cc2)=N1
5771,6.060480747381382,nM,CHEMBL592004,Oc1ccc(CN(Cc2cc(Br)cc(Br)c2O)C(=S)Nc2ccccc2)cc1
5772,4.96738123914928,nM,CHEMBL592139,O=C1CSC(N/N=C/c2cccc(Cl)c2)=N1
5773,4.505149978319906,nM,CHEMBL592141,COc1cccc(/C=N/NC2=NC(=O)CS2)c1
5774,5.8696662315049934,nM,CHEMBL592153,CCCCCCCCCCCCCCCCCCCCNC(=O)COc1cc(O)c2c(=O)cc(-c3ccccc3)oc2c1
5775,5.872895201635193,nM,CHEMBL592200,Oc1c(Cl)cc(Cl)cc1CN(Cc1ccc(F)cc1)C(=S)Nc1ccccc1
5776,5.7544873321858505,nM,CHEMBL592201,Oc1c(Br)cc(Br)cc1CN(Cc1ccc(F)cc1)C(=S)Nc1ccccc1
5777,4.563042669330551,nM,CHEMBL592210,Cc1cc(C)c(O)c(CN(Cc2ccc(F)cc2)C(=O)Nc2ccccc2)c1
5778,6.017728766960432,nM,CHEMBL592211,O=C(Nc1ccccc1)N(Cc1ccc(O)cc1)Cc1cccc(Cl)c1O
5779,7.54515513999149,nM,CHEMBL592215,C=C=CCCCOc1cc2c(Nc3cccc(Cl)c3)ncnc2cc1O
5780,8.596879478824182,nM,CHEMBL592216,C#CCCCOc1cc2c(Nc3ccc(F)c(Cl)c3)ncnc2cc1OC
5781,4.711974464611638,nM,CHEMBL592224,Cc1cc(C)c(O)c(CN(Cc2ccc(F)cc2)C(=S)Nc2ccccc2)c1
5782,4.568636235841013,nM,CHEMBL592240,O=C1CSC(NN=C2CCCCCCC2)=N1
5783,5.234331445240986,nM,CHEMBL592247,Cc1cc(C)c(O)c(CN(Cc2ccc(O)cc2)C(=S)Nc2ccccc2)c1
5784,5.703334809738469,nM,CHEMBL592426,O=C(Nc1ccccc1)N(Cc1ccc(F)cc1)Cc1cccc(Cl)c1O
5785,5.649751981665838,nM,CHEMBL592427,O=C(Nc1ccccc1)N(Cc1ccc(F)cc1)Cc1cccc(Br)c1O
5786,7.045757490560675,nM,CHEMBL592457,O=C1CSC(N/N=C/c2cc(Br)ccc2O)=N1
5787,7.096910013008056,nM,CHEMBL592466,Oc1ccc(CN(Cc2cccc(Cl)c2O)C(=S)Nc2ccccc2)cc1
5788,6.251811972993799,nM,CHEMBL592480,O=C1CSC(N/N=C/c2cc(Cl)ccc2O)=N1
5789,5.835647144215564,nM,CHEMBL592481,O=C1CSC(N/N=C/c2cc(Cl)cc(Cl)c2O)=N1
5790,9.769551078621726,nM,CHEMBL592617,N#CCC(=O)Nc1ccc2ncnc(Nc3cccc(Br)c3)c2c1
5791,5.486782399932061,nM,CHEMBL592707,Cc1ccc(/C=N/NC2=NC(=O)CS2)cc1
5792,5.238072161579471,nM,CHEMBL592708,COc1ccc(/C=N/NC2=NC(=O)CS2)cc1
5793,5.024108863598207,nM,CHEMBL592710,O=C(Nc1ccccc1Cl)c1ccc(N(CCCl)CCCl)cc1
5794,5.764471553092451,nM,CHEMBL592711,O=C(Nc1ccc(F)cc1)c1ccc(N(CCCl)CCCl)cc1
5795,7.752026733638194,nM,CHEMBL592713,C#CCCCOc1cc2c(Nc3cccc(Cl)c3)ncnc2cc1OC
5796,7.795880017344075,nM,CHEMBL593274,COc1cc2c(Nc3ccc(-c4nc5ccccc5s4)c(Cl)c3)ncnc2cc1OCCCN1CCN(C)CC1
5797,6.585026652029182,nM,CHEMBL593275,COc1cc2c(Nc3ccc(-c4nc5ccc(Cl)cc5s4)cc3)ncnc2cc1OCCCN1CCN(C)CC1
5798,6.173925197299174,nM,CHEMBL593292,COc1cc2ncnc(Nc3ccc(-c4nc5ccccc5s4)cc3)c2cc1OCCCN1CCN(C)CC1
5799,5.657577319177794,nM,CHEMBL593293,COc1cc2ncnc(Nc3ccc(-c4nc5ccccc5s4)cc3O)c2cc1OC
5800,6.638272163982407,nM,CHEMBL593294,COc1cc2ncnc(Nc3ccc(-c4nc5ccccc5s4)cc3O)c2cc1OCCCN1CCN(C)CC1
5801,6.698970004336019,nM,CHEMBL593306,COc1ccc2nc(-c3ccc(Nc4ncnc5cc(OCCCN6CCN(C)CC6)c(OC)cc45)cc3)sc2c1
5802,5.638272163982407,nM,CHEMBL593760,COc1cc2ncnc(Nc3ccc(-c4nc5ccccc5s4)c(F)c3)c2cc1OCCCN1CCN(C)CC1
5803,5.853871964321762,nM,CHEMBL593770,COc1cc2c(N(C)c3ccc(-c4nc5ccccc5s4)c(OC)c3)ncnc2cc1OCCCN1CCN(C)CC1
5804,8.698970004336019,nM,CHEMBL593860,COc1cc2c(Nc3ccc(-c4nc5ccccc5s4)c(OC)c3)ncnc2cc1OCCCN1CCN(C)CC1
5805,5.2076083105017466,nM,CHEMBL593909,COc1cc2c(Nc3ccc(-c4nc5ccc(Cl)cc5s4)cc3F)ncnc2cc1OCCCN1CCN(C)CC1
5806,7.823908740944319,nM,CHEMBL593911,COc1cc2ncnc(Nc3ccc(-c4nc5ccccc5s4)c(OC)c3)c2cc1OCCCN1CCN(C)CC1
5807,6.366531544420414,nM,CHEMBL593987,COc1cc2c(Nc3ccc(-c4nc5ccccc5s4)c(F)c3)ncnc2cc1OCCCN1CCN(C)CC1
5808,6.094204119632131,nM,CHEMBL594228,COc1cc2c(Nc3ccc(-c4nc5ccccc5s4)cc3F)ncnc2cc1OCCCN1CCN(C)CC1
5809,5.346787486224656,nM,CHEMBL594661,COc1cc2ncnc(Nc3ccc(-c4nc5ccccc5s4)cc3F)c2cc1OCCCN1CCN(C)CC1
5810,4.872895201635193,nM,CHEMBL594790,CCCCC(Cc1coc2nc(N)nc(N)c12)c1ccccc1OC
5811,3.9531148091622894,nM,CHEMBL594810,COc1ccccc1C(=Cc1coc2nc(=N)[nH]c(N)c12)C(C)C
5812,6.455931955649724,nM,CHEMBL595142,COc1cc2c(Nc3ccc(-c4nc5ccccc5s4)cc3O)ncnc2cc1OCCCN1CCN(C)CC1
5813,5.853871964321762,nM,CHEMBL595374,COc1cc2ncnc(Nc3ccc(-c4nc5ccccc5s4)cc3C)c2cc1OCCCN1CCN(C)CC1
5814,6.6020599913279625,nM,CHEMBL595406,COc1cc2c(Nc3ccc(-c4nc5ccccc5s4)cc3C)ncnc2cc1OCCCN1CCN(C)CC1
5815,3.795066477645856,nM,CHEMBL595497,CCCC(=Cc1coc2nc(=N)[nH]c(N)c12)c1ccccc1OC
5816,7.337242168318426,nM,CHEMBL595615,COc1cc2c(Nc3ccc(-c4nc5ccccc5s4)cc3)ncnc2cc1OCCCN1CCN(C)CC1
5817,4.739928612014926,nM,CHEMBL595757,COc1ccccc1C(Cc1coc2nc(N)nc(N)c12)C(C)C
5818,7.200659450546419,nM,CHEMBL596059,COc1cc(-c2nc3ccccc3s2)ccc1Nc1ncnc2cc(OC)c(OC)cc12
5819,7.494850021680094,nM,CHEMBL596087,COc1cc2c(Nc3ccc(-c4nc5ccccc5s4)c(C)c3)ncnc2cc1OCCCN1CCN(C)CC1
5820,8.0268721464003,nM,CHEMBL596736,COc1cc2ncnc(Nc3ccc(F)c(Cl)c3)c2cc1OCCCCC(=O)NO
5821,8.701146923590294,nM,CHEMBL596754,COc1cc2ncnc(Nc3ccc(F)c(Cl)c3)c2cc1SCCCCCCC(=O)NO
5822,7.812479279163536,nM,CHEMBL596755,COc1cc2ncnc(Nc3ccc(F)c(Cl)c3)c2cc1S(=O)(=O)CCCCCCC(=O)NO
5823,7.002613615602687,nM,CHEMBL596761,COc1cc2ncnc(NCc3ccccc3)c2cc1OCCCCCCC(=O)NO
5824,7.142667503568732,nM,CHEMBL596957,COc1cc2ncnc(NCc3ccc(Cl)c(F)c3)c2cc1OCCCCCCC(=O)NO
5825,6.1598939055432425,nM,CHEMBL597096,CCCCCCCCCCCCCCCCCCOC(=O)COc1cc(O)c2c(=O)cc(-c3ccccc3)oc2c1
5826,8.074172425375258,nM,CHEMBL597200,O=C(COc1ccc(F)cc1)Nc1ccc2ncnc(Nc3cccc(Br)c3)c2c1
5827,5.202040356262804,nM,CHEMBL597303,CCCCCCCNC(=O)COc1cc(O)c2c(=O)cc(-c3ccccc3)oc2c1
5828,5.273272790973428,nM,CHEMBL597304,CCCCCCCCNC(=O)COc1cc(O)c2c(=O)cc(-c3ccccc3)oc2c1
5829,7.627087997029894,nM,CHEMBL597402,O=C(COc1c(F)c(F)c(F)c(F)c1F)Nc1ccc2ncnc(Nc3cccc(Br)c3)c2c1
5830,5.772627557710364,nM,CHEMBL597492,COc1cc(C2=C(c3c[nH]c4ccc(I)cc34)C(=O)NC2=O)cc(OC)c1OC
5831,8.148741651280925,nM,CHEMBL597551,COc1cc2ncnc(Nc3ccc(F)c(Cl)c3)c2cc1OCCC(=O)NO
5832,7.982966660701219,nM,CHEMBL597569,COCCOc1cc2ncnc(Nc3ccc(F)c(Cl)c3)c2cc1OCCCCCCC(=O)NO
5833,5.446116973356126,nM,CHEMBL597708,CCCCCCCCCNC(=O)COc1cc(O)c2c(=O)cc(-c3ccccc3)oc2c1
5834,8.10790539730952,nM,CHEMBL597752,COc1cc2ncnc(Nc3ccc(F)c(Cl)c3)c2cc1OCCCC(=O)NO
5835,8.67778070526608,nM,CHEMBL597773,COc1cc2ncnc(Nc3ccc(F)c(Cl)c3)c2cc1NC(=O)CCCCCCC(=O)NO
5836,5.896196279044043,nM,CHEMBL597914,CCCCCCCCCCCCNC(=O)COc1cc(O)c2c(=O)cc(-c3ccccc3)oc2c1
5837,7.586700235918748,nM,CHEMBL597948,C#CCOc1cc2c(Nc3cccc(Cl)c3)ncnc2cc1OC
5838,7.829738284605043,nM,CHEMBL597949,C#CCOc1cc2c(Nc3ccc(F)c(Cl)c3)ncnc2cc1OC
5839,7.623423042943488,nM,CHEMBL597950,C=C=CCOc1cc2c(Nc3ccc(F)c(Cl)c3)ncnc2cc1O
5840,8.906578314837764,nM,CHEMBL598007,O=C(Nc1ccc2ncnc(Nc3cccc(Br)c3)c2c1)[C@@H]1O[C@H]1CN1CCCCC1
5841,4.69897000433602,nM,CHEMBL59812,CC(=O)Oc1cccc2c1c(C(=O)Nc1ccccc1)c(SSc1c(C(=O)Nc3ccccc3)c3c(OC(C)=O)cccc3n1C)n2C
5842,8.468521082957745,nM,CHEMBL598163,COc1cc2ncnc(Nc3ccc(F)c(Cl)c3)c2cc1OCCCCCC(=O)NO
5843,8.337242168318426,nM,CHEMBL598164,C#Cc1cccc(Nc2ncnc3cc(OC)c(OCCCCCC(=O)NO)cc23)c1
5844,5.764471553092451,nM,CHEMBL598305,CCCCCCCCCCCCOC(=O)COc1cc(O)c2c(=O)cc(-c3ccccc3)oc2c1
5845,5.995678626217358,nM,CHEMBL598306,CCCCCCCCCCCCCCOC(=O)COc1cc(O)c2c(=O)cc(-c3ccccc3)oc2c1
5846,7.318758762624412,nM,CHEMBL598307,CCCCCCCCCCCCCCCCOC(=O)COc1cc(O)c2c(=O)cc(-c3ccccc3)oc2c1
5847,8.508638306165727,nM,CHEMBL598377,COc1cc2ncnc(Nc3ccc(F)c(Cl)c3)c2cc1OCCCCCCC(=O)NO
5848,6.901010360598823,nM,CHEMBL598406,COc1cc2ncnc(N[C@@H](C)c3ccc(F)cc3)c2cc1OCCCCCCC(=O)NO
5849,6.211831628858833,nM,CHEMBL598407,COc1cc2ncnc(N[C@@H](C)c3ccc(Cl)cc3)c2cc1OCCCCCCC(=O)NO
5850,6.5003129173815966,nM,CHEMBL598520,CCCCCCCCCCCCCCNC(=O)COc1cc(O)c2c(=O)cc(-c3ccccc3)oc2c1
5851,8.154901959985743,nM,CHEMBL598610,COc1cc2c(Nc3ccc(F)c(Cl)c3)ncnc2cc1OCCCCCCC(=O)NO
5852,8.086186147616283,nM,CHEMBL598611,C#Cc1cccc(Nc2ncnc3cc(OCCCCCCC(=O)NO)c(OC)cc23)c1
5853,7.540607512240769,nM,CHEMBL598798,C#Cc1cc(Nc2ncnc3cc(OC)c(OCCCCCCC(=O)NO)cc23)ccc1F
5854,8.041914151478915,nM,CHEMBL598799,COc1cc2ncnc(Nc3ccc(OCc4cccc(F)c4)c(Cl)c3)c2cc1OCCCCCCC(=O)NO
5855,9.070581074285707,nM,CHEMBL599047,O=C(Cn1sc2ccccc2c1=O)Nc1ccc2ncnc(Nc3cccc(Br)c3)c2c1
5856,5.304518323509803,nM,CHEMBL599145,CCCCCCCCCOC(=O)COc1cc(O)c2c(=O)cc(-c3ccccc3)oc2c1
5857,5.619788758288394,nM,CHEMBL599388,COc1cc(-c2nc(=O)c3c([nH]2)sc2ccc(C)cc23)ccc1OCC(=O)O
5858,7.823908740944319,nM,CHEMBL599398,C#Cc1cccc(Nc2ncnc3cc(OC)c(OCCCCC(=O)NO)cc23)c1
5859,5.14086170270547,nM,CHEMBL599524,CCCCCCCOC(=O)COc1cc(O)c2c(=O)cc(-c3ccccc3)oc2c1
5860,5.507239610973163,nM,CHEMBL599728,CCCCCCCCCCOC(=O)COc1cc(O)c2c(=O)cc(-c3ccccc3)oc2c1
5861,9.431798275933003,nM,CHEMBL599863,O=C(CNC(=O)Oc1ccccc1)Nc1ccc2ncnc(Nc3cccc(Br)c3)c2c1
5862,4.663340176545581,nM,CHEMBL600048,Cc1cccc(CN(Cc2ccc(F)cc2)C(=O)Nc2ccccc2)c1O
5863,6.333482019445119,nM,CHEMBL600381,CCCCCCCCCCCCCCCCCCNC(=O)COc1cc(O)c2c(=O)cc(-c3ccccc3)oc2c1
5864,6.236572006437063,nM,CHEMBL601040,Cc1ccc(NC(=O)c2ccc(N(CCCl)CCCl)cc2)cc1
5865,7.455931955649724,nM,CHEMBL601625,CCCCCCCCCCCCCCCCNC(=O)COc1cc(O)c2c(=O)cc(-c3ccccc3)oc2c1
5866,5.950781977329819,nM,CHEMBL601828,O=C(Nc1ccccc1)N(Cc1ccc(O)cc1)Cc1cc(Br)cc(Br)c1O
5867,6.013228265733755,nM,CHEMBL602328,O=C1CSC(N/N=C/c2cc(F)ccc2O)=N1
5868,4.525346746637937,nM,CHEMBL602645,CCCN(CCC)C(=O)c1ccc(N(CCCl)CCCl)cc1
5869,7.045757490560675,nM,CHEMBL602728,O=C(Nc1cccc2ccccc12)c1ccc(N(CCCl)CCCl)cc1
5870,4.2518119729938,nM,CHEMBL602890,COc1cc(/C=C2\SC(=N)NC2=O)ccc1OCCCOc1cc(C)cc(C)c1
5871,5.240256632402275,nM,CHEMBL603,COc1cc(C(=O)NS(=O)(=O)c2ccccc2C)ccc1Cc1cn(C)c2ccc(NC(=O)OC3CCCC3)cc12
5872,5.329754146925876,nM,CHEMBL603186,O=C(Nc1ccccc1)N(Cc1ccc(F)cc1)Cc1cc(Br)cc(Br)c1O
5873,4.247951552180562,nM,CHEMBL603198,COc1ccccc1C(Cc1coc2nc(N)nc(N)c12)C1CC1
5874,9.443697499232712,nM,CHEMBL603266,O=C(Cn1sccc1=O)Nc1ccc2ncnc(Nc3cccc(Br)c3)c2c1
5875,5.233587152887601,nM,CHEMBL603968,CCCCCCCCOC(=O)COc1cc(O)c2c(=O)cc(-c3ccccc3)oc2c1
5876,6.920818753952375,nM,CHEMBL604042,Oc1ccc(CN(Cc2cccc(Br)c2O)C(=S)Nc2ccccc2)cc1
5877,7.074687908500351,nM,CHEMBL604094,O=C(CCCCCCOc1ccc2ncnc(Nc3ccc(F)c(Cl)c3)c2c1)NO
5878,5.481486060122113,nM,CHEMBL604485,COc1cc2ncnc(Nc3ccc(-c4nc5ccccc5s4)c(O)c3)c2cc1OCCCN1CCN(C)CC1
5879,5.166215625343521,nM,CHEMBL604671,O=C1CSC(N/N=C/c2ccc([N+](=O)[O-])cc2)=N1
5880,5.106793246940152,nM,CHEMBL604672,O=C(Nc1ccccc1Br)c1ccc(N(CCCl)CCCl)cc1
5881,5.443697499232713,nM,CHEMBL60472,COc1ccc2c(C(=O)Nc3ccccc3)c(SSc3c(C(=O)Nc4ccccc4)c4ccc(OC)cc4n3C)n(C)c2c1
5882,5.460923901207224,nM,CHEMBL604785,Cc1cccc(CN(Cc2ccc(O)cc2)C(=S)Nc2ccccc2)c1O
5883,3.276298106008733,nM,CHEMBL604879,CCCCC(=Cc1coc2nc(=N)[nH]c(N)c12)c1ccccc1OC
5884,7.356547323513813,nM,CHEMBL604893,COc1cc2ncnc(Nc3ccc(-c4nc5ccccc5s4)c(Cl)c3)c2cc1OCCCN1CCN(C)CC1
5885,8.033858267260968,nM,CHEMBL604914,O=C(COc1ccccc1)Nc1ccc2ncnc(Nc3cccc(Br)c3)c2c1
5886,6.136677139879545,nM,CHEMBL604992,COc1cc2c(Nc3ccc(-c4nc5ccc(F)cc5s4)cc3)ncnc2cc1OCCCN1CCN(C)CC1
5887,4.657577319177794,nM,CHEMBL605161,O=[N+]([O-])c1ccc2c(c1)S(=O)(=O)N=S2c1ccc(Br)cc1
5888,5.669586226650809,nM,CHEMBL605337,CCCCCCCCCCNC(=O)COc1cc(O)c2c(=O)cc(-c3ccccc3)oc2c1
5889,5.657577319177794,nM,CHEMBL605413,CCCC(Cc1coc2nc(N)nc(N)c12)c1ccccc1OC
5890,5.236796699629229,nM,CHEMBL605957,COc1cc(C2=C(c3c[nH]c4ccc(Br)cc34)C(=O)NC2=O)cc(OC)c1OC
5891,7.892790030352131,nM,CHEMBL605976,COc1cc2ncnc(N[C@H](C)c3ccccc3)c2cc1OCCCCCCC(=O)NO
5892,4.656788409820253,nM,CHEMBL606027,CCCCN(Cc1cccc(Br)c1O)C(=S)Nc1ccccc1
5893,6.889410289700751,nM,CHEMBL606403,CC(C)c1nsc(C(=O)Nc2ccc3ncnc(Nc4cccc(Br)c4)c3c2)n1
5894,5.853871964321762,nM,CHEMBL606413,CN(C)c1cccc2c(S(=O)(=O)NCCN/N=N/c3ccc4ncnc(Nc5cccc(Cl)c5)c4c3)cccc12
5895,6.958607314841775,nM,CHEMBL606466,COc1cc2c(Nc3ccc(-c4nc5ccccc5s4)c(O)c3)ncnc2cc1OCCCN1CCN(C)CC1
5896,6.263603497723357,nM,CHEMBL606964,COc1ccc(N2Cc3cnc(Nc4ccc(F)cc4)nc3N([C@@H]3CC[C@@H](O)C3)C2=O)cc1
5897,8.047134218335103,nM,CHEMBL607707,CCOc1cc2ncc(C#N)c(Nc3ccc(F)c(Cl)c3)c2cc1NC(=O)/C=C/CN(C)C
5898,8.096910013008056,nM,CHEMBL60826,COc1cc2ncnc(Nc3ccc(F)c(Cl)c3)c2cc1OCC(O)Cn1ccnc1
5899,6.974694134735231,nM,CHEMBL608860,CCCCCCOc1cc2c(Nc3ccc(F)c(Cl)c3)ncnc2cc1OC
5900,7.772113295386326,nM,CHEMBL609321,C=C=CCOc1cc2c(Nc3cccc(Cl)c3)ncnc2cc1O
5901,5.275724130399212,nM,CHEMBL61119,CC(=O)Oc1ccc2c(c1)c(C(=O)Nc1ccccc1)c(SSc1c(C(=O)Nc3ccccc3)c3cc(OC(C)=O)ccc3n1C)n2C
5902,5.059981844992338,nM,CHEMBL611681,CCCCCCNC(=O)COc1cc(O)c2c(=O)cc(-c3ccccc3)oc2c1
5903,6.0,nM,CHEMBL62176,CN1C(=S)C(C(=O)Nc2ccccc2)c2ccccc21
5904,6.161150909262745,nM,CHEMBL6246,O=c1oc2c(O)c(O)cc3c(=O)oc4c(O)c(O)cc1c4c23
5905,4.651695136951839,nM,CHEMBL62701,Cn1c(SSc2c(C(=O)Nc3ccccc3)c3cccnc3n2C)c(C(=O)Nc2ccccc2)c2cccnc21
5906,4.823908740944319,nM,CHEMBL62756,Nc1ncnc2c1ncn2-c1ccccc1
5907,4.0,nM,CHEMBL62843,Cn1c(SSc2c(C(=O)Nc3ccccc3)c3cccc(O)c3n2C)c(C(=O)Nc2ccccc2)c2cccc(O)c21
5908,6.301029995663981,nM,CHEMBL63356,Oc1cc2cc(-c3cccnc3)cnc2cc1O
5909,11.522878745280336,nM,CHEMBL63786,Brc1cccc(Nc2ncnc3cc4ccccc4cc23)c1
5910,5.301029995663981,nM,CHEMBL64430,Cn1c(SSc2c(C(=O)Nc3ccccc3)c3cc([N+](=O)[O-])ccc3n2C)c(C(=O)Nc2ccccc2)c2cc([N+](=O)[O-])ccc21
5911,6.325138859262189,nM,CHEMBL64894,CN(C)c1ccc(C(=C2C=CC(=[N+](C)C)C=C2)c2ccc(N(C)C)cc2)cc1.[Cl-]
5912,7.823908740944319,nM,CHEMBL65038,COc1cc2ncnc(Nc3cccc(Br)c3)c2cc1[N+](=O)[O-]
5913,8.397940008672037,nM,CHEMBL65250,C#Cc1cc(Nc2ncnc3cc(OC)c(OC)cc23)ccc1F
5914,5.85078088734462,nM,CHEMBL65848,Cc1cc(C(=O)N2CCOCC2)[nH]c1/C=C1\C(=O)Nc2ncnc(Nc3ccc4c(c3)CCC4)c21
5915,11.096910013008056,nM,CHEMBL66031,Brc1cccc(Nc2ncnc3cc4[nH]cnc4cc23)c1
5916,7.602059991327963,nM,CHEMBL66409,O=[N+]([O-])c1cc2c(Nc3cccc(Br)c3)ncnc2cc1Cl
5917,7.886056647693163,nM,CHEMBL66570,CCN1CCN(C(=O)c2cc(C)c(/C=C3\C(=O)Nc4ncnc(Nc5ccc(F)c(Cl)c5)c43)[nH]2)CC1
5918,8.744727494896694,nM,CHEMBL67003,Cc1cc(C(=O)N2CCOCC2)[nH]c1/C=C1\C(=O)Nc2ncnc(Nc3ccc4c(cnn4Cc4ccccc4)c3)c21
5919,6.154901959985743,nM,CHEMBL67027,COc1ccc(/C=C(\C#N)c2cccnc2)cc1OC
5920,8.346787486224656,nM,CHEMBL67057,Cc1cc(C(=O)N2CCOCC2)[nH]c1/C=C1\C(=O)Nc2ncnc(Nc3ccc4c(ccn4Cc4ccccc4)c3)c21
5921,6.3979400086720375,nM,CHEMBL67535,N#C/C(=C\c1ccc(O)c(O)c1)C(=O)NCCCNC(=O)/C(C#N)=C/c1ccc(O)c(O)c1
5922,7.387216143280264,nM,CHEMBL68920,Cc1cc(C)c(/C=C2\C(=O)Nc3ncnc(Nc4ccc(F)c(Cl)c4)c32)[nH]1
5923,8.229147988357855,nM,CHEMBL69071,Cc1cc(C(=O)N2CC(C)NC(C)C2)[nH]c1/C=C1\C(=O)Nc2ncnc(Nc3ccc(F)c(Cl)c3)c21
5924,8.920818753952375,nM,CHEMBL69358,CCN(CC)CCNC(=O)c1cc(C)c(/C=C2\C(=O)Nc3ncnc(Nc4ccc(F)c(Cl)c4)c32)[nH]1
5925,8.187086643357144,nM,CHEMBL69629,Cc1cc(C(=O)NCCN2CCOCC2)[nH]c1/C=C1\C(=O)Nc2ncnc(Nc3ccc(F)c(Cl)c3)c21
5926,3.795880017344076,nM,CHEMBL6976,COc1cc2c(cc1OC)Nc1ncn(C)c(=O)c1C2
5927,6.6777807052660805,nM,CHEMBL69964,Cc1cc(/C=C2\C(=O)Nc3ncnc(Nc4ccc(F)c(Cl)c4)c32)[nH]c1C(=O)N1CCN(C)CC1
5928,7.744727494896694,nM,CHEMBL69966,C#Cc1cccc(Nc2ncnc3c2/C(=C/c2[nH]c(C(=O)NCCN4CCOCC4)cc2C)C(=O)N3)c1
5929,5.332080314682639,nM,CHEMBL7002,CC1(COc2ccc(CC3SC(=O)NC3=O)cc2)CCCCC1
5930,4.539583303374265,nM,CHEMBL71,CN(C)CCCN1c2ccccc2Sc2ccc(Cl)cc21
5931,6.376750709602099,nM,CHEMBL72322,Oc1cccc(Nc2ncnc3[nH]c4c(c23)CCCC4)c1
5932,7.337242168318426,nM,CHEMBL72393,Brc1cccc(Nc2ncnc3[nH]c4c(c23)CCCC4)c1
5933,4.396779821991734,nM,CHEMBL726,OCCN1CCN(CCCN2c3ccccc3Sc3ccc(C(F)(F)F)cc32)CC1
5934,5.920818753952375,nM,CHEMBL73301,COc1cccc(Nc2ncnc3[nH]c(C)c(C)c23)c1
5935,5.896196279044043,nM,CHEMBL7339,COc1cc(O)c2c(=O)c(-c3cccc(Cl)c3)coc2c1
5936,6.769551078621726,nM,CHEMBL73406,Cc1[nH]c2ncnc(Nc3cc(Cl)cc(Cl)c3)c2c1C
5937,4.124360062995833,nM,CHEMBL73625,Cc1[nH]c2ncnc(Nc3ccccc3Cl)c2c1C
5938,6.251811972993799,nM,CHEMBL73710,Cc1[nH]c2ncnc(Nc3ccc(F)cc3)c2c1C
5939,6.3979400086720375,nM,CHEMBL74432,CNC(=O)c1ccc(S(=O)(=O)Oc2ccc(/C=C/[N+](=O)[O-])cc2)cc1
5940,6.958607314841775,nM,CHEMBL74481,Cc1ccc(Nc2ncnc3[nH]c4c(c23)CCCC4)cc1
5941,4.590066876668706,nM,CHEMBL74645,O=C(O)c1cccc(Nc2ncnc3[nH]c4c(c23)CCCC4)c1
5942,7.602059991327963,nM,CHEMBL74722,Cc1[nH]c2ncnc(Nc3cccc(Br)c3)c2c1C
5943,5.903089986991944,nM,CHEMBL74778,Cc1[nH]c2ncnc(Nc3cccc(O)c3)c2c1C
5944,5.721246399047171,nM,CHEMBL75049,Cc1[nH]c2ncnc(Nc3ccccc3)c2c1C
5945,7.537602002101044,nM,CHEMBL75177,Clc1cccc(Nc2ncnc3[nH]c4c(c23)CCCC4)c1
5946,5.154901959985743,nM,CHEMBL75188,Cc1cc(C)c(C)c(-c2cc3cnc(NCCCN4CCN(C)CC4)nc3nc2NC(=O)NC(C)(C)C)c1C
5947,6.698970004336019,nM,CHEMBL75208,Cc1[nH]c2ncnc(Nc3cccc(C#N)c3)c2c1C
5948,2.6197887582883945,nM,CHEMBL75718,N#C/C=C/c1ccc(O)cc1
5949,5.82821505944588,nM,CHEMBL75880,C1CCC(C(CC2CCCCN2)C2CCCCC2)CC1
5950,3.2518119729938,nM,CHEMBL76082,N#CC(C#N)=Cc1cc2c(cc1[N+](=O)[O-])OCO2
5951,5.6020599913279625,nM,CHEMBL76116,Cc1[nH]c2ncnc(Oc3cccc(Cl)c3)c2c1C
5952,8.522878745280337,nM,CHEMBL76432,c1ccc(-c2cc3ncnc(Nc4ccc5[nH]ccc5c4)c3s2)cc1
5953,6.301029995663981,nM,CHEMBL76444,Cc1[nH]c2ncnc(N(C)c3cccc(Cl)c3)c2c1C
5954,2.1870866433571443,nM,CHEMBL76587,N#CC(C#N)Cc1ccc(O)cc1
5955,5.257274868695302,nM,CHEMBL76599,CC(C)(C)NC(=O)Nc1nc2nc(N)ncc2cc1-c1ccccc1
5956,9.0,nM,CHEMBL76751,c1csc(-c2cc3ncnc(Nc4ccc5[nH]ccc5c4)c3s2)c1
5957,4.455931955649725,nM,CHEMBL76904,N#CC(C#N)=Cc1ccc(O)c(O)c1
5958,6.0,nM,CHEMBL76958,O=C(O)c1ccc(S(=O)(=O)Oc2ccc(/C=C/[N+](=O)[O-])cc2)cc1
5959,3.57839607313017,nM,CHEMBL76979,COc1cc(/C=C(\C#N)C(=O)O)cc(OC)c1O
5960,4.327902142064283,nM,CHEMBL76985,N#C/C(=C\c1ccc(C=O)cc1)C(=O)O
5961,4.230622673923862,nM,CHEMBL7699,O=c1c(-c2cccc(Cl)c2)coc2cc(O)ccc12
5962,4.259637310505757,nM,CHEMBL77243,CCCCc1cc(/C=C(\C#N)C(N)=O)cc(CCCC)c1O
5963,6.18243463044022,nM,CHEMBL77342,Cc1cc2cc(Nc3ccnc4cc(-c5ccc(CNCCOCCO)cc5)sc34)ccc2[nH]1
5964,8.045757490560675,nM,CHEMBL77452,OCCCNCc1ccc(-c2cc3nccc(Nc4ccc5[nH]ccc5c4)c3s2)cc1
5965,3.079354998593213,nM,CHEMBL77524,COc1ccc(/C=C(\C#N)C(=O)O)cc1
5966,3.070581074285708,nM,CHEMBL77595,N#C/C(=C\c1ccccc1)C(=O)O
5967,3.6020599913279634,nM,CHEMBL77737,N#CC(C#N)=Cc1ccncc1
5968,5.060480747381382,nM,CHEMBL7775,CN(c1ccccc1)c1cc2c(cc1Nc1ccccc1)C(=O)NC2=O
5969,8.301029995663981,nM,CHEMBL77782,CN(C)CCc1ccc(-c2cc3ncnc(Nc4ccc5[nH]ccc5c4)c3s2)cc1
5970,6.301029995663981,nM,CHEMBL77803,N#CC(C#N)=C(N)/C(C#N)=C/c1cc(O)c(O)c(Br)c1
5971,3.455931955649725,nM,CHEMBL77814,N#CC(C#N)=CNc1ccc(O)cc1
5972,3.221848749616357,nM,CHEMBL77825,COc1ccc(NN=C(C#N)C#N)cc1
5973,8.397940008672037,nM,CHEMBL78018,NCc1ccc(-c2cc3ncnc(Nc4ccc5[nH]ccc5c4)c3s2)cc1
5974,3.079354998593213,nM,CHEMBL78184,N#C/C(=C\c1ccc(F)cc1)C(=O)O
5975,6.769551078621726,nM,CHEMBL7819,COc1cc(O)c2c(=O)c(-c3cccc(Cl)c3)cn(C)c2c1
5976,5.886056647693163,nM,CHEMBL78206,CC(C)(C)NC(=O)c1ccc(S(=O)(=O)Oc2ccc(/C=C/[N+](=O)[O-])cc2)cc1
5977,4.154901959985744,nM,CHEMBL78249,N#CC(Cc1ccc(O)c(O)c1)C(=N)S
5978,7.022276394711152,nM,CHEMBL7827,O=c1c(-c2cccc(Cl)c2)coc2cc(O)cc(O)c12
5979,5.3979400086720375,nM,CHEMBL78280,CNC(=O)c1ccc(S(=O)(=O)Oc2ccc(/C=C(\C)[N+](=O)[O-])cc2OC)cc1
5980,7.193820026016113,nM,CHEMBL7866,COC(=O)Cn1cc(-c2cccc(Cl)c2)c(=O)c2c(O)cc(OC)cc21
5981,5.795880017344075,nM,CHEMBL78685,c1ccc(-c2cc3ncnc(Nc4ccc5[nH]ncc5c4)c3s2)cc1
5982,5.495257363728312,nM,CHEMBL787,CC(C)(O)c1ccccc1CC[C@@H](SCC1(CC(=O)O)CC1)c1cccc(/C=C/c2ccc3ccc(Cl)cc3n2)c1
5983,6.301029995663981,nM,CHEMBL78700,Cc1cc2cc(Nc3ccnc4cc(-c5ccc(CNCCCO)cc5)sc34)ccc2[nH]1
5984,6.6020599913279625,nM,CHEMBL79060,Cc1cc2cc(Nc3ccnc4cc(-c5ccc(CNCCN6CCNCC6)cc5)sc34)ccc2[nH]1
5985,5.6020599913279625,nM,CHEMBL7914,Cc1ccc(Nc2cc3c(cc2Nc2ccc(C)cc2)C(=O)NC3=O)cc1
5986,8.522878745280337,nM,CHEMBL79206,CN(CCO)Cc1ccc(-c2cc3nccc(Nc4ccc5[nH]ccc5c4)c3s2)cc1
5987,9.0,nM,CHEMBL79215,c1ccc(NCCN(c2cc3ncnc(Nc4ccc5[nH]ccc5c4)c3s2)n2cccc2)cc1
5988,6.154901959985743,nM,CHEMBL7939,O=C1NC(=O)c2cc(Nc3ccc(F)cc3)c(Nc3ccc(F)cc3)cc21
5989,5.347754736113256,nM,CHEMBL79704,O=C(O)CCc1c(SSc2[nH]c3ccccc3c2CCC(=O)O)[nH]c2ccccc12
5990,4.677780705266081,nM,CHEMBL79808,COC(=O)CCc1c(SSc2[nH]c3ccccc3c2CCC(=O)OC)[nH]c2ccccc12
5991,3.301029995663982,nM,CHEMBL7981,COc1cc(OC)c2c(=O)c(-c3cccc(Cl)c3)coc2c1
5992,6.638272163982407,nM,CHEMBL80030,C=C(CN(C)C)C(=O)c1ccc(OS(=O)(=O)c2ccc(C(=O)O)cc2)cc1
5993,6.0,nM,CHEMBL80164,Cc1cc2cc(Nc3ccnc4cc(-c5ccc(CNCCO)cc5)sc34)ccc2[nH]1
5994,7.0,nM,CHEMBL80302,Cc1cc2cc(Nc3ncnc4cc(-c5ccccc5)sc34)ccc2[nH]1
5995,8.522878745280337,nM,CHEMBL80540,c1cc(Nc2ccc3[nH]ccc3c2)c2sc(-c3ccc(CNCCN4CCNCC4)cc3)cc2n1
5996,4.489401376500079,nM,CHEMBL808,Clc1ccc(COC(Cn2ccnc2)c2ccc(Cl)cc2Cl)cc1
5997,8.301029995663981,nM,CHEMBL80809,CC(=O)NCCNCc1ccc(-c2cc3ncnc(Nc4ccc5[nH]ccc5c4)c3s2)cc1
5998,5.698970004336019,nM,CHEMBL8095,COc1ccc(Nc2cc3c(cc2Nc2ccccc2)C(=O)NC3=O)cc1
5999,6.853871964321762,nM,CHEMBL81375,Cc1cc2cc(Nc3ccnc4cc(-c5ccc(CN(C)CCO)cc5)sc34)ccc2[nH]1
6000,5.823908740944319,nM,CHEMBL81664,Cc1cccc2c(CCC(=O)O)c(SSc3[nH]c4c(C)cccc4c3CCC(=O)O)[nH]c12
6001,8.045757490560675,nM,CHEMBL81712,O=C(c1ccccc1)c1cc2ncnc(Nc3ccc4[nH]ccc4c3)c2s1
6002,4.301029995663981,nM,CHEMBL8223,CCN(CC)c1ccc(Nc2cc3c(cc2Nc2ccc(N(CC)CC)cc2)C(=O)NC3=O)cc1
6003,5.4494047925106734,nM,CHEMBL83,CC/C(=C(\c1ccccc1)c1ccc(OCCN(C)C)cc1)c1ccccc1
6004,4.300000029139089,nM,CHEMBL83228,COc1ccc(Nc2c(C#N)cnc3cc(OC)c(OC)cc23)cc1OC
6005,4.714442690992226,nM,CHEMBL86326,COc1ccc(/C=C2\C(=O)Nc3ccc(Cl)cc32)cc1C(C)(C)C
6006,4.536107011014093,nM,CHEMBL86531,NS(=O)(=O)c1ccc2c(c1)/C(=C/c1[nH]c3c(c1CCC(=O)O)CCCC3)C(=O)N2
6007,5.723768042078167,nM,CHEMBL86754,Oc1c(I)cc(I)c2cccnc12
6008,5.301029995663981,nM,CHEMBL87084,Oc1cc2cc(-c3ccncc3)cnc2cc1O
6009,4.721246399047172,nM,CHEMBL87746,COc1c(Br)cc(/C=C2\C(=O)Nc3ccccc32)cc1C(C)(C)C
6010,5.102372908709559,nM,CHEMBL89505,CC(C)(C)c1cc(/C=C2\C(=O)Nc3ccccc32)cc(C(C)(C)C)c1O
6011,5.022276394711152,nM,CHEMBL89723,CC(C)c1cc(/C=C2\C(=O)Nc3ccc(Cl)cc32)cc(C(C)C)c1O
6012,6.113509274827519,nM,CHEMBL89940,Nc1ccc2ncnc(Nc3ccccc3)c2c1
6013,7.075720713938119,nM,CHEMBL90540,COc1cc2ncnc(NC3CC3c3ccccc3)c2cc1OC(C)=O
6014,6.086186147616283,nM,CHEMBL90541,COc1cc2ncnc(Nc3nnc4ccccc4n3)c2cc1OC
6015,7.244125144327507,nM,CHEMBL90595,O=C(C#CCN1CCCCC1)Nc1ccc2ncnc(Nc3cccc(Br)c3)c2c1
6016,4.533785052670012,nM,CHEMBL91,Clc1ccc(COC(Cn2ccnc2)c2ccc(Cl)cc2Cl)c(Cl)c1
6017,8.045757490560675,nM,CHEMBL91009,COCC#CC(=O)Nc1ccc2ncnc(Nc3cccc(Br)c3)c2c1
6018,6.180456064458132,nM,CHEMBL91428,COc1cc2ncnc(Nc3cc4ccccc4cn3)c2cc1OC
6019,7.568636235841013,nM,CHEMBL91484,COc1cc2ncnc(NC3CC3c3ccccc3)c2cc1OCCCN(C)C
6020,6.6020599913279625,nM,CHEMBL91748,CN(C)/C=C/C(=O)Nc1ccc2ncnc(Nc3cccc(Br)c3)c2c1
6021,7.070581074285707,nM,CHEMBL91811,CC(C)N(C)CC#CC(=O)Nc1ccc2ncnc(Nc3cccc(Br)c3)c2c1
6022,4.920818753952376,nM,CHEMBL91914,O=[N+]([O-])c1ccc2c(Nc3ccccc3)ncnc2c1
6023,7.136677139879544,nM,CHEMBL91925,CCN(CC)C/C=C/C(=O)Nc1ccc2ncnc(Nc3cccc(Br)c3)c2c1
6024,9.455931955649724,nM,CHEMBL91980,Nc1ccc2c(Nc3cccc(I)c3)ncnc2c1
6025,6.892790030352132,nM,CHEMBL92174,COc1cc2ncnc(Nc3ccccc3Br)c2cc1OC
6026,7.187086643357144,nM,CHEMBL92356,CCN1CCN(CC#CC(=O)Nc2ccc3ncnc(Nc4cccc(Br)c4)c3c2)CC1
6027,6.920818753952375,nM,CHEMBL92398,COc1ccc2c(Nc3ccccc3)ncnc2c1
6028,5.255628772668139,nM,CHEMBL926,CC(CCc1ccc(O)cc1)NCCc1ccc(O)c(O)c1
6029,6.94692155651658,nM,CHEMBL92709,COc1cc2ncnc(Nc3cc(Br)cc(Br)c3)c2cc1OC
6030,7.045757490560675,nM,CHEMBL92731,CCCN(C/C=C/C(=O)Nc1ccc2ncnc(Nc3cccc(Br)c3)c2c1)CCC
6031,8.27642098432889,nM,CHEMBL92812,CNc1ccc2c(Nc3cccc(Br)c3)ncnc2c1
6032,5.946153573147748,nM,CHEMBL92882,COC/C=C/C(=O)Nc1ccc2ncnc(Nc3cccc(Br)c3)c2c1
6033,6.939302159646388,nM,CHEMBL92902,CN1CCC=C(C(=O)Nc2ccc3ncnc(Nc4cccc(Br)c4)c3c2)C1
6034,9.161150909262744,nM,CHEMBL92937,CNc1cc2ncnc(Nc3cccc(Br)c3)c2cc1N
6035,7.013228265733755,nM,CHEMBL92961,CC(C)N(CC#CC(=O)Nc1ccc2ncnc(Nc3cccc(Br)c3)c2c1)C(C)C
6036,7.251811972993799,nM,CHEMBL92985,Fc1cccc(Nc2ncnc3ccccc23)c1
6037,7.229147988357855,nM,CHEMBL93049,COCOCC#CC(=O)Nc1ccc2ncnc(Nc3cccc(Br)c3)c2c1
6038,7.823908740944319,nM,CHEMBL93051,Brc1cccc(Nc2ncnc3cc4c(cc23)OCO4)c1
6039,6.769551078621726,nM,CHEMBL93173,COc1cc2ncnc(NCc3cccc(C)c3)c2cc1OC
6040,8.0,nM,CHEMBL93181,COc1ccc2c(Nc3cccc(Br)c3)ncnc2c1
6041,6.334419008982048,nM,CHEMBL93295,COc1cc2nc(N)nc(Nc3cccc(Br)c3)c2cc1OC
6042,7.698970004336019,nM,CHEMBL93386,O=C(C#CCN1CCOCC1)Nc1ccc2ncnc(Nc3cccc(Br)c3)c2c1
6043,6.4089353929735005,nM,CHEMBL93423,COc1cc2ncnc(NC3CC3c3ccccc3)c2cc1O
6044,6.692503962086787,nM,CHEMBL93537,O=C(/C=C/CN1CCSCC1)Nc1ccc2ncnc(Nc3cccc(Br)c3)c2c1
6045,5.698970004336019,nM,CHEMBL93544,CN(C)c1cc2ncnc(Nc3cccc(Br)c3)c2cc1[N+](=O)[O-]
6046,7.275724130399211,nM,CHEMBL93545,Nc1cc2ncnc(Nc3cccc(Br)c3)c2cc1[N+](=O)[O-]
6047,6.091514981121351,nM,CHEMBL93635,O=[N+]([O-])c1ccc2c(Nc3cccc(Cl)c3)ncnc2c1
6048,7.552841968657781,nM,CHEMBL93734,CC(=O)Nc1cc2ncnc(Nc3cccc(Br)c3)c2cc1[N+](=O)[O-]
6049,5.949233688766958,nM,CHEMBL93754,O=C(/C=C/Cn1cccn1)Nc1ccc2ncnc(Nc3cccc(Br)c3)c2c1
6050,7.853871964321762,nM,CHEMBL93783,CN(C/C=C/C(=O)Nc1ccc2ncnc(Nc3cccc(Br)c3)c2c1)CCO
6051,7.187086643357144,nM,CHEMBL93784,COCC1CCCN1CC#CC(=O)Nc1ccc2ncnc(Nc3cccc(Br)c3)c2c1
6052,7.832420870460388,nM,CHEMBL939,COc1cc2ncnc(Nc3ccc(F)c(Cl)c3)c2cc1OCCCN1CCOCC1
6053,8.698970004336019,nM,CHEMBL93966,Nc1ccc2c(Nc3cccc(F)c3)ncnc2c1
6054,6.040958607678906,nM,CHEMBL94019,COc1cc2ncnc(NC3CCc4ccccc43)c2cc1OC
6055,8.698970004336019,nM,CHEMBL94062,O=C(C#CCO)Nc1ccc2ncnc(Nc3cccc(Br)c3)c2c1
6056,6.97061622231479,nM,CHEMBL94066,C=C(CN1CCOCC1)C(=O)Nc1ccc2ncnc(Nc3cccc(Br)c3)c2c1
6057,6.974694134735231,nM,CHEMBL94068,O=C(/C=C/CN1CCCCC1)Nc1ccc2ncnc(Nc3cccc(Br)c3)c2c1
6058,7.167491087293763,nM,CHEMBL94109,O=C(/C=C/CN1CCC(N2CCCCC2)CC1)Nc1ccc2ncnc(Nc3cccc(Br)c3)c2c1
6059,6.667561540084395,nM,CHEMBL94123,O=C(/C=C/N1CCOCC1)Nc1ccc2ncnc(Nc3cccc(Br)c3)c2c1
6060,6.0,nM,CHEMBL94275,O=[N+]([O-])c1ccc2c(Nc3cccc(Br)c3)ncnc2c1
6061,8.42021640338319,nM,CHEMBL94431,COc1cc2ncnc(Nc3cccc(F)c3)c2cc1OC
6062,6.856360764725457,nM,CHEMBL9470,CC(C)=CC[C@@H](O)C1=CC(=O)c2c(O)ccc(O)c2C1=O
6063,6.070581074285707,nM,CHEMBL95320,C#Cc1cccc(Nc2c(C#N)cnc3cc(OCCOC)c(OCCOC)cc23)c1
6064,5.978810700930062,nM,CHEMBL954,CCN(CC)CCOc1ccc(/C(=C(/Cl)c2ccccc2)c2ccccc2)cc1
6065,7.096910013008056,nM,CHEMBL95774,C=CC(=O)Nc1cc2c(Nc3ccc(F)c(Cl)c3)c(C#N)cnc2cc1OCCCN1CCOCC1
6066,9.050609993355089,nM,CHEMBL96065,COc1cc2ncnc(Nc3cccc(I)c3)c2cc1OC
6067,5.864231485432178,nM,CHEMBL96627,COc1ccc2ncnc(Nc3cccc(Br)c3)c2c1OC
6068,8.42021640338319,nM,CHEMBL96780,COc1cc2ncnc(Nc3cccc(Br)c3)c2cc1N
6069,7.080921907623926,nM,CHEMBL97162,COc1nccc(-c2c(-c3ccc(F)cc3)ncn2[C@H]2CC[C@H](O)CC2)n1
6070,5.119186407719209,nM,CHEMBL98798,COc1cc2ncnc(Oc3cccc(Br)c3)c2cc1OC
6071,5.982966660701219,nM,CHEMBL99024,COc1cc2ncc(C#N)c(Nc3ccc(F)c(Cl)c3)c2cc1OCCCN1CCOCC1
